Комбинезон DL 614/1;https://odetdoctora.ru/products/43852838
Комбинезон DL 614/1;https://odetdoctora.ru/products/42098437
Комбинезон DL 614;https://odetdoctora.ru/products/44112975
Комбинезон DL 614;https://odetdoctora.ru/products/44112959
Комбинезон DL 614;https://odetdoctora.ru/products/43852731
Комбинезон DL 614;https://odetdoctora.ru/products/42063749
КОМБИНЕЗОН DL 613;https://odetdoctora.ru/products/kombinezon-medicinskiy-dl613-rozovyy
КОМБИНЕЗОН DL 613;https://odetdoctora.ru/products/kombinezon-medicinskiy-dl613-bordovyy
КОМБИНЕЗОН DL 613;https://odetdoctora.ru/products/kombinezon-medicinskiy-dl613-siniy
КОМБИНЕЗОН DL 613;https://odetdoctora.ru/products/kombinezon-medicinskiy-dl613-nebesno-goluboy
КОМБИНЕЗОН DL 613;https://odetdoctora.ru/products/kombinezon-medicinskiy-dl613-belyy
КОМБИНЕЗОН DL 613;https://odetdoctora.ru/products/kombinezon-medicinskiy-dl613-seryy
Комбинезон DL 613/1;https://odetdoctora.ru/products/42098235
КОМБИНЕЗОН DL 613/1;https://odetdoctora.ru/products/41084858
КОМБИНЕЗОН DL 616;https://odetdoctora.ru/products/33489253
КОМБИНЕЗОН DL 616;https://odetdoctora.ru/products/33489238
КОМБИНЕЗОН DL 615/1;https://odetdoctora.ru/products/33493282
КОМБИНЕЗОН DL 615;https://odetdoctora.ru/products/kombinezon-medicinskiy-doclike-dl615
КОМБИНЕЗОН DL 615;https://odetdoctora.ru/products/32571794
КОМБИНЕЗОН DL 615;https://odetdoctora.ru/products/33297762
Платье DL 326;https://odetdoctora.ru/products/46423106
Платье DL 326;https://odetdoctora.ru/products/46423175
Платье DL 326;https://odetdoctora.ru/products/46423148
Платье DL 324;https://odetdoctora.ru/products/43856102
Платье DL 318/2;https://odetdoctora.ru/products/42066614
Платье DL 318/2;https://odetdoctora.ru/products/42066598
Платье DL 318/2;https://odetdoctora.ru/products/42066557
Платье DL 318/2;https://odetdoctora.ru/products/44112987
Платье DL 318/1;https://odetdoctora.ru/products/41663837
Платье DL 318/1;https://odetdoctora.ru/products/41663811
Платье DL 318/1;https://odetdoctora.ru/products/41663780
Платье DL 319;https://odetdoctora.ru/products/38050790
Платье DL 319;https://odetdoctora.ru/products/40695500
Платье DL 319/1;https://odetdoctora.ru/products/42098584
Платье DL 319/1;https://odetdoctora.ru/products/44586724
Платье DL 321;https://odetdoctora.ru/products/42066631
Платье DL 321;https://odetdoctora.ru/products/42066670
Платье DL 321;https://odetdoctora.ru/products/42066648
Платье DL 382;https://odetdoctora.ru/products/doclike-platie-medicinskoe-beloe-dl382
Платье DL 382/1;https://odetdoctora.ru/products/doclike-platie-medicinskoe-chernoe-dl382
Платье DL 392;https://odetdoctora.ru/products/doclike-platie-medicinskoe-goluboe-dl392
Платье DL 392/1;https://odetdoctora.ru/products/32628524
Платье DL 392/1;https://odetdoctora.ru/products/46637277
Платье DL 392;https://odetdoctora.ru/products/43855480
DOCLIKE ПЛАТЬЕ DL 317;https://odetdoctora.ru/products/32628563
ПЛАТЬЕ DL 316;https://odetdoctora.ru/products/33963729
ПЛАТЬЕ DL 316;https://odetdoctora.ru/products/33963744
DOCLIKE ПЛАТЬЕ;https://odetdoctora.ru/products/plate-medicinskoe-dl312-beloe
DOCLIKE ПЛАТЬЕ;https://odetdoctora.ru/products/plate-medicinskoe-dl322-goluboe
DOCLIKE ПЛАТЬЕ;https://odetdoctora.ru/products/plate-medicinskoe-beloe-doclike-dl472
DOCLIKE ПЛАТЬЕ;https://odetdoctora.ru/products/platie-medicinskoe-dl332-beloe
Платье DL 320;https://odetdoctora.ru/products/43855513
Халат DL 517;https://odetdoctora.ru/products/44113046
Халат DL 512;https://odetdoctora.ru/products/42092416
Халат DL 515/1;https://odetdoctora.ru/products/46469822
Халат DL 515;https://odetdoctora.ru/products/42066814
Халат DL 516;https://odetdoctora.ru/products/44113012
Халат DL 516;https://odetdoctora.ru/products/44113026
ХАЛАТ DL 301;https://odetdoctora.ru/products/37697112
БЛУЗА DL 493/1;https://odetdoctora.ru/products/46470799
БЛУЗА DL 493/1;https://odetdoctora.ru/products/46470769
Блуза DL 429;https://odetdoctora.ru/products/43900592
Блуза DL 429;https://odetdoctora.ru/products/43900691
Блуза DL 426;https://odetdoctora.ru/products/41663645
Блуза DL 426;https://odetdoctora.ru/products/41663733
Блуза DL 426;https://odetdoctora.ru/products/41663700
БЛУЗА DL 415;https://odetdoctora.ru/products/32571536
Блуза DL 415;https://odetdoctora.ru/products/44113154
Блуза DL 418/2;https://odetdoctora.ru/products/44589834
Блуза DL 418/1;https://odetdoctora.ru/products/44590092
БЛУЗА DL 423;https://odetdoctora.ru/products/30732177
БЛУЗА DL 423;https://odetdoctora.ru/products/36805522
БЛУЗА DL 423;https://odetdoctora.ru/products/36805497
БЛУЗА DL 423;https://odetdoctora.ru/products/36805535
БЛУЗА DL 419;https://odetdoctora.ru/products/46470720
БЛУЗА DL 419;https://odetdoctora.ru/products/40680582
БЛУЗА DL 419;https://odetdoctora.ru/products/33963703
БЛУЗА DL 419;https://odetdoctora.ru/products/36860645
БЛУЗА DL 419;https://odetdoctora.ru/products/37102852
DL 415/1;https://odetdoctora.ru/products/46776443
БЛУЗА DL 415/1;https://odetdoctora.ru/products/40680738
БЛУЗА DL 492/1;https://odetdoctora.ru/products/40700432
БЛУЗА DL 492/1;https://odetdoctora.ru/products/40700580
БЛУЗА DL 417;https://odetdoctora.ru/products/33963701
БЛУЗА DL 417;https://odetdoctora.ru/products/46470169
Блуза DL 430;https://odetdoctora.ru/products/43900828
Блуза DL 424;https://odetdoctora.ru/products/42098626
Блуза DL 424;https://odetdoctora.ru/products/42098604
БЛУЗА DL 424;https://odetdoctora.ru/products/41093674
Блуза DL 427;https://odetdoctora.ru/products/42066784
Блуза DL 427;https://odetdoctora.ru/products/42066694
Блуза DL 427;https://odetdoctora.ru/products/42066733
БЛУЗА DL 425;https://odetdoctora.ru/products/46470389
Блуза DL 425;https://odetdoctora.ru/products/43900362
Блуза DL 425;https://odetdoctora.ru/products/43900462
БЛУЗА DL 416;https://odetdoctora.ru/products/33028981
БЛУЗА DL 416;https://odetdoctora.ru/products/33298420
БЛУЗА DL 418;https://odetdoctora.ru/products/33954981
БЛУЗА DL 418;https://odetdoctora.ru/products/33955021
БЛУЗА DL 492;https://odetdoctora.ru/products/32571711
БЛУЗА DL 492;https://odetdoctora.ru/products/32571665
Блуза DL 428;https://odetdoctora.ru/products/43901805
Блуза DL 428;https://odetdoctora.ru/products/43901982
Блуза DL 428;https://odetdoctora.ru/products/43901903
БРЮКИ DL 233/1;https://odetdoctora.ru/products/40700278
DOCLIKE БРЮКИ DL 233/1;https://odetdoctora.ru/products/40700279
БРЮКИ DL 233/1;https://odetdoctora.ru/products/40700606
БРЮКИ DL 233;https://odetdoctora.ru/products/medicinskie-bryuki-golubye-uzkie-na-zavyazke-doclike-dl233
БРЮКИ DL 233;https://odetdoctora.ru/products/medicinskie-bryuki-sinie-uzkie-na-zavyazke-doclike-slimfit-dl213
БРЮКИ DL 233;https://odetdoctora.ru/products/medicinskie-bryuki-uzkie-na-zavyazke-doclike-dl213
БРЮКИ DL 233;https://odetdoctora.ru/products/medicinskie-bryuki-uzkie-na-zavyazke-doclike-slimfit-dl213
БРЮКИ DL 215;https://odetdoctora.ru/products/33029225
БРЮКИ DL 215;https://odetdoctora.ru/products/41093786
Юбка DL 130;https://odetdoctora.ru/products/44113080
БРЮКИ DL 217;https://odetdoctora.ru/products/41093830
Брюки DL 217;https://odetdoctora.ru/products/42098727
БРЮКИ DL 217;https://odetdoctora.ru/products/36219551
БРЮКИ DL 216;https://odetdoctora.ru/products/46471034
DOCLIKE брюки  DL 216;https://odetdoctora.ru/products/35319675
Брюки DL 215/1;https://odetdoctora.ru/products/43904709
Брюки DL 215/1;https://odetdoctora.ru/products/42098658
Брюки DL 215/1;https://odetdoctora.ru/products/42098694
Сарафан DL 325;https://odetdoctora.ru/products/43855740
САРАФАН DL 325;https://odetdoctora.ru/products/46471144
ФАРТУК DL 015;https://odetdoctora.ru/products/46471165
Обложки №1;https://odetdoctora.ru/products/38173113
Обложки №2;https://odetdoctora.ru/products/38173157
Обложки №3;https://odetdoctora.ru/products/38173166
Обложки №4;https://odetdoctora.ru/products/38173662
Обложки №5;https://odetdoctora.ru/products/38173669
Обложки №7;https://odetdoctora.ru/products/38173675
Обложки №8;https://odetdoctora.ru/products/38173687
Обложки №9;https://odetdoctora.ru/products/38173698
Рубашка DL 710;https://odetdoctora.ru/products/41663520
Рубашка DL 710;https://odetdoctora.ru/products/41663545
Брюки DL 810;https://odetdoctora.ru/products/41663578
Брюки DL 810;https://odetdoctora.ru/products/41663603
DOCLIKE пояс-баска;https://odetdoctora.ru/products/43915905
DOCLIKE пояс-баска;https://odetdoctora.ru/products/43915984
DOCLIKE пояс-сумка;https://odetdoctora.ru/products/43916086
DOCLIKE пояс-сумка;https://odetdoctora.ru/products/43916179
DOCLIKE пояс-сумка;https://odetdoctora.ru/products/43916389
DOCLIKE пояс;https://odetdoctora.ru/products/43916470
DOCLIKE пояс;https://odetdoctora.ru/products/43916615
DOCLIKE Пояс широкий DL050;https://odetdoctora.ru/products/30131694
DOCLIKE Пояс широкий;https://odetdoctora.ru/products/30131695
