catalog_name;stuff_name;stuff_url;stuff_descr;цена
Одежда для продавцов;Передник для продавца прорезиненный;http://formateks.ru/katalog-uniforma-dlja-personala/dlya-prodavtcov/artikul-557;Прорезиненный сарафан для продавца очень качественный и удобный фасон.Состав:Материал:Дополнительно: Фартук цвета хаки имеет спереди 2 небольших кармана удобно и ничего лишнего.;
Одежда для продавцов;Передник для продавца, нейлон;http://formateks.ru/katalog-uniforma-dlja-personala/dlya-prodavtcov/artikul-556;Удобный фартук для продавца и работников сферы обслуживания;
Одежда для продавцов;Сарафан для продавца 4 карманник, нейлон;http://formateks.ru/katalog-uniforma-dlja-personala/dlya-prodavtcov/artikul-555;Удобная одежда для продавцов и работников сферы услуг.;
Одежда для продавцов;Матрешка нейлон СИРЕНЬ;http://formateks.ru/katalog-uniforma-dlja-personala/dlya-prodavtcov/matreshka-neylon-siren;;
Одежда для продавцов;Халат нейлон КЛАПАН;http://formateks.ru/katalog-uniforma-dlja-personala/dlya-prodavtcov/khalat-neylon-klapan-2;;
Одежда для продавцов;Халат нейлон белый КЛАССИКА;http://formateks.ru/katalog-uniforma-dlja-personala/dlya-prodavtcov/khalat-neylon-belyy-klassika;;
Одежда для продавцов;Халат габардин белый без рукава ;http://formateks.ru/katalog-uniforma-dlja-personala/dlya-prodavtcov/khalat-gabardin-belyy-bez-rukava;;
Одежда для продавцов;Сарафан габардин КАРМАН НА ГРУДИ;http://formateks.ru/katalog-uniforma-dlja-personala/dlya-prodavtcov/sarafan-gabardin-karman-na-grudi;;
Одежда для продавцов;Халат нейлон Горох;http://formateks.ru/katalog-uniforma-dlja-personala/dlya-prodavtcov/khalat-neylon-gorokh;;
Одежда для продавцов;Халат нейлон Пуговицы ;http://formateks.ru/katalog-uniforma-dlja-personala/dlya-prodavtcov/khalat-neylon-pugovitcy;;
Одежда для продавцов;Сарафан нейлон Кокетка;http://formateks.ru/katalog-uniforma-dlja-personala/dlya-prodavtcov/sarafan-neylon-koketka-2;;
Одежда для продавцов;халат нейлон пройма;http://formateks.ru/katalog-uniforma-dlja-personala/dlya-prodavtcov/khalat-neylon-proyma-2;;
Одежда для продавцов;халат нейлон пройма;http://formateks.ru/katalog-uniforma-dlja-personala/dlya-prodavtcov/khalat-neylon-proyma;;
Одежда для продавцов;сарафан габардин цветок;http://formateks.ru/katalog-uniforma-dlja-personala/dlya-prodavtcov/sarafan-gabardin-tcvetok;;
Одежда для продавцов;сарафан нейлон цветок;http://formateks.ru/katalog-uniforma-dlja-personala/dlya-prodavtcov/sarafan-neylon-tcvetok;;
Одежда для продавцов;халат нейлон без ворота;http://formateks.ru/katalog-uniforma-dlja-personala/dlya-prodavtcov/khalat-neylon-bez-vorota;;
Одежда для продавцов;халат нейлон крыло;http://formateks.ru/katalog-uniforma-dlja-personala/dlya-prodavtcov/khalat-neylon-krylo;;
Одежда для продавцов;сарафан нейлон кокетка;http://formateks.ru/katalog-uniforma-dlja-personala/dlya-prodavtcov/sarafan-neylon-koketka;;
Одежда для продавцов;сарафан нейлон каприз;http://formateks.ru/katalog-uniforma-dlja-personala/dlya-prodavtcov/sarafan-neylon-kapriz;;
Одежда для продавцов;Халат габардин Косичка;http://formateks.ru/katalog-uniforma-dlja-personala/dlya-prodavtcov/khalat-gabardin-kosichka;;
Одежда для продавцов;Халат нейлон Белый;http://formateks.ru/katalog-uniforma-dlja-personala/dlya-prodavtcov/khalat-neylon-belyy;;
Одежда для продавцов;халат нейлон клапан;http://formateks.ru/katalog-uniforma-dlja-personala/dlya-prodavtcov/khalat-neylon-klapan;;
Одежда для продавцов;Фартук габардин Жилет;http://formateks.ru/katalog-uniforma-dlja-personala/dlya-prodavtcov/fartuk-gabardin-zhilet;;
Одежда для продавцов;Халат габардин Сирень;http://formateks.ru/katalog-uniforma-dlja-personala/dlya-prodavtcov/khalat-gabardin-siren;;
Одежда для продавцов;Сарафан Клепка;http://formateks.ru/katalog-uniforma-dlja-personala/dlya-prodavtcov/sarafan-klepka;"Сарафан ""Клепка""Дополнительно: Сарафан комбинированный 2 кармана впередиТкань: Габардин";
Одежда для продавцов;Сарафан продавца Матрешка;http://formateks.ru/katalog-uniforma-dlja-personala/dlya-prodavtcov/sarafan-prodavtca-matreshka;"Дополнительно: сарафан ""матрешка"" молния сбоку  2 кармана";
Одежда для продавцов;Фартук жилетка для худых(габардин);http://formateks.ru/katalog-uniforma-dlja-personala/dlya-prodavtcov/fartuk-zhiletka-dlya-khudykh-gabardin;Дополнительно: Фартук на завязках, пуговицы обманкаТкань: Габардин;
Одежда для продавцов;Халат продавца - классика;http://formateks.ru/katalog-uniforma-dlja-personala/dlya-prodavtcov/khalat-prodavtca-klassika;Дополнительно: Халат для продавца с коротким рукавом;
Одежда для продавцов;Халат продавца;http://formateks.ru/katalog-uniforma-dlja-personala/dlya-prodavtcov/khalat-prodavtca;Дополнительно: халат для продавца без рукава на молнииТкань: габардин;
Одежда для продавцов;Пилотка для продавца (голубая), габардин;http://formateks.ru/katalog-uniforma-dlja-personala/dlya-prodavtcov/pilotka-dlya-prodavtca-golubaya-gabardin;Пилотка для продавцов из габардина по очень низкой цене.;
Одежда для продавцов;Пилотка для продавца, габардин;http://formateks.ru/katalog-uniforma-dlja-personala/dlya-prodavtcov/pilotka-dlya-prodavtca-gabardin;Пилотка для продавца из габардина по очень низкой цене.;
Одежда для продавцов;Сарафан для продавца Лист 2, нейлон;http://formateks.ru/katalog-uniforma-dlja-personala/dlya-prodavtcov/sarafan-dlya-prodavtca-list-2-neylon;"Сарафан для продавца ""Лист 2"" из нейлона очень практичный и удобный сарафан для работников в сфере обслуживания.";
Одежда для продавцов;Сарафан для продавца Лилия, нейлон;http://formateks.ru/katalog-uniforma-dlja-personala/dlya-prodavtcov/sarafan-dlya-prodavtca-liliya-neylon;"Очень удобный сарафан для продавца ""Лилия"" из нейлона.";
Одежда для продавцов;Сарафан для продавца Кенгурушка, нейлон;http://formateks.ru/katalog-uniforma-dlja-personala/dlya-prodavtcov/sarafan-dlya-prodavtca-kengurushka-neylon;"Очень удобный сарафан для продавца ""Кенгурушка"" из нейлона.";
Одежда для продавцов;Сарафан для продавца Кенгуру, нейлон;http://formateks.ru/katalog-uniforma-dlja-personala/dlya-prodavtcov/sarafan-dlya-prodavtca-kenguru-neylon;"Сарафан для продавца ""Кенгуру"" из нейлона очень удобный.";
Одежда для продавцов;Сарафан для продавца с карманом на груди, нейлон;http://formateks.ru/katalog-uniforma-dlja-personala/dlya-prodavtcov/sarafan-dlya-prodavtca-s-karmanom-na-grudi-neylon;Легкий сарафан без рукавовиз нейлона.;
Одежда для продавцов;Сарафан для продавца с бантом, нейлон;http://formateks.ru/katalog-uniforma-dlja-personala/dlya-prodavtcov/sarafan-dlya-prodavtca-s-bantom-neylon;Красивые сарафаны с бантом из нейлона.;
Одежда для продавцов;Сарафан для продавца Матрешка, габардиин;http://formateks.ru/katalog-uniforma-dlja-personala/dlya-prodavtcov/sarafan-dlya-prodavtca-matreshka-gabardiin;;
Одежда для продавцов;Сарафан для продавца Клепка, габардин;http://formateks.ru/katalog-uniforma-dlja-personala/dlya-prodavtcov/sarafan-dlya-prodavtca-klepka-gabardin;"Сарафан для продавца ""Клепка"" из габардина.";
Одежда для продавцов;Сарафан для продавца Клапан, габардин;http://formateks.ru/katalog-uniforma-dlja-personala/dlya-prodavtcov/sarafan-dlya-prodavtca-klapan-gabardin;"Сарафан для продавца ""Клапан"" из габардина очень удобый и практичный материал.";
Одежда для продавцов;Козырек для продавца, габардин;http://formateks.ru/katalog-uniforma-dlja-personala/dlya-prodavtcov/kozyrek-dlya-prodavtca-gabardin;Козырек для продавца из габардина.;
Одежда для продавцов;Халат для продавца Косцха, нейлон;http://formateks.ru/katalog-uniforma-dlja-personala/dlya-prodavtcov/khalat-dlya-prodavtca-kostckha-neylon;"Халат для продавца ""Косуха"" из нейлона.";
Одежда для продавцов;Халат для продавца с коротким рукавом, нейлон;http://formateks.ru/katalog-uniforma-dlja-personala/dlya-prodavtcov/khalat-dlya-prodavtca-s-korotkim-rukavom-neylon;Халат для продавца с коротким рукавом по выгодной цене.;
Одежда для продавцов;Халат для продавца без рукава М2, нейлон;http://formateks.ru/katalog-uniforma-dlja-personala/dlya-prodavtcov/khalat-dlya-prodavtca-bez-rukava-m2-neylon;Очень удобный халат для продавца без рукава М2 из нейлона;
Одежда для продавцов;Халат для продавца без рукава, нейлон;http://formateks.ru/katalog-uniforma-dlja-personala/dlya-prodavtcov/khalat-dlya-prodavtca-bez-rukava-neylon;Халат для продавца юез рукавка из нейлона;
Одежда для продавцов;Халат для продавца комбинированный;http://formateks.ru/katalog-uniforma-dlja-personala/dlya-prodavtcov/khalat-dlya-prodavtca-kombinirovannyy;Комбинированный халат для продавца в клеточку.;
Одежда для продавцов;Халат для продавца Стюардесса, габардин;http://formateks.ru/katalog-uniforma-dlja-personala/dlya-prodavtcov/khalat-dlya-prodavtca-styuardessa-gabardin;"Очень качественный и удобный халат для продаца ""Стюардесса"" по выгодной цене.";
Одежда для продавцов;Халат для продавца Солнце, габардин;http://formateks.ru/katalog-uniforma-dlja-personala/dlya-prodavtcov/khalat-dlya-prodavtca-solntce-gabardin;"Халат ""Солнце"" для продавца из габардина.";
Одежда для продавцов;Халат для продавца с коротким рукавом, габардин;http://formateks.ru/katalog-uniforma-dlja-personala/dlya-prodavtcov/khalat-dlya-prodavtca-s-korotkim-rukavom-gabardin;Очень удобный халат с ярко красным цветом по выгодной цене.;
Одежда для продавцов;Халат для продавца классика, габардин;http://formateks.ru/katalog-uniforma-dlja-personala/dlya-prodavtcov/khalat-dlya-prodavtca-klassika-gabardin;Качественный и удобный халат для продавца по низкой цене.;
Одежда для продавцов;Халат для продавца Ласточка, габардин;http://formateks.ru/katalog-uniforma-dlja-personala/dlya-prodavtcov/khalat-dlya-prodavtca-lastochka-gabardin;"Очень удобный халат ""Ласточка"" для продавца на молнии из габардина.Состав:Материал: габардинДополнительно: халат ""Ласточка"" для продавца с 2-мя карманами по бокам и молнией по середине.";
Одежда для продавцов;Халат для продавца Ласточка, нейлон;http://formateks.ru/katalog-uniforma-dlja-personala/dlya-prodavtcov/khalat-dlya-prodavtca-lastochka-neylon;"Очень удобный для продавца халат ""Ласточка"".";
Одежда для продавцов;Фартук для продавца Школьница, нейлон;http://formateks.ru/katalog-uniforma-dlja-personala/dlya-prodavtcov/fartuk-dlya-prodavtca-shkolnitca-neylon;"Фартук для продавца ""Школьница"" очень качественный и практичный.Состав:Материал: нейлонДополнительно: Очень удобный, практичный и качественыый фартук ""Школьница"" из нейлона просто и удобно ничего лишнего.";
Одежда для продавцов;Фартук майка (клетка) для продавца. нейлон;http://formateks.ru/katalog-uniforma-dlja-personala/dlya-prodavtcov/fartuk-mayka-kletka-dlya-prodavtca-neylon;Очень удобный фартук-майка для продавца.Состав:Материал: нейлонДополнительно: Качественный фартук с сеточкой по середине с 4-мя карманами и ничего лишнего.;
Одежда для продавцов;Фартук майка (цветы) для продавца, нейлон;http://formateks.ru/katalog-uniforma-dlja-personala/dlya-prodavtcov/fartuk-mayka-dlya-prodavtca-neylon;;
Одежда для продавцов;Фартук для продавца со вставками, нейлон;http://formateks.ru/katalog-uniforma-dlja-personala/dlya-prodavtcov/fartuk-dlya-prodavtca-so-vstavkami-neylon;Фартук для продавца со вставками очень удобный и практичный.Состав:Материал: нейлонДополнительно: Фартук синего цвета со вставками с 3-мя карманами, 2-мя по бокам и одним в середине. Очень практичный и удобный сарафан для продавца ничего лишнего;
Одежда для продавцов;Фартук с оборкой для продавца, нейлон;http://formateks.ru/katalog-uniforma-dlja-personala/dlya-prodavtcov/fartuk-s-oborkoy-dlya-prodavtca-neylon;Красивый красный фартук с оборкой для продавца.Состав:Материал: нейлонДополнительно: Фартук красного цвета с белой оконтавкой сделанный из нейлона для работнико в сфере обслуживания;
Одежда для продавцов;Фартук для продавца, габардин;http://formateks.ru/katalog-uniforma-dlja-personala/dlya-prodavtcov/fartuk-dlya-prodavtca-gabardin;Очень удобный и качественный фартук для продавца из габардина.;
Одежда для продавцов;Сарафан Кенгуру для продавца, габардин;http://formateks.ru/katalog-uniforma-dlja-personala/dlya-prodavtcov/sarafan-kenguru-dlya-prodavtca-gabardin;"Сарафан ""Кенгуру"" сочетает в себе и практичноссть и удобство материала.";
Одежда для продавцов;Сарафан для продавца, нейлон;http://formateks.ru/katalog-uniforma-dlja-personala/dlya-prodavtcov/sarafan-dlya-prodavtca-neylon;Сарафан для продавца очень качественный и практичный с точки зрения износки.Состав:Материал: нейлонДополнительно: Красивый сарафан с карманом на боку.;
Одежда для продавцов;Сарафан Лист для продавца, нейлон;http://formateks.ru/katalog-uniforma-dlja-personala/dlya-prodavtcov/sarafan-list-dlya-prodavtca-neylon;"Качественный и удобный сарафан ""Лист"" для продавца.Состав:Материал: нейлонДополнительно: Сарафан ""Лист"" синего цвета с рисунком на груди и 3-мя карманами на поясе что хорошо сочетается.";
Одежда для продавцов;Сарафан для продавца с карманом на груди, габардин;http://formateks.ru/katalog-uniforma-dlja-personala/dlya-prodavtcov/sarafan-dlya-prodavtca-s-karmanom-na-grudi-gabardin;Качественный и для удобства сарафан с карманам на груди.Состав:Материал:Дополнительно: Сарафан для продавца с двумя карманами по бокам и большим карманом на груди.;
Одежда для продавцов;Сарафан для продавца с карманом на боку, габардин;http://formateks.ru/katalog-uniforma-dlja-personala/dlya-prodavtcov/sarafan-dlya-prodavtca-s-karmanom-na-boku-gabardin;Очень удобный сарафан для продавца и работников в сфере обслуживания.Состав:Материал:Дополнительно: Сарафан для продавца с 3-мя карманами и одним карманом на боку, сделанный и габардина, все что нужно для сферы торговли.;
Одежда для продавцов;Сарафан в горох для продавца, габардин;http://formateks.ru/katalog-uniforma-dlja-personala/dlya-prodavtcov/sarafan-v-gorod-dlya-prodavtca-gabardin;Очень красивый и в то же время удобный для приминения в сферы облуживания сарафан.Состав:Материал:Дополнительно: Сарафан в горох умеющий по бокам 2 кармана и сверху ремень. Сарафан подайдет как для продавцов так и для парикмахеров.;
Одежда для парикмахеров;Передник для парикмахера;http://formateks.ru/katalog-uniforma-dlja-personala/dlya-parikmakherov/perednik-dlya-parikmakhera;Очень удобный передник для парикмахера черный с синими полосками.;
Одежда для парикмахеров;Фартук со вставкой для парикмахера;http://formateks.ru/katalog-uniforma-dlja-personala/dlya-parikmakherov/fartuk-so-vstavkoy-dlya-parikmakhera;Практичный фартук со вставкой для парикмахера.;
Одежда для парикмахеров;Фартук для парикмахера Сетка;http://formateks.ru/katalog-uniforma-dlja-personala/dlya-parikmakherov/fartuk-dlya-parikmakhera-setka;"Фартук для парикмахера ""Сетка""";
Одежда для парикмахеров;Халат для парикмахера, болонь;http://formateks.ru/katalog-uniforma-dlja-personala/dlya-parikmakherov/khalat-dlya-parikmakhera-balon;Болоньевый халат для парикмахера очень удобный и практичный.;
Одежда для парикмахеров;Халат для парикмахера, жатка;http://formateks.ru/katalog-uniforma-dlja-personala/dlya-parikmakherov/khalat-dlya-parikmakhera-zhatka;очень удобный халат для парикмахера из материала жатка;
Одежда для парикмахеров;Халат для парикмахера, жатка 2;http://formateks.ru/katalog-uniforma-dlja-personala/dlya-parikmakherov/khalat-dlya-parikmakhera-zhatka-2;Халат без рукавов для парикмахера жатка 2.;
Одежда для парикмахеров;Фартук для парикмахера, тиси;http://formateks.ru/katalog-uniforma-dlja-personala/dlya-parikmakherov/fartuk-dlya-parikmakhera-tisi;Фартук для парикмахера из материала тиси.;
Одежда для парикмахеров;Фартук для парикмахера Леди;http://formateks.ru/katalog-uniforma-dlja-personala/dlya-parikmakherov/fartuk-dlya-parikmakhera-ledi;"Фартук для парикмахера ""Леди"" с рисунком на груди";
Одежда для парикмахеров;Сарафан для парикмахера, тиси;http://formateks.ru/katalog-uniforma-dlja-personala/dlya-parikmakherov/sarafan-dlya-parikmakhera-tisi;Сарафан для парикмахера из материала тиси.;
Одежда для парикмахеров;Фартук юбка для парикмахера, лайковый;http://formateks.ru/katalog-uniforma-dlja-personala/dlya-parikmakherov/fartuk-yubka-dlya-parikmakhera-laykovyy;Фартук юбка для парикмахера.;
Одежда для парикмахеров;Фартук для парикмахера комби;http://formateks.ru/katalog-uniforma-dlja-personala/dlya-parikmakherov/fartuk-dlya-parikmakhera-kombi;Очень удобный и практичный фартук для парикмахера комби.;
Одежда для парикмахеров;Фартук для парикмахера, плащевка;http://formateks.ru/katalog-uniforma-dlja-personala/dlya-parikmakherov/fartuk-dlya-parikmakhera-plaschevka;Фартук для парикмахера плащевка.;
Одежда для парикмахеров;Фартук на бретелях для парикмахера;http://formateks.ru/katalog-uniforma-dlja-personala/dlya-parikmakherov/fartuk-na-bretelyakh-dlya-parikmakhera;Очень удобный фартук для парикмахера на бретельках.;
Одежда для парикмахеров;Пояс для парикмахера;http://formateks.ru/katalog-uniforma-dlja-personala/dlya-parikmakherov/poyas-dlya-parikmakhera;Удобный пояс для парикмахера.;
Одежда для парикмахеров;Передник на бретелях для парикмахерк;http://formateks.ru/katalog-uniforma-dlja-personala/dlya-parikmakherov/perednik-na-bretelyakh-dlya-parikmakherk;Передник для парикмахера на бретельках в горошинку;
