number;category
058;Арты
060;Арты
081;Арты
086;Арты
092;Арты
096;Арты
098;Арты
111;Арты
117;Арты
142;Арты
144;Арты
159;Арты
174;Арты
179;Арты
183;Арты
185;Арты
203;Арты
246;Арты
280;Арты
285;Арты
294;Арты
053;Города, страны, гербы
054;Города, страны, гербы
055;Города, страны, гербы
056;Города, страны, гербы
089;Города, страны, гербы
090;Города, страны, гербы
121;Города, страны, гербы
158;Города, страны, гербы
166;Города, страны, гербы
177;Города, страны, гербы
184;Города, страны, гербы
192;Города, страны, гербы
193;Города, страны, гербы
235;Города, страны, гербы
236;Города, страны, гербы
237;Города, страны, гербы
238;Города, страны, гербы
239;Города, страны, гербы
240;Города, страны, гербы
241;Города, страны, гербы
242;Города, страны, гербы
243;Города, страны, гербы
244;Города, страны, гербы
245;Города, страны, гербы
293;Города, страны, гербы
002;Девушки
016;Девушки
031;Девушки
033;Девушки
065;Девушки
066;Девушки
067;Девушки
068;Девушки
069;Девушки
070;Девушки
071;Девушки
080;Девушки
150;Девушки
151;Девушки
161;Девушки
024;Еда
045;Еда
101;Еда
279;Еда
287;Еда
295;Еда
083;Единороги
167;Единороги
194;Единороги
195;Единороги
196;Единороги
046;Животные
047;Животные
052;Животные
088;Животные
124;Животные
129;Животные
130;Животные
131;Животные
135;Животные
136;Животные
137;Животные
138;Животные
139;Животные
143;Животные
152;Животные
156;Животные
164;Животные
165;Животные
198;Животные
199;Животные
200;Животные
201;Животные
253;Животные
290;Животные
291;Животные
296;Животные
001;Игры
005;Игры
006;Игры
007;Игры
010;Игры
011;Игры
012;Игры
014;Игры
015;Игры
017;Игры
027;Игры
036;Игры
048;Игры
189;Игры
191;Игры
108;Кошки
109;Кошки
110;Кошки
112;Кошки
113;Кошки
114;Кошки
115;Кошки
116;Кошки
118;Кошки
125;Кошки
004;Мода, тренды, логотипы, бренды
008;Мода, тренды, логотипы, бренды
009;Мода, тренды, логотипы, бренды
019;Мода, тренды, логотипы, бренды
020;Мода, тренды, логотипы, бренды
021;Мода, тренды, логотипы, бренды
028;Мода, тренды, логотипы, бренды
029;Мода, тренды, логотипы, бренды
030;Мода, тренды, логотипы, бренды
032;Мода, тренды, логотипы, бренды
034;Мода, тренды, логотипы, бренды
035;Мода, тренды, логотипы, бренды
037;Мода, тренды, логотипы, бренды
107;Мода, тренды, логотипы, бренды
123;Мода, тренды, логотипы, бренды
128;Мода, тренды, логотипы, бренды
140;Мода, тренды, логотипы, бренды
141;Мода, тренды, логотипы, бренды
202;Мода, тренды, логотипы, бренды
044;Мультфильмы и детские
061;Мультфильмы и детские
062;Мультфильмы и детские
079;Мультфильмы и детские
100;Мультфильмы и детские
126;Мультфильмы и детские
127;Мультфильмы и детские
133;Мультфильмы и детские
134;Мультфильмы и детские
153;Мультфильмы и детские
154;Мультфильмы и детские
155;Мультфильмы и детские
175;Мультфильмы и детские
182;Мультфильмы и детские
190;Мультфильмы и детские
038;Природа
057;Природа
059;Природа
085;Природа
087;Природа
119;Природа
120;Природа
149;Природа
162;Природа
168;Природа
171;Природа
173;Природа
178;Природа
180;Природа
181;Природа
187;Природа
188;Природа
208;Природа
209;Природа
272;Природа
275;Природа
286;Природа
103;Спорт
104;Спорт
172;Спорт
210;Спорт
211;Спорт
212;Спорт
213;Спорт
214;Спорт
215;Спорт
216;Спорт
217;Спорт
218;Спорт
219;Спорт
220;Спорт
221;Спорт
222;Спорт
223;Спорт
224;Спорт
225;Спорт
226;Спорт
227;Спорт
228;Спорт
229;Спорт
230;Спорт
231;Спорт
232;Спорт
233;Спорт
234;Спорт
247;Спорт
248;Спорт
249;Спорт
256;Спорт
257;Спорт
258;Спорт
259;Спорт
260;Спорт
261;Спорт
262;Спорт
263;Спорт
264;Спорт
265;Спорт
266;Спорт
267;Спорт
268;Спорт
269;Спорт
270;Спорт
271;Спорт
022;Текстуры, узоры, графика
023;Текстуры, узоры, графика
025;Текстуры, узоры, графика
039;Текстуры, узоры, графика
040;Текстуры, узоры, графика
043;Текстуры, узоры, графика
050;Текстуры, узоры, графика
051;Текстуры, узоры, графика
091;Текстуры, узоры, графика
093;Текстуры, узоры, графика
095;Текстуры, узоры, графика
105;Текстуры, узоры, графика
106;Текстуры, узоры, графика
132;Текстуры, узоры, графика
145;Текстуры, узоры, графика
163;Текстуры, узоры, графика
169;Текстуры, узоры, графика
170;Текстуры, узоры, графика
186;Текстуры, узоры, графика
204;Текстуры, узоры, графика
205;Текстуры, узоры, графика
206;Текстуры, узоры, графика
207;Текстуры, узоры, графика
273;Текстуры, узоры, графика
274;Текстуры, узоры, графика
276;Текстуры, узоры, графика
277;Текстуры, узоры, графика
278;Текстуры, узоры, графика
288;Текстуры, узоры, графика
289;Текстуры, узоры, графика
292;Текстуры, узоры, графика
003;Фильмы, сериалы, комиксы
013;Фильмы, сериалы, комиксы
018;Фильмы, сериалы, комиксы
026;Фильмы, сериалы, комиксы
041;Фильмы, сериалы, комиксы
042;Фильмы, сериалы, комиксы
049;Фильмы, сериалы, комиксы
063;Фильмы, сериалы, комиксы
064;Фильмы, сериалы, комиксы
072;Фильмы, сериалы, комиксы
073;Фильмы, сериалы, комиксы
074;Фильмы, сериалы, комиксы
075;Фильмы, сериалы, комиксы
076;Фильмы, сериалы, комиксы
077;Фильмы, сериалы, комиксы
078;Фильмы, сериалы, комиксы
082;Фильмы, сериалы, комиксы
084;Фильмы, сериалы, комиксы
094;Фильмы, сериалы, комиксы
097;Фильмы, сериалы, комиксы
099;Фильмы, сериалы, комиксы
102;Фильмы, сериалы, комиксы
122;Фильмы, сериалы, комиксы
146;Фильмы, сериалы, комиксы
147;Фильмы, сериалы, комиксы
148;Фильмы, сериалы, комиксы
157;Фильмы, сериалы, комиксы
160;Фильмы, сериалы, комиксы
176;Фильмы, сериалы, комиксы
197;Фильмы, сериалы, комиксы
250;Фильмы, сериалы, комиксы
251;Фильмы, сериалы, комиксы
252;Фильмы, сериалы, комиксы
254;Фильмы, сериалы, комиксы
255;Фильмы, сериалы, комиксы
281;Фильмы, сериалы, комиксы
282;Фильмы, сериалы, комиксы
283;Фильмы, сериалы, комиксы
284;Фильмы, сериалы, комиксы
