001,Принт 158 (Assassins Creed).png
002,Принт 486 (Bad Girl).png
003,Принт 880 (Batman арт).png
004,Принт 860 (BMW M Series).png
005,Принт 886 (Brawl Stars логотип).png
006,Принт 551 (Brawl Stars персонажи).png
007,Принт 430 (Brawl Stars).png
008,Принт 078 (Chanel номер 5).png
009,Принт 764 (Coca Cola).png
010,Принт 506 (CS GO Squad).png
011,Принт 439 (CS GO арт).png
012,Принт 659 (CS GO инь янь).png
013,Принт 371 (DC Heroes).png
014,Принт 097 (Fortnite арт).png
015,Принт 093 (Fortnite).png
016,Принт 135 (Frida Del Rey).png
017,Принт 275 (GTA 5).png
018,Принт 720 (IronMan).png
019,Принт 391 (Jack Daniels).png
020,Принт 710 (Likee).png
021,Принт 077 (Louis Vuitton Узор).png
022,Принт 165 (Love Kiss).png
023,Принт 187 (Love Paris).png
024,Принт 647 (M and Ms).png
025,Принт 848 (Make Up узоры).png
026,Принт 542 (Marvel Heroes).png
027,Принт 503 (Nier Automata 2B).png
028,Принт 505 (Nike).png
029,Принт 333 (Pepsi).png
030,Принт 847 (Pitbul syndicate).png
031,Принт 990 (Senpai Girl).png
032,Принт 707 (Star Wars логотип).png
033,Принт 515 (Supreme Girl).png
034,Принт 195 (Supreme).png
035,Принт 631 (SYL).png
036,Принт 875 (World Of Tanks).png
037,Принт 571 (Адидас).png
038,Принт 779 (Бабочка на синиз цветах).png
039,Принт 614 (Божьи коровки).png
040,Принт 956 (Буйство красок).png
041,Принт 944 (Бэтгерл).png
042,Принт 856 (Бэтмен).png
043,Принт 364 (Взрыв цвета).png
044,Принт 731 (Винни Пух).png
045,Принт 656 (Вишня).png
046,Принт 575 (Волк).png
047,Принт 328 (Волчий оскал).png
048,Принт 298 (Ворон Фортнайт).png
049,Принт 284 (Гарри Поттер арт).png
050,Принт 907 (Гексагональный узор).png
051,Принт 487 (Геометрические узоры).png
052,Принт 280 (Гепард).png
053,Принт 448 (Герб на фоне флага).png
054,Принт 545 (Герб России).png
055,Принт 791 (Герб с подписью).png
056,Принт 657 (Герб СССР).png
057,Принт 142 (Голубые бабочки).png
058,Принт 820 (Гомер).png
059,Принт 200 (Готическая роза).png
060,Принт 603 (Граффити).png
061,Принт 182 (Гринч).png
062,Принт 223 (Губка Боб).png
063,Принт 629 (Дарт Вейдер).png
064,Принт 274 (Дары смерти арт).png
065,Принт 145 (Девушка Арт).png
066,Принт 205 (Девушка в джинсах).png
067,Принт 744 (Девушка в красном платье арт).png
068,Принт 155 (Девушка в красном платье).png
069,Принт 413 (Девушка в цветах).png
070,Принт 934 (Девушка в шляпе).png
071,Принт 330 (Девушка с вином).png
072,Принт 261 (Дедпул арт).png
073,Принт 608 (Дедпул).png
074,Принт 741 (Джокер арт).png
075,Принт 194 (Джокер Джаред Лето).png
076,Принт 566 (Джокер Хит Леджер).png
077,Принт 411 (Джокер Хоакин Феникс).png
078,Принт 100 (Джон Уик).png
079,Принт 017 (Доктор Рик).png
080,Принт 418 (Достать звезду с неба).png
081,Принт 173 (Дракон).png
082,Принт 949 (Дроиды Star Wars).png
083,Принт 324 (Единорог).png
084,Принт 586 (Железный человек).png
085,Принт 417 (Желтая бабочка в цветах).png
086,Принт 285 (Закат арт).png
087,Принт 101 (Закат).png
088,Принт 232 (Заяц - кот).png
089,Принт 823 (Зведа).png
090,Принт 500 (Звезда СССР).png
091,Принт 580 (Золотистые контурные узоры).png
092,Принт 975 (Золотые бабочки и цветы).png
093,Принт 739 (Золотые узоры).png
094,Принт 918 (Игра престолов).png
095,Принт 676 (Игры oldschool).png
096,Принт 174 (Инь Янь).png
097,Принт 425 (Имперский штурмовик арт).png
098,Принт 172 (Инь Янь рыбы).png
099,Принт 915 (Кайло Рен).png
100,Принт 360 (Как приручить дракона).png
101,Принт 945 (Капкейк).png
102,Принт 307 (Карнаж и Дедпул).png
103,Принт 633 (Конор Макгрегор арт).png
104,Принт 804 (Конор Макгрегор).png
105,Принт 403 (Контурные узоры).png
106,Принт 666 (Коричневые узоры).png
107,Принт 241 (Корона).png
108,Принт 783 (Кот в очках).png
109,Принт 147 (Кот в фиолетовых очках).png
110,Принт 150 (Кот и луна).png
111,Принт 202 (Кот и ночной город).png
112,Принт 798 (Кот на велосипеде).png
113,Принт 889 (Котенок в шапке).png
114,Принт 800 (Котенок в шляпе стимпанк).png
115,Принт 651 (Котенок космонафт).png
116,Принт 869 (Котенок с бабочкой).png
117,Принт 533 (Котик).png
118,Принт 854 (Котята).png
119,Принт 539 (Красные розы в саду).png
120,Принт 113 (Красные розы).png
121,Принт 871 (Кремль на Красной Площади зимой).png
122,Принт 340 (Криминальное чтиво Миа).png
123,Принт 952 (Крокодил Lacoste).png
124,Принт 115 (Кролик).png
125,Принт 427 (Крутой кот в очках).png
126,Принт 160 (Кукла LOL в красном платье).png
127,Принт 852 (Кула LOL).png
128,Принт 768 (Лайки).png
129,Принт 738 (Лев арт в космосе).png
130,Принт 644 (Лев оскал).png
131,Принт 758 (Лев черно белый).png
132,Принт 626 (Лего узоры).png
133,Принт 510 (Леди Баг и Супер Кот).png
134,Принт 497 (Леди Баг).png
135,Принт 894 (Леопард арт).png
136,Принт 103 (Леопард оскал).png
137,Принт 471 (Леопард).png
138,Принт 283 (Лиса арт).png
139,Принт 986 (Лиса рисунок).png
140,Принт 502 (Логотип Apple в стиле гуччи).png
141,Принт 712 (Логотип Apple).png
142,Принт 343 (Лондон).png
143,Принт 269 (Лошадь).png
144,Принт 722 (Майкл Джексон).png
145,Принт 576 (Маки).png
146,Принт 879 (Маленький Йода).png
147,Принт 920 (Мандалорец арт).png
148,Принт 702 (Мандалорец).png
149,Принт 336 (Мелкие цветы).png
150,Принт 237 (Мерлин Монро).png
151,Принт 342 (Милая девушка).png
152,Принт 461 (Милая панда).png
153,Принт 605 (Минни Мауч).png
154,Принт 799 (Миньон).png
155,Принт 495 (Модная кукла LOL).png
156,Принт 419 (Морда льва).png
157,Принт 381 (Мстители).png
158,Принт 559 (Неоновый Герб России).png
159,Принт 518 (Огненный дракон).png
160,Принт 122 (Однажды в Голливуде).png
161,Принт 957 (Одри Хепбёрн).png
162,Принт 813 (Отдых на природе).png
163,Принт 388 (Пазлы).png
164,Принт 520 (Панда арт).png
165,Принт 954 (Пантера).png
166,Принт 290 (Париж).png
167,Принт 784 (Пегас единорог).png
168,Принт 355 (Песок с ракушками).png
169,Принт 893 (Пляжный узор).png
170,Принт 796 (Пончики).png
171,Принт 475 (Птичка в цветах).png
172,Принт 441 (ПФК ЦСКА логотип).png
173,Принт 470 (Разноцветные цветы).png
174,Принт 554 (Разум вселенной).png
175,Принт 931 (Рик и Морти).png
176,Принт 556 (Робин).png
177,Принт 227 (Родина Мать зовет).png
178,Принт 780 (Розовая бабочка в цветах).png
179,Принт 761 (Розовая роза рисунок).png
180,Принт 523 (Розовые лилии).png
181,Принт 415 (Розовые розы).png
182,Принт 781 (Русалочка).png
183,Принт 111 (Сакура).png
184,Принт 717 (Санкт-Петербург Алые Паруса).png
185,Принт 922 (Сердечки).png
186,Принт 726 (Сине золотые узоры).png
187,Принт 845 (Синие бабочки).png
188,Принт 790 (Синие цветы и бабочка).png
189,Принт 905 (Скорпион Mortal Combat).png
190,Принт 424 (Сова арт).png
191,Принт 939 (Соник арт).png
192,Принт 299 (Статуя Свободы).png
193,Принт 825 (Статуя Христа Искупителя).png
194,Принт 711 (Стикер единорог дэб).png
195,Принт 458 (Стикер единорог).png
196,Принт 469 (Стикеры единороги).png
197,Принт 181 (Терминатор арт).png
198,Принт 287 (Тигр в дыму).png
199,Принт 352 (Тигр на черном).png
200,Принт 144 (Тигр фото).png
201,Принт 453 (Тигр).png
202,Принт 410 (Тик Ток логотип).png
203,Принт 171 (Треугольник в тумане).png
204,Принт 402 (Узор из кубов).png
205,Принт 245 (Узор из цветов рисунок).png
206,Принт 154 (Узор фрукты).png
207,Принт 445 (Узоры цветы).png
208,Принт 723 (Фиолетовая бабочки).png
209,Принт 951 (Фиолетовые листья).png
210,Принт 468 (ФК Анжи логотип).png
211,Принт 938 (ФК Арсенал логотип).png
212,Принт 276 (ФК Арсенал Тула логотип).png
213,Принт 437 (ФК Ахмат логотип).png
214,Принт 455 (ФК Бавария логотип).png
215,Принт 699 (ФК Барселона логотип).png
216,Принт 548 (ФК Боруссия Дортмунд логотип).png
217,Принт 522 (ФК Динамо-Москва логотип).png
218,Принт 102 (ФК Зенит логотип).png
219,Принт 259 (ФК Краснодар логотип).png
220,Принт 639 (ФК Крылья Советов логотип).png
221,Принт 509 (ФК Ливерпуль логотип).png
222,Принт 832 (ФК Локомотив логотип).png
223,Принт 465 (ФК Манчестер Юнайтед логотип).png
224,Принт 735 (ФК Оренбург логотип).png
225,Принт 568 (ФК Реал Мадрид логотип).png
226,Принт 270 (ФК Ростов логотип).png
227,Принт 637 (ФК Рубин логотип).png
228,Принт 884 (ФК Сочи логотип).png
229,Принт 429 (ФК Спартак-Москва логотоп).png
230,Принт 120 (ФК Тамбов логотип).png
231,Принт 394 (ФК Урал логотип).png
232,Принт 932 (ФК Уфа логотип).png
233,Принт 763 (ФК Челси логотип).png
234,Принт 296 (ФК Ювентус логотип).png
235,Принт 367 (Флаг Англии).png
236,Принт 562 (Флаг Болгарии вертикальный).png
237,Принт 579 (Флаг Болгарии горизонтальный).png
238,Принт 218 (Флаг Италии вертикальный).png
239,Принт 750 (Флаг Италии горизонтальный).png
240,Принт 573 (Флаг Канады).png
241,Принт 481 (Флаг Кореи).png
242,Принт 456 (Флаг России вертикальный).png
243,Принт 685 (Флаг России геометрия).png
244,Принт 353 (Флаг России горизонтальный).png
245,Принт 867 (Флаг США).png
246,Принт 399 (Фредди Меркьюри Арт).png
247,Принт 681 (Хабиб Нурмагомедов арт).png
248,Принт 689 (Хабиб Нурмагомедов).png
249,Принт 124 (Харлей Дэвидсон арт).png
250,Принт 887 (Харли Квин и Дедпул).png
251,Принт 988 (Харли Квин мульт).png
252,Принт 107 (Харли Квин).png
253,Принт 730 (Хаски).png
254,Принт 708 (Хищник арт).png
255,Принт 140 (Хищник).png
256,Принт 963 (ХК Бостон Брюинз логотип).png
257,Принт 492 (ХК Витязь логотип).png
258,Принт 209 (ХК Детройт Ред Уингз логотип).png
259,Принт 788 (ХК Динамо Минск логотип).png
260,Принт 426 (ХК Динамо Москва логотип).png
261,Принт 948 (ХК Локомотив логотип).png
262,Принт 641 (ХК Монреаль Канадиенс логотип).png
263,Принт 395 (ХК Нью-Йорк Рейнджерс логотип).png
264,Принт 842 (ХК Северсталь логотип).png
265,Принт 777 (ХК СКА логотип).png
266,Принт 301 (ХК Сочи логотип).png
267,Принт 543 (ХК Спартак логотип).png
268,Принт 152 (ХК Торонто Мейпл Лифс логотип).png
269,Принт 667 (ХК Торпедо НН логотип).png
270,Принт 507 (ХК ЦСКА логитип).png
271,Принт 110 (ХК Чикаго Блэкхокс логотип).png
272,Принт 175 (Цвет морской волны).png
273,Принт 179 (Цветная воронка).png
274,Принт 776 (Цветные сердечки).png
275,Принт 818 (Цветы в темных тонах).png
276,Принт 890 (Цветы из красок).png
277,Принт 797 (Цветы на розовом фоне).png
278,Принт 387 (Цветы орнамент).png
279,Принт 701 (Цитрусы).png
280,Принт 322 (Цой).png
281,Принт 646 (Человек Паук арт).png
282,Принт 611 (Человек Паук против Венома).png
283,Принт 970 (Человек Паук через вселенные).png
284,Принт 321 (Челолвек Паук).png
285,Принт 636 (Череп в цветах).png
286,Принт 188 (Черепахи в волне).png
287,Принт 289 (Черника).png
288,Принт 309 (Черно белые бабочки и цветы).png
289,Принт 923 (Черно белые узоры).png
290,Принт 753 (Черно белый лев).png
291,Принт 265 (Черно белый тигр арт).png
292,Принт 467 (Черно фиолетовый космос).png
293,Принт 930 (Эйфелева башня).png
294,Принт 356 (Юрий Гагарин).png
295,Принт 757 (Ягоды).png
296,Принт 494 (Ящерица в очках).png
