NamePrint;Theme
Принт 158 (Assassins Creed).png;Игры
Принт 486 (Bad Girl).png;Девушки
Принт 880 (Batman арт).png;Фильмы, сериалы, комиксы
Принт 860 (BMW M Series).png;Мода, тренды, логотипы, бренды
Принт 886 (Brawl Stars логотип).png;Игры
Принт 551 (Brawl Stars персонажи).png;Игры
Принт 430 (Brawl Stars).png;Игры
Принт 078 (Chanel номер 5).png;Мода, тренды, логотипы, бренды
Принт 764 (Coca Cola).png;Мода, тренды, логотипы, бренды
Принт 506 (CS GO Squad).png;Игры
Принт 439 (CS GO арт).png;Игры
Принт 659 (CS GO инь янь).png;Игры
Принт 371 (DC Heroes).png;Фильмы, сериалы, комиксы
Принт 097 (Fortnite арт).png;Игры
Принт 093 (Fortnite).png;Игры
Принт 135 (Frida Del Rey).png;Девушки
Принт 275 (GTA 5).png;Игры
Принт 720 (IronMan).png;Фильмы, сериалы, комиксы
Принт 391 (Jack Daniels).png;Мода, тренды, логотипы, бренды
Принт 710 (Likee).png;Мода, тренды, логотипы, бренды
Принт 077 (Louis Vuitton Узор).png;Мода, тренды, логотипы, бренды
Принт 165 (Love Kiss).png;Текстуры, узоры, графика
Принт 187 (Love Paris).png;Текстуры, узоры, графика
Принт 647 (M and Ms).png;Еда
Принт 848 (Make Up узоры).png;Текстуры, узоры, графика
Принт 542 (Marvel Heroes).png;Фильмы, сериалы, комиксы
Принт 503 (Nier Automata 2B).png;Игры
Принт 505 (Nike).png;Мода, тренды, логотипы, бренды
Принт 333 (Pepsi).png;Мода, тренды, логотипы, бренды
Принт 847 (Pitbul syndicate).png;Мода, тренды, логотипы, бренды
Принт 990 (Senpai Girl).png;Девушки
Принт 707 (Star Wars логотип).png;Мода, тренды, логотипы, бренды
Принт 515 (Supreme Girl).png;Девушки
Принт 195 (Supreme).png;Мода, тренды, логотипы, бренды
Принт 631 (SYL).png;Мода, тренды, логотипы, бренды
Принт 875 (World Of Tanks).png;Игры
Принт 571 (Адидас).png;Мода, тренды, логотипы, бренды
Принт 779 (Бабочка на синих цветах).png;Природа
Принт 614 (Божьи коровки).png;Текстуры, узоры, графика
Принт 956 (Буйство красок).png;Текстуры, узоры, графика
Принт 944 (Бэтгерл).png;Фильмы, сериалы, комиксы
Принт 856 (Бэтмен).png;Фильмы, сериалы, комиксы
Принт 364 (Взрыв цвета).png;Текстуры, узоры, графика
Принт 731 (Винни Пух).png;Мультфильмы и детские
Принт 656 (Вишня).png;Еда
Принт 575 (Волк).png;Животные
Принт 328 (Волчий оскал).png;Животные
Принт 298 (Ворон Фортнайт).png;Игры
Принт 284 (Гарри Поттер арт).png;Фильмы, сериалы, комиксы
Принт 907 (Гексагональный узор).png;Текстуры, узоры, графика
Принт 487 (Геометрические узоры).png;Текстуры, узоры, графика
Принт 280 (Гепард).png;Животные
Принт 448 (Герб на фоне флага).png;Города, страны, гербы
Принт 545 (Герб России).png;Города, страны, гербы
Принт 791 (Герб с подписью).png;Города, страны, гербы
Принт 657 (Герб СССР).png;Города, страны, гербы
Принт 142 (Голубые бабочки).png;Природа
Принт 820 (Гомер).png;Арты
Принт 200 (Готическая роза).png;Природа
Принт 603 (Граффити).png;Арты
Принт 182 (Гринч).png;Мультфильмы и детские
Принт 223 (Губка Боб).png;Мультфильмы и детские
Принт 629 (Дарт Вейдер).png;Фильмы, сериалы, комиксы
Принт 274 (Дары смерти арт).png;Фильмы, сериалы, комиксы
Принт 145 (Девушка Арт).png;Девушки
Принт 205 (Девушка в джинсах).png;Девушки
Принт 744 (Девушка в красном платье арт).png;Девушки
Принт 155 (Девушка в красном платье).png;Девушки
Принт 413 (Девушка в цветах).png;Девушки
Принт 934 (Девушка в шляпе).png;Девушки
Принт 330 (Девушка с вином).png;Девушки
Принт 261 (Дедпул арт).png;Фильмы, сериалы, комиксы
Принт 608 (Дедпул).png;Фильмы, сериалы, комиксы
Принт 741 (Джокер арт).png;Фильмы, сериалы, комиксы
Принт 194 (Джокер Джаред Лето).png;Фильмы, сериалы, комиксы
Принт 566 (Джокер Хит Леджер).png;Фильмы, сериалы, комиксы
Принт 411 (Джокер Хоакин Феникс).png;Фильмы, сериалы, комиксы
Принт 100 (Джон Уик).png;Фильмы, сериалы, комиксы
Принт 017 (Доктор Рик).png;Мультфильмы и детские
Принт 418 (Достать звезду с неба).png;Девушки
Принт 173 (Дракон).png;Арты
Принт 949 (Дроиды Star Wars).png;Фильмы, сериалы, комиксы
Принт 324 (Единорог).png;Единороги
Принт 586 (Железный человек).png;Фильмы, сериалы, комиксы
Принт 417 (Желтая бабочка в цветах).png;Природа
Принт 285 (Закат арт).png;Арты
Принт 101 (Закат).png;Природа
Принт 232 (Заяц - кот).png;Животные
Принт 823 (Звезда).png;Города, страны, гербы
Принт 500 (Звезда СССР).png;Города, страны, гербы
Принт 580 (Золотистые контурные узоры).png;Текстуры, узоры, графика
Принт 975 (Золотые бабочки и цветы).png;Арты
Принт 739 (Золотые узоры).png;Текстуры, узоры, графика
Принт 918 (Игра престолов).png;Фильмы, сериалы, комиксы
Принт 676 (Игры oldschool).png;Текстуры, узоры, графика
Принт 174 (Инь Янь).png;Арты
Принт 425 (Имперский штурмовик арт).png;Фильмы, сериалы, комиксы
Принт 172 (Инь Янь рыбы).png;Арты
Принт 915 (Кайло Рен).png;Фильмы, сериалы, комиксы
Принт 360 (Как приручить дракона).png;Мультфильмы и детские
Принт 945 (Капкейк).png;Еда
Принт 307 (Карнаж и Дедпул).png;Фильмы, сериалы, комиксы
Принт 633 (Конор Макгрегор арт).png;Спорт
Принт 804 (Конор Макгрегор).png;Спорт
Принт 403 (Контурные узоры).png;Текстуры, узоры, графика
Принт 666 (Коричневые узоры).png;Текстуры, узоры, графика
Принт 241 (Корона).png;Мода, тренды, логотипы, бренды
Принт 783 (Кот в очках).png;Кошки
Принт 147 (Кот в фиолетовых очках).png;Кошки
Принт 150 (Кот и луна).png;Кошки
Принт 202 (Кот и ночной город).png;Арты
Принт 798 (Кот на велосипеде).png;Кошки
Принт 889 (Котенок в шапке).png;Кошки
Принт 800 (Котенок в шляпе стимпанк).png;Кошки
Принт 651 (Котенок космонавт).png;Кошки
Принт 869 (Котенок с бабочкой).png;Кошки
Принт 533 (Котик).png;Арты
Принт 854 (Котята).png;Кошки
Принт 539 (Красные розы в саду).png;Природа
Принт 113 (Красные розы).png;Природа
Принт 871 (Кремль на Красной Площади зимой).png;Города, страны, гербы
Принт 340 (Криминальное чтиво Миа).png;Фильмы, сериалы, комиксы
Принт 952 (Крокодил Lacoste).png;Мода, тренды, логотипы, бренды
Принт 115 (Кролик).png;Животные
Принт 427 (Крутой кот в очках).png;Кошки
Принт 768 (Лайки).png;Мода, тренды, логотипы, бренды
Принт 738 (Лев арт в космосе).png;Животные
Принт 644 (Лев оскал).png;Животные
Принт 758 (Лев черно белый).png;Животные
Принт 626 (Лего узоры).png;Текстуры, узоры, графика
Принт 510 (Леди Баг и Супер Кот).png;Мультфильмы и детские
Принт 497 (Леди Баг).png;Мультфильмы и детские
Принт 894 (Леопард арт).png;Животные
Принт 103 (Леопард оскал).png;Животные
Принт 471 (Леопард).png;Животные
Принт 283 (Лиса арт).png;Животные
Принт 986 (Лиса рисунок).png;Животные
Принт 502 (Логотип Apple в стиле гуччи).png;Мода, тренды, логотипы, бренды
Принт 712 (Логотип Apple).png;Мода, тренды, логотипы, бренды
Принт 343 (Лондон).png;Арты
Принт 269 (Лошадь).png;Животные
Принт 722 (Майкл Джексон).png;Арты
Принт 576 (Маки).png;Текстуры, узоры, графика
Принт 879 (Маленький Йода).png;Фильмы, сериалы, комиксы
Принт 920 (Мандалорец арт).png;Фильмы, сериалы, комиксы
Принт 702 (Мандалорец).png;Фильмы, сериалы, комиксы
Принт 336 (Мелкие цветы).png;Природа
Принт 237 (Мерлин Монро).png;Девушки
Принт 342 (Милая девушка).png;Девушки
Принт 461 (Милая панда).png;Животные
Принт 605 (Минни Маус).png;Мультфильмы и детские
Принт 799 (Миньон).png;Мультфильмы и детские
Принт 419 (Морда льва).png;Животные
Принт 381 (Мстители).png;Фильмы, сериалы, комиксы
Принт 559 (Неоновый Герб России).png;Города, страны, гербы
Принт 518 (Огненный дракон).png;Арты
Принт 122 (Однажды в Голливуде).png;Фильмы, сериалы, комиксы
Принт 957 (Одри Хепбёрн).png;Девушки
Принт 813 (Отдых на природе).png;Природа
Принт 388 (Пазлы).png;Текстуры, узоры, графика
Принт 520 (Панда арт).png;Животные
Принт 954 (Пантера).png;Животные
Принт 290 (Париж).png;Города, страны, гербы
Принт 784 (Пегас единорог).png;Единороги
Принт 355 (Песок с ракушками).png;Природа
Принт 893 (Пляжный узор).png;Текстуры, узоры, графика
Принт 796 (Пончики).png;Текстуры, узоры, графика
Принт 475 (Птичка в цветах).png;Природа
Принт 441 (ПФК ЦСКА логотип).png;Спорт
Принт 470 (Разноцветные цветы).png;Природа
Принт 554 (Разум вселенной).png;Арты
Принт 931 (Рик и Морти).png;Мультфильмы и детские
Принт 556 (Робин).png;Фильмы, сериалы, комиксы
Принт 227 (Родина Мать зовет).png;Города, страны, гербы
Принт 780 (Розовая бабочка в цветах).png;Природа
Принт 761 (Розовая роза рисунок).png;Арты
Принт 523 (Розовые лилии).png;Природа
Принт 415 (Розовые розы).png;Природа
Принт 781 (Русалочка).png;Мультфильмы и детские
Принт 111 (Сакура).png;Арты
Принт 717 (Санкт-Петербург Алые Паруса).png;Города, страны, гербы
Принт 922 (Сердечки).png;Арты
Принт 726 (Сине золотые узоры).png;Текстуры, узоры, графика
Принт 845 (Синие бабочки).png;Природа
Принт 790 (Синие цветы и бабочка).png;Природа
Принт 905 (Скорпион Mortal Combat).png;Игры
Принт 424 (Сова арт).png;Мультфильмы и детские
Принт 939 (Соник арт).png;Игры
Принт 299 (Статуя Свободы).png;Города, страны, гербы
Принт 825 (Статуя Христа Искупителя).png;Города, страны, гербы
Принт 711 (Стикер единорог дэб).png;Единороги
Принт 458 (Стикер единорог).png;Единороги
Принт 469 (Стикеры единороги).png;Единороги
Принт 181 (Терминатор арт).png;Фильмы, сериалы, комиксы
Принт 287 (Тигр в дыму).png;Животные
Принт 352 (Тигр на черном).png;Животные
Принт 144 (Тигр фото).png;Животные
Принт 453 (Тигр).png;Животные
Принт 410 (Тик Ток логотип).png;Мода, тренды, логотипы, бренды
Принт 171 (Треугольник в тумане).png;Арты
Принт 402 (Узор из кубов).png;Текстуры, узоры, графика
Принт 245 (Узор из цветов рисунок).png;Текстуры, узоры, графика
Принт 154 (Узор фрукты).png;Текстуры, узоры, графика
Принт 445 (Узоры цветы).png;Текстуры, узоры, графика
Принт 723 (Фиолетовая бабочки).png;Природа
Принт 951 (Фиолетовые листья).png;Природа
Принт 468 (ФК Анжи логотип).png;Спорт
Принт 938 (ФК Арсенал логотип).png;Спорт
Принт 276 (ФК Арсенал Тула логотип).png;Спорт
Принт 437 (ФК Ахмат логотип).png;Спорт
Принт 455 (ФК Бавария логотип).png;Спорт
Принт 699 (ФК Барселона логотип).png;Спорт
Принт 548 (ФК Боруссия Дортмунд логотип).png;Спорт
Принт 522 (ФК Динамо-Москва логотип).png;Спорт
Принт 102 (ФК Зенит логотип).png;Спорт
Принт 259 (ФК Краснодар логотип).png;Спорт
Принт 639 (ФК Крылья Советов логотип).png;Спорт
Принт 509 (ФК Ливерпуль логотип).png;Спорт
Принт 832 (ФК Локомотив логотип).png;Спорт
Принт 465 (ФК Манчестер Юнайтед логотип).png;Спорт
Принт 735 (ФК Оренбург логотип).png;Спорт
Принт 568 (ФК Реал Мадрид логотип).png;Спорт
Принт 270 (ФК Ростов логотип).png;Спорт
Принт 637 (ФК Рубин логотип).png;Спорт
Принт 884 (ФК Сочи логотип).png;Спорт
Принт 429 (ФК Спартак-Москва логотип).png;Спорт
Принт 120 (ФК Тамбов логотип).png;Спорт
Принт 394 (ФК Урал логотип).png;Спорт
Принт 932 (ФК Уфа логотип).png;Спорт
Принт 763 (ФК Челси логотип).png;Спорт
Принт 296 (ФК Ювентус логотип).png;Спорт
Принт 367 (Флаг Англии).png;Города, страны, гербы
Принт 562 (Флаг Болгарии вертикальный).png;Города, страны, гербы
Принт 579 (Флаг Болгарии горизонтальный).png;Города, страны, гербы
Принт 218 (Флаг Италии вертикальный).png;Города, страны, гербы
Принт 750 (Флаг Италии горизонтальный).png;Города, страны, гербы
Принт 573 (Флаг Канады).png;Города, страны, гербы
Принт 481 (Флаг Кореи).png;Города, страны, гербы
Принт 456 (Флаг России вертикальный).png;Города, страны, гербы
Принт 685 (Флаг России геометрия).png;Города, страны, гербы
Принт 353 (Флаг России горизонтальный).png;Города, страны, гербы
Принт 867 (Флаг США).png;Города, страны, гербы
Принт 399 (Фредди Меркьюри Арт).png;Арты
Принт 681 (Хабиб Нурмагомедов арт).png;Спорт
Принт 689 (Хабиб Нурмагомедов).png;Спорт
Принт 124 (Харлей Дэвидсон арт).png;Спорт
Принт 887 (Харли Квин и Дедпул).png;Фильмы, сериалы, комиксы
Принт 988 (Харли Квин мульт).png;Фильмы, сериалы, комиксы
Принт 107 (Харли Квин).png;Фильмы, сериалы, комиксы
Принт 730 (Хаски).png;Животные
Принт 708 (Хищник арт).png;Фильмы, сериалы, комиксы
Принт 140 (Хищник).png;Фильмы, сериалы, комиксы
Принт 963 (ХК Бостон Брюинз логотип).png;Спорт
Принт 492 (ХК Витязь логотип).png;Спорт
Принт 209 (ХК Детройт Ред Уингз логотип).png;Спорт
Принт 788 (ХК Динамо Минск логотип).png;Спорт
Принт 426 (ХК Динамо Москва логотип).png;Спорт
Принт 948 (ХК Локомотив логотип).png;Спорт
Принт 641 (ХК Монреаль Канадиенс логотип).png;Спорт
Принт 395 (ХК Нью-Йорк Рейнджерс логотип).png;Спорт
Принт 842 (ХК Северсталь логотип).png;Спорт
Принт 777 (ХК СКА логотип).png;Спорт
Принт 301 (ХК Сочи логотип).png;Спорт
Принт 543 (ХК Спартак логотип).png;Спорт
Принт 152 (ХК Торонто Мейпл Лифс логотип).png;Спорт
Принт 667 (ХК Торпедо НН логотип).png;Спорт
Принт 507 (ХК ЦСКА логотип).png;Спорт
Принт 110 (ХК Чикаго Блэкхокс логотип).png;Спорт
Принт 175 (Цвет морской волны).png;Природа
Принт 179 (Цветная воронка).png;Текстуры, узоры, графика
Принт 776 (Цветные сердечки).png;Текстуры, узоры, графика
Принт 818 (Цветы в темных тонах).png;Природа
Принт 890 (Цветы из красок).png;Текстуры, узоры, графика
Принт 797 (Цветы на розовом фоне).png;Текстуры, узоры, графика
Принт 387 (Цветы орнамент).png;Текстуры, узоры, графика
Принт 701 (Цитрусы).png;Еда
Принт 322 (Цой).png;Арты
Принт 646 (Человек Паук арт).png;Фильмы, сериалы, комиксы
Принт 611 (Человек Паук против Венома).png;Фильмы, сериалы, комиксы
Принт 970 (Человек Паук через вселенные).png;Фильмы, сериалы, комиксы
Принт 321 (Человек Паук).png;Фильмы, сериалы, комиксы
Принт 636 (Череп в цветах).png;Арты
Принт 188 (Черепахи в волне).png;Природа
Принт 289 (Черника).png;Еда
Принт 309 (Черно белые бабочки и цветы).png;Текстуры, узоры, графика
Принт 923 (Черно белые узоры).png;Текстуры, узоры, графика
Принт 753 (Черно белый лев).png;Животные
Принт 265 (Черно белый тигр арт).png;Животные
Принт 467 (Черно фиолетовый космос).png;Текстуры, узоры, графика
Принт 930 (Эйфелева башня).png;Города, страны, гербы
Принт 356 (Юрий Гагарин).png;Арты
Принт 757 (Ягоды).png;Еда
Принт 494 (Ящерица в очках).png;Животные
