Наименование;Код
Чехол для  Samsung Galaxy i9103/R силикон черный матовый;СН-00006870
Чехол для Acer Liquid E700 силикон черный матовый;УТ-00011417
Чехол для Acer Liquid Z500 силикон черный матовый;УТ-00011278
Чехол для Alcatel 1S (5024) силикон черный матовый;00-00030330
Чехол для Alcatel 1X (5059D/A) силикон черный матовый;00-00015760
Чехол для Alcatel 3 (5053Y) силикон черный матовый;00-00030333
Чехол для Alcatel 5V силикон черный матовый;00-00035775
Чехол для Alcatel One Touch 585 силикон черный матовый;СН-00005713
Чехол для Alcatel One Touch 815D силикон черный матовый;СН-00005721
Чехол для Alcatel One Touch 991 силикон черный матовый;СН-00005722
Чехол для Alcatel One Touch A3 XL (OT-9008D) силикон черный матовый;00-00004836
Чехол для Alcatel One Touch Fire C (4019X) силикон черный матовый;УТ-00052350
Чехол для Alcatel One Touch IDOL (6030D/6030X) силикон черный матовый;УТ-00006479
Чехол для Alcatel One Touch IDOL (6030D/6030X) силикон черный матовый Cherry;УТ000004007
Чехол для Alcatel One Touch IDOL 2 (6037B/K) силикон черный матовый;УТ-00006050
Чехол для Alcatel One Touch IDOL 2 (6037B/K) силикон черный матовый Cherry;УТ000004008
Чехол для Alcatel One Touch IDOL 2 mini (6016D/X) силикон черный матовый;00-00025238
Чехол для Alcatel One Touch IDOL 2 mini (6016D/X) силикон черный матовый Cherry;СН-00000281
Чехол для Alcatel One Touch IDOL 2 mini L (6014X/6014D) силикон черный матовый;УТ-00010149
Чехол для Alcatel One Touch IDOL 2S (6050Y) силикон черный матовый;00-00038470
Чехол для Alcatel One Touch IDOL 3 (4.7) (6039Y) силикон черный матовый;УТ-00052352
Чехол для Alcatel One Touch IDOL 3 (5.5) (6045Y) силикон черный матовый;СН-00011674
Чехол для Alcatel One Touch IDOL 4 (6055K) силикон черный матовый;00-00016632
"Чехол для Alcatel One Touch IDOL Alpha (6032X) силикон черный матовый	";УТ-00052834
Чехол для Alcatel One Touch IDOL mini (6012D/6012X) силикон черный матовый;00-00000738
Чехол для Alcatel One Touch IDOL Ultra (6033X) силикон черный матовый;УТ-00011561
Чехол для Alcatel One Touch IDOL X (6040D/6040) силикон черный матовый;УТ-00006486
Чехол для Alcatel One Touch IDOL X Plus (6043D/6043X) силикон черный матовый;УТ-00004615
Чехол для Alcatel One Touch M POP (5020D) силикон черный матовый;УТ-00052555
Чехол для Alcatel One Touch PIXI 3 (4013D/4050X) силикон черный матовый;00-00016884
Чехол для Alcatel One Touch PIXI 4 (5010D) силикон черный матовый;00-00008307
Чехол для Alcatel One Touch PIXI 4 (5010D) силикон черный матовый KissWill;00-00000577
Чехол для Alcatel One Touch PIXI 4 (5045D) силикон черный матовый;00-00008308
Чехол для Alcatel One Touch PIXI 4 (6) (8050D) силикон черный матовый;СН-00015258
Чехол для Alcatel One Touch PIXI 4 (6) (9001D) силикон черный матовый;00-00016528
Чехол для Alcatel One Touch PIXI 4 Plus Power (5023F) силикон черный матовый;00-00004838
Чехол для Alcatel One Touch PIXI/TPOP (4007D/4010D) силикон черный матовый;УТ-00010901
Чехол для Alcatel One Touch POP 2 Premium (5) (7044) силикон черный матовый;УТ-00052358
Чехол для Alcatel One Touch POP 4 Plus(5056D) силикон черный матовый;СН-00011503
Чехол для Alcatel One Touch POP C1 (4015/4016) силикон черный матовый Cherry;СН-00005266
Чехол для Alcatel One Touch POP C3 (4033D/4033X) силикон черный матовый;УТ-00009751
Чехол для Alcatel One Touch POP C3 (4033D/4033X) силикон черный матовый KissWill;УТ-00052242
Чехол для Alcatel One Touch POP C5 (5036X/5036D) силикон черный матовый;УТ-00009758
Чехол для Alcatel One Touch POP C7 (7041D/7040D) силикон черный матовый;УТ000003672
Чехол для Alcatel One Touch POP C9 (7047A/7047D) силикон черный матовый Cherry;УТ000004003
"Чехол для Alcatel One Touch POP C9 (7047A/7047D) силикон черный матовый	";УТ-00011557
Чехол для Alcatel One Touch POP S7 (7045Y) силикон черный матовый;УТ-00011555
Чехол для Alcatel One Touch POP S9 (7050K/7050Y) силикон черный матовый;УТ-00011426
Чехол для Alcatel One Touch S POP (4030D) силикон черный матовый;УТ-00051990
Чехол для Alcatel One Touch Scribe Easy (8000D) силикон черный матовый;УТ-00006497
Чехол для Alcatel One Touch Scribe HD (8008D) силикон черный матовый;УТ-00006504
Чехол для Alcatel One Touch Snap (7025D) силикон черный матовый;УТ-00010907
Чехол для Alcatel One Touch Snap (7025D) силикон черный матовый Jekod;УТ000000033
Чехол для Alcatel One Touch Star (6010D/6010X) силикон черный матовый;УТ-00006473
Чехол для Alcatel One Touch Tribe (3041D/3040D) силикон черный матовый;00-00025162
Чехол для Alcatel One Touch XPOP (5035D/5035X) силикон черный матовый;УТ-00010904
Чехол для Alcatel Shine Lite (5080X) силикон черный матовый;00-00027727
Чехол для ASUS PadFone S силикон черный матовый;СН-00000234
Чехол для ASUS ZenFone 2 (ZE550ML/ZE551ML) силикон черный матовый;УТ-00011553
Чехол для ASUS ZenFone 2 (ZE550ML/ZE551ML) силикон черный матовый Cherry;УТ-00010095
Чехол для ASUS ZenFone 2 Laser (ZE500KL/ZE500KG) силикон черный матовый;СН-00003822
Чехол для ASUS ZenFone 2 Laser (ZE500KL/ZE500KG) силикон черный матовый Cherry;СН-00007898
Чехол для ASUS ZenFone 2 Laser (ZE550KL) силикон черный матовый;00-00015460
Чехол для ASUS ZenFone 2 Laser (ZE550KL) силикон черный матовый Cherry;СН-00001632
Чехол для ASUS ZenFone 3 (ZE552KL) силикон черный матовый;СН-00015263
Чехол для ASUS ZenFone 3 (ZE552KL) силикон черный матовый Cherry;СН-00008051
Чехол для ASUS ZenFone 3 Deluxe (ZS550KL) силикон черный матовый;СН-00015264
Чехол для ASUS ZenFone 3 Deluxe (ZS570KL) силикон черный матовый;00-00015461
Чехол для ASUS ZenFone 3 Deluxe (ZS570KL) силикон черный матовый Cherry;СН-00008050
Чехол для ASUS ZenFone 3 Laser (ZC551KL) силикон черный матовый;СН-00015266
Чехол для ASUS ZenFone 3 Laser (ZC551KL) силикон черный матовый Cherry;СН-00010638
Чехол для ASUS ZenFone 3 Max (ZC520TL) силикон черный матовый;СН-00010425
Чехол для ASUS ZenFone 3 Max (ZC520TL) силикон черный матовый Cherry;СН-00010640
Чехол для ASUS ZenFone 3 Max (ZC553KL) силикон черный матовый;СН-00015270
Чехол для ASUS ZenFone 3 Max (ZC553KL) силикон черный матовый Cherry;СН-00016473
Чехол для ASUS ZenFone 3 ZE520KL силикон черный матовый;СН-00016887
Чехол для ASUS ZenFone 3 ZE520KL силикон черный матовый Cherry;СН-00010639
Чехол для ASUS ZenFone 4 (A400CG) силикон черный матовый Cherry;УТ000004026
Чехол для ASUS ZenFone 4 (ZE554KL) силикон черный матовый;00-00003874
Чехол для ASUS ZenFone 4 Max (ZC554KL) силикон черный матовый;00-00004723
Чехол для ASUS ZenFone 4 Max (ZC554KL) силикон черный матовый Cherry;00-00003259
Чехол для ASUS ZenFone 4 Selfie (ZD553KL) силикон черный матовый;00-00003873
Чехол для ASUS ZenFone 4.5 (A450CG) силикон черный матовый Cherry;УТ-00010141
Чехол для ASUS ZenFone 5 Lite (A502CG) силикон черный матовый;УТ-00011552
Чехол для ASUS ZenFone 5 Lite (A502CG) силикон черный матовый Cherry;00-00003261
Чехол для ASUS ZenFone 5Z (ZS620KL) силикон черный матовый ;00-00018961
Чехол для ASUS ZenFone 6 (A600CG) силикон черный матовый;00-00017690
Чехол для ASUS ZenFone 6 (A600CG) силикон черный матовый Cherry;УТ-00010143
Чехол для ASUS ZenFone C (ZC451CG) силикон черный матовый;СН-00003834
Чехол для ASUS ZenFone C (ZC451CG) силикон черный матовый Cherry;СН-00003090
Чехол для ASUS ZenFone Go (ZB452KG/ZB450KL) силикон черный матовый;СН-00006859
Чехол для ASUS ZenFone Go (ZB452KG/ZB450KL) силикон черный матовый Cherry;СН-00007118
Чехол для ASUS ZenFone Go (ZB500KL) силикон черный матовый Cherry;00-00003682
Чехол для ASUS ZenFone Go (ZB551KL/ZB552KL) силикон черный матовый;СН-00015276
Чехол для ASUS ZenFone Go (ZB551KL/ZB552KL) силикон черный матовый Cherry;СН-00010641
Чехол для ASUS ZenFone Go (ZC451TG) силикон черный матовый;СН-00015272
Чехол для ASUS ZenFone Go (ZC451TG) силикон черный матовый Cherry;00-00003260
Чехол для ASUS ZenFone Go (ZC500TG) силикон черный матовый;СН-00000677
Чехол для ASUS ZenFone Go (ZC500TG) силикон черный матовый Cherry;СН-00005351
Чехол для ASUS ZenFone Live (ZB501KL) силикон черный матовый Cherry;СН-00018003
Чехол для ASUS ZenFone Max (ZC550KL) силикон черный матовый;СН-00008080
Чехол для ASUS ZenFone Max (ZC550KL) силикон черный матовый Cherry;СН-00010570
Чехол для ASUS ZenFone Max Plus (M1) (ZB570TL) силикон черный матовый;00-00016674
Чехол для ASUS ZenFone Max Plus (M1) (ZB570TL) силикон черный матовый Cherry;00-00016243
Чехол для Asus Zenfone Max Pro M1 ZB601KL/ZB602KL силикон черный матовый ;00-00016527
Чехол для ASUS Zenfone Max Pro M1 ZB601KL/ZB602KL силикон черный матовый Cherry;00-00016241
Чехол для Asus ZenFone Max Pro M2 ZB631KL силикон черный матовый;00-00026641
Чехол для ASUS ZenFone Selfie (ZD551KL) силикон черный матовый;СН-00000679
Чехол для ASUS ZenFone Selfie (ZD551KL) силикон черный матовый Cherry;СН-00003089
Чехол для ASUS ZenFone Zoom (ZX551ML) силикон черный матовый;СН-00016889
Чехол для BlackBerry Leap силикон черный матовый Cherry;СН-00010571
Чехол для BQ Aquaris X5 Plus силикон черный матовый;00-00016887
Чехол для BQ Bond (BQS-5022) силикон черный матовый;00-00008310
Чехол для BQ Magic (BQS-5070) силикон черный матовый;00-00008318
Чехол для BQ Slim (BQS-5060) силикон черный матовый;00-00008320
Чехол для BQ Space (BQ-5201) силикон черный матовый;00-00008316
Чехол для BQ Strike (BQS-5020) силикон черный матовый;00-00004725
Чехол для BQ Strike 2 (BQ-5057/BQru_5057) силикон черный матовый;00-00008313
Чехол для BQ Strike LTE (BQ-5044) силикон черный матовый;00-00008311
Чехол для BQ Strike Mini (BQ-4072) силикон черный матовый;00-00014601
Чехол для BQ Strike Power (Easy/SE)(BQS-5059/5058) силикон черный матовый;СН-00016557
Чехол для BQ Strike Power 4G (BQS-5037) силикон черный матовый;00-00008590
Чехол для DEXP Ixion EL450 Force силикон черный матовый;00-00017170
Чехол для DEXP Ixion ES950 силикон черный матовый;00-00014611
Чехол для DEXP Ixion Rock (M350) силикон черный матовый;00-00014600
Чехол для DEXP Ixion Rock Plus (MS350) силикон черный матовый;СН-00011284
Чехол для Explay 4Game силикон черный матовый;УТ-00009250
Чехол для Explay Air силикон черный матовый;УТ-00009252
Чехол для Explay Bit силикон черный матовый;УТ-00009254
Чехол для Explay Craft силикон черный матовый;УТ-00009256
Чехол для Explay Fresh силикон черный матовый;УТ-00000728
Чехол для Explay Hit силикон черный матовый;УТ-00000732
Чехол для Explay Neo силикон черный матовый;УТ-00000738
Чехол для Explay Onyx силикон черный матовый;УТ-00009258
Чехол для Explay Rio силикон черный матовый;УТ-00009259
Чехол для Fly Diamond (Diamond 2) (IQ444) силикон черный матовый;УТ-00011546
Чехол для Fly EGO Vision 1 Quad (IQ452) силикон черный матовый;УТ-00000744
Чехол для Fly Energie 3 (IQ4403) силикон черный матовый;УТ-00011539
Чехол для Fly ERA Energy 1 Quad (IQ4502) силикон черный матовый;УТ-00011545
Чехол для Fly ERA Life 5 (IQ4416) силикон черный матовый;УТ-00011544
Чехол для Fly ERA Life 6 Quad (IQ4503) силикон черный матовый;УТ-00011370
Чехол для Fly ERA Nano 10 (IQ4490i) силикон черный матовый;УТ-00011542
Чехол для Fly EVO Chic 3 Quad (IQ4413) силикон черный матовый;УТ-00011541
Чехол для Fly Quad Coral (IQ4412) силикон черный матовый;СН-00007080
Чехол для Fly Quad Energie 2 (IQ4411) силикон черный матовый;УТ-00011540
Чехол для Fly Tornado Slim Octa (IQ4516) силикон черный матовый;УТ-00011457
Чехол для Fly Trend (IQ443) силикон черный матовый;СН-00000271
Чехол для Google Pixel 3 XL силикон черный матовый;00-00030036
Чехол для Highscreen Power Five EVO силикон черный матовый;00-00014610
Чехол для Highscreen Spider силикон черный матовый;УТ-00000751
Чехол для Highscreen Thor силикон черный матовый;УТ-00009334
Чехол для Honor 10 Lite силикон черный матовый;00-00015034
Чехол для Honor 10 силикон черный матовый;00-00015032
Чехол для Honor 10 силикон черный матовый Monarch;00-00022049
Чехол для Honor 10i силикон черный матовый;00-00029808
Чехол для Honor 20 Lite силикон черный матовый;00-00031377
Чехол для Honor 20 силикон черный матовый;00-00031040
Чехол для Honor 3C силикон черный матовый;УТ-00009808
Чехол для Honor 4A (Y6) силикон черный матовый;СН-00008101
Чехол для Honor 4C Pro (Y6 Pro) силикон черный матовый;СН-00015283
Чехол для Honor 4C Pro (Y6 Pro) силикон черный матовый Cherry;00-00003688
Чехол для Honor 4C силикон черный матовый;00-00004592
Чехол для Honor 4C силикон черный матовый Cherry;СН-00001635
Чехол для Honor 4X силикон черный матовый;00-00004594
Чехол для Honor 4X силикон черный матовый Cherry;СН-00012674
Чехол для Honor 5A Play (Y6 II) силикон черный матовый;00-00004737
Чехол для Honor 5A Play (Y6 II) силикон черный матовый ультатонкий;СН-00017150
Чехол для Honor 5A силикон черный матовый;00-00004597
Чехол для Honor 5C силикон черный матовый;СН-00010386
Чехол для Honor 5C силикон черный матовый Cherry;СН-00007123
Чехол для Honor 5X силикон черный матовый;00-00006208
Чехол для Honor 5X силикон черный матовый Cherry;СН-00005230
Чехол для Honor 6 силикон черный матовый;УТ-00047185
Чехол для Honor 6A силикон черный матовый;00-00004600
Чехол для Honor 6A силикон черный матовый Cherry;00-00003689
Чехол для Honor 6C (DIG-L21HN) силикон черный матовый Cherry;00-00003691
Чехол для Honor 6C Pro (Honor V9 Play) силикон черный матовый;00-00009113
Чехол для Honor 6C Pro (Honor V9 Play) силикон черный матовый Cherry;00-00008810
Чехол для Honor 6X (Premium) (BLN-L21) силикон черный матовый;00-00004601
Чехол для Honor 6X (Premium) (BLN-L21) силикон черный матовый Cherry;СН-00014831
Чехол для Honor 7 силикон черный матовый;СН-00003052
Чехол для Honor 7A (Y5 2018) силикон черный матовый;00-00014092
Чехол для Honor 7A Pro (Y6 2018) силикон черный матовый;00-00014918
Чехол для Honor 7A Pro (Y6 2018) силикон черный матовый Cherry ;00-00015688
Чехол для Honor 7C PRO силикон черный матовый;00-00023008
Чехол для Honor 7C силикон черный матовый;00-00015035
Чехол для Honor 7i силикон черный матовый;00-00002527
Чехол для Honor 7i силикон черный матовый Cherry;СН-00003092
Чехол для Honor 7X силикон черный матовый;00-00006098
Чехол для Honor 7X силикон черный матовый Cherry;00-00025498
Чехол для Honor 8 Lite (P8 Lite 2017) силикон черный матовый;00-00003878
Чехол для Honor 8 Lite (P8 Lite 2017) силикон черный матовый Cherry;СН-00016475
Чехол для Honor 8 Pro силикон черный матовый;СН-00017278
Чехол для Honor 8 силикон черный матовый;СН-00015364
Чехол для Honor 8 силикон черный матовый Cherry;СН-00016645
Чехол для Honor 8 силикон черный матовый ультратонкий;СН-00017151
Чехол для Honor 8A (Y6 2019) силикон черный матовый;00-00028640
Чехол для Honor 8S/Y5 (2019) силикон черный матовый;00-00029930
Чехол для Honor 8X Max силикон черный матовый;00-00026930
Чехол для Honor 8X силикон черный матовый;00-00023991
Чехол для Honor 8С силикон черный матовый;00-00024405
Чехол для Honor 8С силикон черный матовый Cherry;00-00026627
Чехол для Honor 9 Lite (Honor 9 Youth Edition) силикон черный матовый;00-00014095
Чехол для Honor 9 силикон черный матовый;00-00008323
Чехол для Honor 9 силикон черный матовый Cherry;00-00003921
Чехол для Honor 9A силикон черный матовый;00-00039296
Чехол для Honor 9C силикон черный матовый;00-00039307
Чехол для Honor 9X силикон черный матовый;00-00033756
Чехол для Honor Magic силикон черный матовый Cherry;СН-00016646
Чехол для Honor P30 силикон черный матовый;00-00027058
Чехол для Honor Play силикон черный матовый ;00-00017661
Чехол для Honor Play силикон черный матовый Cherry;00-00025646
Чехол для Honor V10 (View 10) силикон черный матовый;00-00023007
Чехол для Honor V8 Pro силикон черный матовый;00-00002314
Чехол для HTC 10 (One M10/Lifestyle) силикон черный матовый;00-00004578
Чехол для HTC Desire 210 силикон черный матовый;УТ-00006290
Чехол для HTC Desire 300 силикон черный матовый;УТ-00009768
Чехол для HTC Desire 300 силикон черный матовый Jekod;УТ-00009676
Чехол для HTC Desire 310 силикон черный матовый;УТ000002014
Чехол для HTC Desire 316 (516) силикон черный матовый;СН-00003424
Чехол для HTC Desire 320 силикон черный матовый;00-00025712
Чехол для HTC Desire 326G (526G/526 Plus) силикон черный матовый;СН-00002370
Чехол для HTC Desire 500 силикон черный матовый;СН-00003462
Чехол для HTC Desire 501 силикон черный матовый Cherry;УТ-00004907
Чехол для HTC Desire 510 силикон черный матовый;УТ-00007112
Чехол для HTC Desire 530 (630) силикон черный матовый;СН-00007343
Чехол для HTC Desire 530 (630) силикон черный матовый Cherry;СН-00010642
Чехол для HTC Desire 601 силикон черный матовый;УТ000002349
Чехол для HTC Desire 601 силикон черный матовый Cherry;УТ-00010024
Чехол для HTC Desire 610 силикон черный матовый;УТ-00009789
Чехол для HTC Desire 616 силикон черный матовый;УТ-00009790
Чехол для HTC Desire 616 силикон черный матовый Cherry;УТ000004038
Чехол для HTC Desire 620 (620G/820 mini) силикон черный матовый;СН-00002378
Чехол для HTC Desire 620 (620G/820 mini) силикон черный матовый Cherry;УТ-00052290
Чехол для HTC Desire 626 (626G/628) силикон черный матовый;СН-00004339
Чехол для HTC Desire 626 (626G/628) силикон черный матовый Cherry;СН-00003106
Чехол для HTC Desire 700 силикон черный матовый;СН-00003438
Чехол для HTC Desire 700 силикон черный матовый Cherry;УТ-00004914
Чехол для HTC Desire 709d силикон черный матовый Cherry;УТ000004043
Чехол для HTC Desire 728 (728G) силикон черный матовый;СН-00004905
Чехол для HTC Desire 728 (728G) силикон черный матовый Cherry;00-00003253
Чехол для HTC Desire 800 (816G) силикон черный матовый;СН-00003425
Чехол для HTC Desire 800 (816G) силикон черный матовый Cherry;УТ000004050
Чехол для HTC Desire 820 (820G) силикон черный матовый;СН-00004895
Чехол для HTC Desire 820 (820G) силикон черный матовый Cherry;УТ-00053945
Чехол для HTC Desire 825 силикон черный матовый;СН-00009567
Чехол для HTC Desire 825 силикон черный матовый Cherry;СН-00006414
Чехол для HTC Desire 826 силикон черный матовый;СН-00004904
Чехол для HTC Desire 826 силикон черный матовый Cherry;СН-00005355
Чехол для HTC Desire 828 (830) силикон черный матовый;СН-00015738
Чехол для HTC Desire Eye силикон черный матовый;СН-00000376
Чехол для HTC Desire S (G12) силикон черный матовый;00-00025940
Чехол для HTC Desire V/X силикон черный матовый;УТ-00000880
Чехол для HTC First силикон черный матовый;00-00025658
Чехол для HTC Incredible S (G11) силикон черный матовый;СН-00006083
Чехол для HTC Incredible S (G11) силикон черный матовый Cherry;УТ-00004915
Чехол для HTC One 2 (M8 Prime) силикон черный матовый;УТ-00009804
Чехол для HTC One 2 (M8) mini силикон черный матовый;СН-00002388
Чехол для HTC One 2 (M8) силикон черный матовый;СН-00002385
Чехол для HTC One 2 (M8) силикон черный матовый Cherry;00-00003687
Чехол для HTC One A9 силикон черный матовый;СН-00002367
Чехол для HTC One A9 силикон черный матовый Cherry;СН-00005356
Чехол для HTC One E8 силикон черный матовый;СН-00000237
Чехол для HTC One E9 (E9 Plus) силикон черный матовый;00-00016530
Чехол для HTC One E9 (E9 Plus) силикон черный матовый Cherry;СН-00004097
Чехол для HTC One M7 (802W) силикон черный матовый;СН-00004893
Чехол для HTC One M7 (802W) силикон черный матовый Cherry;00-00003686
Чехол для HTC One M9 Plus силикон черный матовый Cherry;СН-00016483
Чехол для HTC One M9 силикон черный матовый;УТ-00010533
Чехол для HTC One M9 силикон черный матовый Cherry;СН-00006404
Чехол для HTC One mini (M4) силикон черный матовый;УТ000002364
Чехол для HTC One mini (M4) силикон черный матовый Cherry;УТ-00010028
Чехол для HTC One S силикон черный матовый;00-00014107
Чехол для HTC One S силикон черный матовый Cherry;УТ000004071
Чехол для HTC One X силикон черный матовый;УТ-00006541
Чехол для HTC One X силикон черный матовый Cherry;СН-00005258
Чехол для HTC One X10 силикон черный матовый;СН-00016771
Чехол для HTC One X9 силикон черный матовый;00-00004579
Чехол для HTC U11 Eyes силикон черный матовый;00-00016629
Чехол для HTC Windows Phone 8S силикон черный матовый;УТ000000131
Чехол для HTC Windows Phone 8X силикон черный матовый;СН-00006057
Чехол для Huawei Ascend G510 силикон черный матовый;УТ-00052009
Чехол для Huawei Ascend G510 силикон черный матовый Cherry;УТ-00004920
Чехол для Huawei Ascend G520/G525 силикон черный матовый;СН-00005499
Чехол для Huawei Ascend G526 силикон черный матовый;СН-00005500
Чехол для Huawei Ascend G6 (P7 mini) силикон черный матовый;УТ-00009805
Чехол для Huawei Ascend G610 силикон черный матовый;00-00024196
Чехол для Huawei Ascend G620 силикон черный матовый;00-00008593
Чехол для Huawei Ascend G7 силикон черный матовый;00-00014614
Чехол для Huawei Ascend G730 силикон черный матовый;УТ-00006299
Чехол для Huawei Ascend G8 (RIO-L01) силикон черный матовый;СН-00007222
Чехол для Huawei Ascend GR3 (TAG-L21) силикон черный матовый;00-00004845
Чехол для Huawei Ascend Mate 7 силикон черный матовый;00-00004581
Чехол для Huawei Ascend Mate 8 силикон черный матовый;СН-00004709
Чехол для Huawei Ascend Mate силикон черный матовый ;00-00000712
Чехол для Huawei Ascend P2 силикон черный матовый;УТ-00052011
Чехол для Huawei Ascend P6 силикон черный матовый;00-00004583
Чехол для Huawei Ascend P7 силикон черный матовый;УТ-00000935
Чехол для Huawei Ascend P7 силикон черный матовый Cherry;00-00003701
Чехол для Huawei Ascend W2 силикон черный матовый;УТ-00052016
Чехол для Huawei Ascend Y210 силикон черный матовый;СН-00005503
Чехол для Huawei Ascend Y221 силикон черный матовый;СН-00008096
Чехол для Huawei Ascend Y3 Y336 Y3C силикон черный матовый;00-00004589
Чехол для Huawei Ascend Y300 силикон черный матовый;УТ-00052019
Чехол для Huawei Ascend Y320 силикон черный матовый;СН-00005504
Чехол для Huawei Ascend Y5 силикон черный матовый;СН-00008099
Чехол для Huawei Ascend Y520 силикон черный матовый;УТ-00051981
Чехол для Huawei Ascend Y530 силикон черный матовый;УТ-00053840
Чехол для Huawei Ascend Y541 Y5C силикон черный матовый;00-00006213
Чехол для Huawei Ascend Y550 силикон черный матовый;00-00016121
Чехол для Huawei Ascend Y600 силикон черный матовый;УТ-00052023
Чехол для Huawei Ascend Y625 силикон черный матовый;СН-00007954
Чехол для Huawei Mate 10 Pro силикон черный матовый;00-00017961
Чехол для Huawei Mate 10 силикон черный матовый;00-00017960
Чехол для Huawei Mate 20 2018 силикон черный матовый;00-00024283
Чехол для Huawei Mate 20 Lite силикон черный матовый;00-00021020
Чехол для Huawei Mate 20 Pro силикон черный матовый;00-00025460
Чехол для Huawei Mate 20X силикон черный матовый;00-00025229
Чехол для Huawei Mate 9 Pro силикон черный матовый;СН-00015355
Чехол для Huawei Mate S силикон черный матовый;СН-00007225
Чехол для Huawei Nexus 6P силикон черный матовый;00-00001309
Чехол для Huawei Nova 2 Plus силикон черный матовый;00-00003875
Чехол для Huawei Nova 2 Plus силикон черный матовый Cherry;00-00003698
Чехол для Huawei Nova 2 силикон черный матовый;00-00000049
Чехол для Huawei Nova 2 силикон черный матовый (глянцевые края);00-00003876
Чехол для Huawei Nova 2 силикон черный матовый Cherry ;00-00003244
Чехол для Huawei Nova 2i (Mate 10 Lite/Honor 9i) силикон черный матовый;00-00014094
Чехол для Huawei Nova 2i (Mate 10 Lite/Honor 9i) силикон черный матовый Cherry;00-00003696
Чехол для Huawei Nova 2s силикон черный матовый;00-00026737
Чехол для Huawei Nova 3 силикон черный матовый;00-00017794
Чехол для Huawei Nova 3i (P Smart Plus) силикон черный матовый;00-00017796
Чехол для Huawei Nova 4 силикон черный матовый;00-00028639
Чехол для Huawei Nova 5/P20 Lite (2019) силикон черный матовый;00-00031485
Чехол для Huawei Nova Lite 2017 силикон черный матовый;00-00005479
Чехол для Huawei Nova Plus (G9 Plus) силикон черный матовый;СН-00011508
Чехол для Huawei Nova силикон черный матовый;СН-00014556
Чехол для Huawei P Smart (Enjoy 7S) силикон черный матовый ;00-00017962
Чехол для Huawei P Smart (Enjoy 7S) силикон черный матовый Cherry;00-00011120
Чехол для Huawei P Smart 2019 силикон черный матовый;00-00027056
Чехол для Huawei P Smart 2019 силикон черный матовый Monarch;00-00028347
Чехол для Huawei P Smart Z силикон черный матовый;00-00030042
Чехол для Huawei P10 Lite силикон черный матовый;00-00004855
Чехол для Huawei P10 Lite силикон черный матовый Cherry;00-00003700
Чехол для Huawei P10 Plus силикон черный матовый;00-00015596
Чехол для Huawei P10 силикон черный матовый;СН-00016021
Чехол для Huawei P10 силикон черный матовый Cherry;00-00002558
Чехол для Huawei P20 Lite (nova 3e) силикон черный матовый;00-00015036
Чехол для Huawei P20 Lite (nova 3e) силикон черный матовый Cherry;00-00015691
Чехол для Huawei P20 Pro/P20 Plus силикон черный матовый;00-00029351
Чехол для Huawei P20 Pro/P20 Plus силикон черный матовый Cherry;00-00011128
Чехол для Huawei P20 силикон черный матовый ;00-00015264
Чехол для Huawei P20 силикон черный матовый Cherry;00-00011126
Чехол для Huawei P30 Lite/Honor 20 Lite силикон черный матовый ;00-00015265
Чехол для Huawei P30 Pro силикон черный матовый;00-00027061
Чехол для Huawei P40 Lite силикон черный матовый ;00-00038790
Чехол для Huawei P8 Lite силикон черный матовый;00-00014919
Чехол для Huawei P8 Lite силикон черный матовый Cherry;СН-00001633
Чехол для Huawei P8 Max силикон черный матовый;СН-00008092
Чехол для Huawei P8 силикон черный матовый;00-00004587
Чехол для Huawei P8 силикон черный матовый Cherry;СН-00001634
Чехол для Huawei P9 lite силикон черный матовый;00-00004608
Чехол для Huawei P9 lite силикон черный матовый Cherry;СН-00008242
Чехол для Huawei P9 lite силикон черный матовый ультратонкий;СН-00016018
Чехол для Huawei P9 Plus силикон черный матовый;00-00025708
Чехол для Huawei P9 силикон черный матовый;00-00004610
Чехол для Huawei P9 силикон черный матовый ультратонкий;СН-00017152
Чехол для Huawei View 20 силикон черный матовый;00-00030362
Чехол для Huawei View 20 силикон черный матовый Monarch;00-00028342
Чехол для Huawei Y3 2017 силикон черный матовый;00-00004211
Чехол для Huawei Y3 2017 силикон черный матовый Cherry;00-00003702
Чехол для Huawei Y3 2018 силикон черный матовый;00-00026626
Чехол для Huawei Y3 II силикон черный матовый;СН-00014562
Чехол для Huawei Y3 II силикон черный матовый Cherry;СН-00013210
Чехол для Huawei Y5 (2017) силикон черный матовый;00-00004607
Чехол для Huawei Y5 (2017) силикон черный матовый Cherry;00-00000693
Чехол для Huawei Y5 II (CUN-U29) (Honor 5A) силикон черный матовый;СН-00014566
Чехол для Huawei Y5 II (CUN-U29) (Honor 5A) силикон черный матовый Cherry;СН-00013211
Чехол для Huawei Y511 силикон черный матовый;УТ-00006559
Чехол для Huawei Y6 (2018) силикон черный матовый ;00-00024262
Чехол для Huawei Y6 (2019) силикон черный матовый ;00-00029383
Чехол для Huawei Y6 Prime 2018 силикон черный матовый;00-00029260
Чехол для Huawei Y7 (2019) силикон черный матовый;00-00032157
Чехол для Huawei Y7 Prime (2019) силикон черный матовый ;00-00029387
Чехол для Huawei Y7 Prime (2019) силикон черный матовый Monarch;00-00028359
Чехол для Huawei Y7 Prime (Enjoy 7P) силикон черный матовый ;00-00029259
Чехол для Huawei Y7 Prime (Enjoy 7P) силикон черный матовый Cherry;00-00007689
Чехол для Huawei Y7 Pro (2019) силикон черный матовый;00-00033755
Чехол для Huawei Y9 (2018) силикон черный матовый;00-00014093
Чехол для Huawei Y9 (2018) силикон черный матовый Cherry;00-00017245
Чехол для Huawei Y9 (2019) силикон черный матовый;00-00026931
Чехол для Huawei Y9 (2019) силикон черный матовый Monarch;00-00028346
Чехол для iPhone 5(5S)(SE) силикон черный матовый;00-00033459
Чехол для iPhone 5(5S)(SE) силикон черный матовый с вырезом;00-00033466
Чехол для iPhone 6 Plus(6S Plus) силикон черный матовый;00-00033505
Чехол для iPhone 6 Plus(6S Plus) силикон черный матовый с вырезом;00-00033506
Чехол для iPhone 6(6S) силикон черный матовый;00-00033249
Чехол для iPhone 6(6S) силикон черный матовый Slimedishion;00-00038962
Чехол для iPhone 7 Plus(8 Plus) силикон черный матовый;00-00033251
Чехол для iPhone 7 Plus(8 Plus) силикон черный матовый Cherry;00-00034914
Чехол для iPhone 7 Plus(8 Plus) силикон черный матовый Slimedishion;00-00038963
Чехол для iPhone 7 Plus(8 Plus) силикон черный матовый глянцевый край;00-00034932
Чехол для iPhone 7 Plus(8 Plus) силикон черный матовый с вырезом;00-00033654
Чехол для iPhone 7(8) силикон черный матовый;00-00033250
Чехол для iPhone 7(8) силикон черный матовый Slimedishion;00-00038964
Чехол для iPhone 7(8) силикон черный матовый с вырезом;00-00033556
Чехол для iPhone 7(8) силикон черный матовый с глянцевым краем;00-00033985
Чехол для iPhone X(XS) силикон черный матовый;00-00033252
Чехол для iPhone X(XS) силикон черный матовый Slimedishion;00-00038965
Чехол для iPhone X(XS) силикон черный матовый с вырезом;00-00035168
Чехол для iPhone XI (6.1) силикон черный матовый;00-00033254
Чехол для iPhone XI (6.1) силикон черный матовый Slimedishion;00-00038966
Чехол для iPhone XI Pro (5.8) силикон черный матовый;00-00033255
Чехол для iPhone XI Pro Max (6.5) силикон черный матовый;00-00033256
Чехол для iPhone XI Pro Max (6.5) силикон черный матовый Slimedishion;00-00038967
Чехол для iPhone XR силикон черный матовый;00-00033253
Чехол для iPhone XR силикон черный матовый Slimedishion;00-00038968
Чехол для iPhone XS Max силикон черный матовый;00-00034736
Чехол для iPhone XS Max силикон черный матовый с вырезом;00-00035166
Чехол для iPod Touch 5 силикон черный матовый Cherry;СН-00006365
Чехол для LeEco Le 1S силикон черный матовый;СН-00009833
Чехол для LeEco Le 2 S силикон черный матовый;СН-00009837
Чехол для LeEco Le Max 2 силикон черный матовый;СН-00009846
Чехол для LeEco Le2 (Le2 Pro) силикон черный матовый;СН-00009835
Чехол для Lenovo A Plus (A1010a20) силикон черный матовый;00-00021017
Чехол для Lenovo A Plus (A1010a20) силикон черный матовый Cherry;СН-00012659
Чехол для Lenovo A1000 силикон черный матовый;СН-00015291
Чехол для Lenovo A1000 силикон черный матовый Cherry;СН-00001636
Чехол для Lenovo A2010 силикон черный матовый;СН-00015293
Чехол для Lenovo A2010 силикон черный матовый Cherry;СН-00001637
Чехол для Lenovo A316i силикон черный матовый;УТ-00011534
Чехол для Lenovo A319 силикон черный матовый Cherry;УТ-00052275
Чехол для Lenovo A328 силикон черный матовый Cherry;УТ-00010033
Чехол для Lenovo A376 силикон черный матовый Cherry;УТ-00004922
Чехол для Lenovo A3800D (A3600) силикон черный матовый KissWill;СН-00001747
Чехол для Lenovo A5 (L18011) силикон черный матовый;00-00034313
Чехол для Lenovo A5000 силикон черный матовый;00-00014113
Чехол для Lenovo A5000 силикон черный матовый Cherry;СН-00003096
Чехол для Lenovo A516 силикон черный матовый;00-00014112
Чехол для Lenovo A516 силикон черный матовый Cherry;УТ000004083
Чехол для Lenovo A526 силикон черный матовый Cherry;УТ000004084
Чехол для Lenovo A529 силикон черный матовый Cherry;УТ000004085
Чехол для Lenovo A536 силикон черный матовый;УТ-00013593
Чехол для Lenovo A536 силикон черный матовый Cherry;СН-00005371
Чехол для Lenovo A606 силикон прозрачно-черный матовый;УТ-00007041
Чехол для Lenovo A606 силикон черный матовый;СН-00015296
Чехол для Lenovo A606 силикон черный матовый Cherry;УТ-00010036
Чехол для Lenovo A616 силикон черный матовый Cherry;СН-00006376
Чехол для Lenovo A656 силикон черный матовый Cherry;УТ000004087
Чехол для Lenovo A660 силикон черный матовый;УТ-00011527
Чехол для Lenovo A6600 силикон черный матовый Cherry;00-00005951
Чехол для Lenovo A706 силикон черный матовый Cherry;УТ-00004924
Чехол для Lenovo A7700 силикон черный матовый Cherry;00-00005952
Чехол для Lenovo A806 силикон черный матовый Cherry;СН-00007100
Чехол для Lenovo A816 силикон черный матовый Cherry;СН-00010324
Чехол для Lenovo A850 силикон прозрачно-черный матовый;УТ-00008322
Чехол для Lenovo A850 силикон черный матовый;00-00014109
Чехол для Lenovo A850 силикон черный матовый Cherry;УТ000004094
Чехол для Lenovo A859 силикон черный матовый Cherry;УТ-00000002
Чехол для Lenovo A916 силикон черный матовый;УТ-00011461
Чехол для Lenovo IdeaPhone S650 силикон черный матовый;УТ-00011524
Чехол для Lenovo IdeaPhone S650 силикон черный матовый Cherry;УТ000004107
Чехол для Lenovo K3 (A6000/A6010 Plus) силикон черный матовый;00-00002532
Чехол для Lenovo K3 (A6000/A6010 Plus) силикон черный матовый Cherry;СН-00003094
Чехол для Lenovo K3 Note (A7000) силикон черный матовый Cherry;СН-00002251
Чехол для Lenovo K3 Note (A7000) силикон черный матовый KissWill;УТ-00011874
Чехол для Lenovo K6 Note силикон черный матовый;00-00027685
Чехол для Lenovo K6 Power силикон черный матовый;СН-00010434
Чехол для Lenovo K6 Power силикон черный матовый Cherry;00-00003257
Чехол для Lenovo K8 Note (2017) силикон черный матовый Cherry;00-00003706
Чехол для Lenovo K80 силикон черный матовый KissWill;УТ-00052265
Чехол для Lenovo K900 силикон черный матовый Cherry;СН-00003889
Чехол для Lenovo P70 силикон черный матовый Cherry;УТ-00011037
Чехол для Lenovo P780 силикон черный матовый;00-00008600
Чехол для Lenovo P780 силикон черный матовый Cherry;УТ-00010059
Чехол для Lenovo P90 силикон черный матовый Cherry;СН-00006374
Чехол для Lenovo S5 силикон черный матовый ;00-00016295
Чехол для Lenovo S580 силикон черный матовый Cherry;УТ-00010062
Чехол для Lenovo S60 силикон черный матовый;00-00004863
Чехол для Lenovo S60 силикон черный матовый Cherry;СН-00000753
Чехол для Lenovo S660 силикон черный матовый;УТ-00011523
Чехол для Lenovo S660 силикон черный матовый Cherry;УТ000004108
Чехол для Lenovo S720 силикон черный матовый Cherry;СН-00004859
Чехол для Lenovo S820 силикон черный матовый;СН-00017281
Чехол для Lenovo S850 силикон черный матовый;СН-00006742
Чехол для Lenovo S850 силикон черный матовый Cherry;СН-00017744
Чехол для Lenovo S856 силикон черный матовый;СН-00011514
Чехол для Lenovo S860 силикон черный матовый;СН-00015299
Чехол для Lenovo S860 силикон черный матовый Cherry;УТ000004112
Чехол для Lenovo S880 силикон черный матовый Cherry;УТ000004113
Чехол для Lenovo S90 Sisley силикон черный матовый Cherry;СН-00004860
Чехол для Lenovo S90 силикон черный матовый;УТ-00011519
Чехол для Lenovo S920 силикон черный матовый Cherry;СН-00007099
Чехол для Lenovo S930 силикон черный матовый Cherry;УТ-00010065
Чехол для Lenovo S939 силикон черный матовый;СН-00015301
Чехол для Lenovo S939 силикон черный матовый Cherry;СН-00016485
Чехол для Lenovo Vibe C (A2020) силикон черный матовый Cherry;СН-00008036
Чехол для Lenovo Vibe C2 (C2 Power)(K10A40) силикон черный матовый;СН-00015304
Чехол для Lenovo Vibe C2 (C2 Power)(K10A40) силикон черный матовый KissWill;СН-00010440
Чехол для Lenovo Vibe K5 (A6020) (K5 Plus) силикон черный матовый;СН-00006804
Чехол для Lenovo Vibe K5 (A6020) (K5 Plus) силикон черный матовый Cherry;00-00003704
Чехол для Lenovo Vibe P1 (P1 Turbo) силикон прозрачно-черный матовый;СН-00000623
Чехол для Lenovo Vibe P1 (P1 Turbo) силикон черный матовый Cherry;СН-00007098
Чехол для Lenovo Vibe P1m силикон черный матовый;СН-00007086
Чехол для Lenovo Vibe P1m силикон черный матовый Cherry;СН-00003125
Чехол для Lenovo Vibe S1 (S1a40) силикон черный матовый;СН-00015307
Чехол для Lenovo Vibe S1 (S1a40) силикон черный матовый Cherry;СН-00001639
Чехол для Lenovo Vibe S1 Lite (S1La40) силикон черный матовый;00-00004747
Чехол для Lenovo Vibe S1 Lite (S1La40) силикон черный матовый Cherry;СН-00012660
Чехол для Lenovo Vibe Shot силикон черный матовый;СН-00000691
Чехол для Lenovo Vibe Shot силикон черный матовый Cherry;СН-00004098
Чехол для Lenovo Vibe X (S960) силикон черный матовый;УТ-00000753
Чехол для Lenovo Vibe X (S960) силикон черный матовый Cherry;УТ000004115
Чехол для Lenovo Vibe X2 силикон черный матовый Cherry;УТ-00052277
Чехол для Lenovo Vibe X3 Lite (K4 Note)(A7010) силикон черный матовый;СН-00004346
Чехол для Lenovo Vibe X3 Lite (K4 Note)(A7010) силикон черный матовый Cherry;СН-00005269
Чехол для Lenovo Vibe Z K910 силикон черный матовый;УТ-00011518
Чехол для Lenovo Vibe Z2 Pro (K920) силикон черный матовый KissWill;СН-00008676
Чехол для Lenovo Vibe Z2 силикон черный матовый;СН-00000689
Чехол для Lenovo Z5 силикон черный матовый;00-00015371
Чехол для Lenovo Z6 Lite силикон черный матовый;00-00030025
Чехол для Lenovo Z6 Pro силикон черный матовый;00-00030026
Чехол для Lenovo ZUK Z1 силикон черный матовый Cherry;СН-00008049
Чехол для Lenovo ZUK Z2 Pro силикон черный матовый KissWill;00-00024449
Чехол для LG AKA (H788N) силикон черный матовый;УТ-00011838
Чехол для LG Aristo 2 силикон черный матовый;00-00016623
Чехол для LG Bello (L80 Plus) силикон черный матовый;УТ-00008331
Чехол для LG Bello (L80 Plus) силикон черный матовый Cherry;СН-00004872
Чехол для LG Class (H650E) силикон черный матовый;СН-00004343
Чехол для LG Class (H650E) силикон черный матовый Cherry;00-00002562
Чехол для LG Fino (L70 Plus) силикон черный матовый;УТ-00008333
Чехол для LG Fino (L70 Plus) силикон черный матовый Cherry;СН-00004876
Чехол для LG G Flex 2 (H955) силикон черный матовый;УТ-00052362
Чехол для LG G Pro 2 (D838) силикон черный матовый;УТ-00009837
Чехол для LG G Pro Lite (D686) силикон черный матовый;УТ-00009809
Чехол для LG G Pro Lite (D686) силикон черный матовый Cherry;СН-00013208
Чехол для LG G2 (D802) силикон черный матовый;СН-00003475
Чехол для LG G2 mini (D618) силикон черный матовый;СН-00003493
Чехол для LG G3 (D855) силикон черный матовый;СН-00005010
Чехол для LG G3 (D855) силикон черный матовый Cherry;УТ000004132
Чехол для LG G3 Stylus (D690) силикон черный матовый;СН-00003490
Чехол для LG G3 Stylus (D690) силикон черный матовый Cherry;СН-00002255
Чехол для LG G3S/G3 Mini (D724/D725) силикон черный матовый;00-00025692
Чехол для LG G3S/G3 Mini (D724/D725) силикон черный матовый Cherry;УТ000004127
Чехол для LG G4 (H818) силикон черный матовый;СН-00002459
Чехол для LG G4 (H818) силикон черный матовый Cherry;СН-00001640
Чехол для LG G4 Stylus (H540F) силикон черный матовый;СН-00003796
Чехол для LG G4 Stylus (H540F) силикон черный матовый Cherry;СН-00005365
Чехол для LG G4c (H525N) силикон черный матовый;00-00025697
Чехол для LG G4s (H736) силикон черный матовый;СН-00006803
Чехол для LG G5 (H845) силикон черный матовый;СН-00014250
Чехол для LG G6 (H870) силикон черный матовый;СН-00015285
Чехол для LG G7 ThinQ силикон черный матовый;00-00016123
Чехол для LG K10 (2017) (M250/X400) силикон черный матовый;СН-00016735
Чехол для LG K10 (K410) силикон черный матовый;СН-00014579
Чехол для LG K10 (K410) силикон черный матовый Cherry;СН-00007115
Чехол для LG K3 (2017) силикон черный матовый;00-00014118
Чехол для LG K3 силикон черный матовый;СН-00014574
Чехол для LG K4 (2017) (X230) силикон черный матовый;00-00025707
Чехол для LG K4 (K130E) силикон черный матовый;СН-00004985
Чехол для LG K4 (K130E) силикон черный матовый Cherry;СН-00007107
Чехол для LG K5 (X220DS) силикон черный матовый;СН-00007348
Чехол для LG K5 (X220DS) силикон черный матовый Cherry;СН-00010325
Чехол для LG K7 (X210DS) силикон черный матовый;СН-00006553
Чехол для LG K7 (X210DS) силикон черный матовый Cherry;СН-00014291
Чехол для LG K7 2017 (X230) силикон черный матовый;00-00025693
Чехол для LG K8 2017 (X300/M200N) силикон черный матовый;СН-00016730
Чехол для LG K8 2017 (X300/M200N) силикон черный матовый Cherry;00-00003242
Чехол для LG K8 4G (K350N) силикон черный матовый;СН-00017280
Чехол для LG K8 4G (K350N) силикон черный матовый Cherry;СН-00007111
Чехол для LG K8 4G (K350N) силикон черный матовый NOTE;00-00014786
Чехол для LG L60 (X145) силикон черный матовый;УТ-00053128
Чехол для LG L65 (D285) силикон черный матовый;УТ-00011842
Чехол для LG L70 (D325) силикон черный матовый;УТ-00009812
Чехол для LG L90 Dual (D410) силикон черный матовый;УТ000002384
Чехол для LG Leon (H324) силикон черный матовый;СН-00002447
Чехол для LG Leon (H324) силикон черный матовый Cherry;СН-00005361
Чехол для LG Magna (H502) силикон черный матовый;УТ-00011847
Чехол для LG Magna (H502) силикон черный матовый Cherry;СН-00003104
Чехол для LG Max (X155) силикон черный матовый;СН-00001946
Чехол для LG Max (X155) силикон черный матовый Cherry;СН-00003123
Чехол для LG Nexus 4 (E960) силикон черный матовый;УТ000002389
Чехол для LG Nexus 4 (E960) силикон черный матовый Cherry;СН-00006401
Чехол для LG Nexus 5 (D821) силикон черный матовый;СН-00010075
Чехол для LG Nexus 5 (D821) силикон черный матовый Cherry;СН-00003105
Чехол для LG Nexus 5X (H791) силикон черный матовый;СН-00002465
Чехол для LG Optimus G (E970) силикон черный матовый;00-00026716
Чехол для LG Optimus G Pro E988 силикон черный матовый;УТ-00006305
Чехол для LG Optimus L3 2 (E430/E435) силикон черный матовый;УТ-00000965
Чехол для LG Optimus L4 (2) (E440/E445) силикон черный матовый;УТ-00052039
Чехол для LG Optimus L7 (P700/P705) силикон черный матовый Cherry;СН-00004874
Чехол для LG Optimus L9 (P760/P765) силикон черный матовый;УТ-00000980
Чехол для LG Optimus True HD LTE/P936 силикон черный матовый;СН-00005758
Чехол для LG Q6/LGM700 силикон черный матовый;00-00008597
Чехол для LG Q6/LGM700 силикон черный матовый Cherry;00-00003241
Чехол для LG Ray (X190) силикон черный матовый Cherry;СН-00005252
Чехол для LG Spirit (H440Y) силикон черный матовый;УТ-00011850
Чехол для LG Spirit (H440Y) силикон черный матовый Cherry;СН-00005248
Чехол для LG Stylus 3 (M400DY) силикон черный матовый;00-00014117
Чехол для LG Stylus II (K520) силикон черный матовый;СН-00015286
Чехол для LG V10 (H961S) силикон черный матовый;СН-00008107
Чехол для LG V20 силикон черный матовый;СН-00010397
Чехол для LG V40 силикон черный матовый;00-00019451
Чехол для LG X Cam силикон черный матовый;СН-00016740
Чехол для LG X Power 2 (K10 Power) силикон черный матовый;00-00002318
Чехол для LG X Power силикон черный матовый;00-00004620
Чехол для LG X Style силикон черный матовый;00-00014115
Чехол для LG С199 силикон черный матовый;СН-00005761
Чехол для Meizu 15 Lite силикон черный матовый;00-00025461
Чехол для Meizu 15 Plus силикон черный матовый;00-00015600
Чехол для Meizu 15 силикон черный матовый;00-00015598
Чехол для Meizu 16(16th)(16X) силикон черный матовый;00-00023993
Чехол для Meizu 16(16th)(16X) силикон черный матовый J-Case;00-00024428
Чехол для Meizu 16th Plus силикон черный матовый;00-00023994
Чехол для Meizu E2 силикон черный матовый;00-00015601
Чехол для Meizu E3 силикон черный матовый;00-00031783
Чехол для Meizu M2 Note силикон черный матовый;СН-00007087
Чехол для Meizu M3 Max силикон черный матовый;СН-00015958
Чехол для Meizu M3 Max силикон черный матовый Cherry;00-00017246
Чехол для Meizu M3 mini (M3s) силикон черный матовый;СН-00010444
Чехол для Meizu M3 mini (M3s) силикон черный матовый Cherry;СН-00011323
Чехол для Meizu M3 Note силикон черный матовый;СН-00014415
Чехол для Meizu M3 Note силикон черный матовый Cherry;СН-00014287
Чехол для Meizu M3E силикон черный матовый;СН-00015311
Чехол для Meizu M5 Note силикон черный матовый;СН-00015316
Чехол для Meizu M5 Note силикон черный матовый Cherry;00-00001144
Чехол для Meizu M5 силикон черный матовый;00-00004749
Чехол для Meizu M5 силикон черный матовый Cherry;СН-00014828
Чехол для Meizu M5c силикон черный матовый;00-00003879
Чехол для Meizu M5s силикон черный матовый;СН-00015368
Чехол для Meizu M5s силикон черный матовый Cherry;00-00003712
Чехол для Meizu M6 Note силикон черный матовый;00-00018740
Чехол для Meizu M6 Note силикон черный матовый Cherry;00-00007773
Чехол для Meizu M6 силикон черный матовый ;00-00016304
Чехол для Meizu M6 силикон черный матовый Cherry;00-00007769
Чехол для Meizu M6s силикон черный матовый ;00-00025462
Чехол для Meizu M6T силикон черный матовый ;00-00015859
Чехол для Meizu Metal силикон черный матовый;СН-00008126
Чехол для Meizu MX2 силикон черный матовый;СН-00008122
Чехол для Meizu MX4 Pro силикон черный матовый Jekod;УТ-00052405
Чехол для Meizu MX4 силикон черный матовый KissWill;УТ-00052407
Чехол для Meizu MX5 силикон черный матовый;00-00001851
Чехол для Meizu MX6 силикон черный матовый;СН-00015318
Чехол для Meizu Note 8 силикон черный матовый;00-00027537
Чехол для Meizu Pro 5 силикон черный матовый;СН-00007090
Чехол для Meizu Pro 6 Plus силикон черный матовый Cherry;00-00025729
Чехол для Meizu Pro 6 силикон черный матовый;СН-00015320
Чехол для Meizu Pro 6 силикон черный матовый Cherry;СН-00016648
Чехол для Meizu U10 силикон черный матовый;00-00003880
Чехол для Meizu U10 силикон черный матовый Cherry;00-00003713
Чехол для Meizu U20 силикон черный матовый;00-00004628
Чехол для Meizu U20 силикон черный матовый Cherry;СН-00012667
Чехол для Micromax Bolt (A79) силикон черный матовый;УТ-00053432
Чехол для Micromax Bolt (S300) силикон черный матовый;00-00015233
Чехол для Micromax Canvas Fire (A093) силикон черный матовый;УТ-00053438
Чехол для Micromax Canvas Juice 2/Canvas Power (AQ5001) силикон черный матовый;СН-00011681
Чехол для Micromax Canvas Juice 3 (Q392) силикон черный матовый;СН-00011682
Чехол для Micromax Canvas Knight (A350) силикон черный матовый;УТ-00011514
Чехол для Micromax Canvas Selfie 2 (Q340) силикон черный матовый;СН-00010449
Чехол для Micromax Canvas Unite (A092) силикон черный матовый;УТ-00053435
Чехол для Micromax Canvas Viva (A106) силикон черный матовый;УТ-00053426
Чехол для Micromax Turbo Mini (A200) силикон черный матовый;УТ-00053429
Чехол для Microsoft Lumia 430 силикон черный матовый;00-00025714
Чехол для Microsoft Lumia 435 силикон черный матовый;УТ-00010542
Чехол для Microsoft Lumia 532 силикон черный матовый;СН-00004969
Чехол для Microsoft Lumia 532 силикон черный матовый Cherry;СН-00006398
Чехол для Microsoft Lumia 535 силикон черный матовый;СН-00003551
Чехол для Microsoft Lumia 535 силикон черный матовый Cherry;СН-00003098
Чехол для Microsoft Lumia 540 силикон черный матовый;СН-00002400
Чехол для Microsoft Lumia 550 силикон черный матовый;СН-00010106
Чехол для Microsoft Lumia 550 силикон черный матовый Cherry;00-00002559
Чехол для Microsoft Lumia 640 XL силикон черный матовый;СН-00003558
Чехол для Microsoft Lumia 640 XL силикон черный матовый Cherry;00-00003714
Чехол для Microsoft Lumia 640 силикон черный матовый;СН-00002396
Чехол для Microsoft Lumia 640 силикон черный матовый Cherry;УТ-00053137
Чехол для Microsoft Lumia 650 силикон черный матовый;СН-00004930
Чехол для Microsoft Lumia 650 силикон черный матовый Cherry;00-00003720
Чехол для Microsoft Lumia 850 силикон черный матовый;СН-00004929
Чехол для Microsoft Lumia 850 силикон черный матовый Cherry;СН-00003813
Чехол для Microsoft Lumia 950 XL силикон черный матовый;СН-00002562
Чехол для Microsoft Lumia 950 силикон черный матовый;СН-00002795
Чехол для Motorola Moto G4 силикон черный матовый;СН-00010402
Чехол для Motorola Moto G5 силикон черный матовый;00-00014785
Чехол для Motorola Moto G5S Plus/G6 Plus силикон черный матовый;00-00014784
Чехол для Motorola Moto M силикон черный матовый;СН-00015371
Чехол для Motorola Moto X Force силикон черный матовый;СН-00015373
Чехол для Motorola Moto X Style силикон черный матовый;СН-00010404
Чехол для Motorola Moto Z Play силикон черный матовый;СН-00015327
Чехол для Motorola Moto Z силикон черный матовый;СН-00015240
Чехол для Motorola X Play силикон черный матовый;СН-00010403
Чехол для Nokia 1 силикон черный матовый ;00-00030334
Чехол для Nokia 2 силикон черный матовый;00-00006106
Чехол для Nokia 2 силикон черный матовый Cherry;00-00003717
Чехол для Nokia 2.1 силикон черный матовый;00-00024281
Чехол для Nokia 206 силикон черный матовый;СН-00012755
Чехол для Nokia 220 силикон черный матовый;СН-00005532
Чехол для Nokia 225 силикон черный матовый Cherry;СН-00003103
Чехол для Nokia 3 силикон черный матовый;00-00003881
Чехол для Nokia 3 силикон черный матовый Cherry;00-00007744
Чехол для Nokia 3.1 Plus силикон черный матовый;00-00026669
Чехол для Nokia 3.1 силикон черный матовый;00-00017389
Чехол для Nokia 5 силикон черный матовый;СН-00017437
Чехол для Nokia 5 силикон черный матовый Cherry;00-00001142
Чехол для Nokia 5.1 Plus силикон черный матовый;00-00026934
Чехол для Nokia 5.1 силикон черный матовый;00-00026932
Чехол для Nokia 515 силикон черный матовый;00-00020549
Чехол для Nokia 6 (6.1) (2018) силикон черный матовый;00-00015248
Чехол для Nokia 6 (6.1) (2018) силикон черный матовый Cherry;00-00015692
Чехол для Nokia 6 силикон черный матовый;00-00003883
Чехол для Nokia 6 силикон черный матовый Cherry;00-00002582
Чехол для Nokia 7 Plus силикон черный матовый ;00-00015269
Чехол для Nokia 7 силикон черный матовый;00-00006107
Чехол для Nokia 8 Sirocco силикон черный матовый;00-00026678
Чехол для Nokia 8 Sirocco силикон черный матовый Cherry;00-00026677
Чехол для Nokia 8 силикон черный матовый;00-00000692
Чехол для Nokia 8 силикон черный матовый Cherry;00-00026719
Чехол для Nokia 9 силикон черный матовый;00-00025231
Чехол для Nokia 9 силикон черный матовый Cherry;00-00007738
Чехол для Nokia Asha 501 силикон черный матовый Cherry;УТ-00010037
Чехол для Nokia Asha 502 силикон черный матовый;УТ-00000995
Чехол для Nokia Asha 503 силикон черный матовый ;00-00027774
Чехол для Nokia Asha 503 силикон черный матовый Cherry;УТ-00010038
Чехол для Nokia Lumia 1020 силикон черный матовый;СН-00003540
Чехол для Nokia Lumia 1020 силикон черный матовый Cherry;00-00003718
Чехол для Nokia Lumia 1320 силикон черный матовый;СН-00003536
Чехол для Nokia Lumia 1520 силикон черный матовый;СН-00003528
Чехол для Nokia Lumia 1520 силикон черный матовый Cherry;СН-00008412
Чехол для Nokia Lumia 505 силикон черный матовый;00-00030005
Чехол для Nokia Lumia 520/525 силикон черный матовый;СН-00003513
Чехол для Nokia Lumia 520/525 силикон черный матовый Cherry;СН-00016486
Чехол для Nokia Lumia 530 силикон черный матовый;УТ-00001002
Чехол для Nokia Lumia 630/635/636/638 силикон черный матовый;СН-00010101
Чехол для Nokia Lumia 630/635/636/638 силикон черный матовый Cherry;УТ-00052279
Чехол для Nokia Lumia 720 силикон черный матовый;УТ-00001014
Чехол для Nokia Lumia 720 силикон черный матовый Cherry;УТ-00010043
Чехол для Nokia Lumia 730/735 силикон черный матовый;СН-00004945
Чехол для Nokia Lumia 730/735 силикон черный матовый Cherry;УТ-00010045
Чехол для Nokia Lumia 820 силикон черный матовый Cherry;СН-00004871
Чехол для Nokia Lumia 820 силикон черный матовый Melkco;УТ000000260
Чехол для Nokia Lumia 830 силикон черный матовый;УТ-00006073
Чехол для Nokia Lumia 920 силикон черный матовый;СН-00004970
Чехол для Nokia Lumia 925 силикон черный матовый;УТ-00011511
Чехол для Nokia Lumia 930 силикон черный матовый;УТ-00009857
Чехол для Nokia Lumia 930 силикон черный матовый Cherry;СН-00008413
Чехол для Nokia N8 силикон черный матовый Cherry;00-00002561
Чехол для Nokia X (X Plus) силикон черный матовый;УТ000002039
Чехол для Nokia X (X Plus) силикон черный матовый Cherry;УТ-00010047
Чехол для Nokia X2 Dual силикон черный матовый;УТ-00001037
Чехол для Nokia X2 силикон черный матовый;СН-00003548
Чехол для Nokia X2 силикон черный матовый Cherry;УТ-00010048
Чехол для Nokia X5 силикон черный матовый;00-00024416
Чехол для Nokia X6 силикон черный матовый;00-00024419
Чехол для Nokia XL (RM 1030) силикон черный матовый;СН-00010096
Чехол для OnePlus 3 силикон прозрачно-черный матовый;СН-00016824
Чехол для OnePlus 3 силикон черный матовый;00-00003884
Чехол для OnePlus 5 силикон черный матовый;00-00003885
Чехол для OnePlus 5T силикон черный матовый;00-00017963
Чехол для OnePlus 6 (2018) силикон черный матовый;00-00017965
Чехол для OnePlus 7 (2019) силикон черный матовый;00-00030017
Чехол для OnePlus 7 Pro (2019) силикон черный матовый;00-00030020
Чехол для OnePlus X силикон прозрачно-черный матовый;00-00014009
Чехол для OnePlus X силикон черный матовый;00-00008603
Чехол для OPPO A3S силикон черный матовый;00-00034517
Чехол для OPPO A71 силикон черный матовый;00-00016883
Чехол для OPPO F3 Plus силикон черный матовый;00-00016301
Чехол для OPPO F3 силикон черный матовый;00-00016299
Чехол для OPPO F7 силикон черный матовый  ;00-00017966
Чехол для OPPO F7 силикон черный матовый Cherry ;00-00015694
Чехол для OPPO N1 mini силикон черный матовый Cherry;УТ000004143
Чехол для OPPO Realme 2 силикон черный матовый;00-00031287
Чехол для Philips Xenium S301/308/3080 силикон прозрачно-черный матовый;СН-00000001
Чехол для Philips Xenium X586 силикон черный матовый;00-00016620
Чехол для Pocophone F1 силикон черный матовый;00-00019445
Чехол для Prestigio Grace/PSP7557 силикон прозрачно-черный матовый;СН-00005206
Чехол для Prestigio Muze D3/PSP3530DUO силикон черный матовый;00-00017614
Чехол для Samsung Galaxy A10 (2019) силикон черный матовый;00-00029534
Чехол для Samsung Galaxy A20/A30 (2019) силикон черный матовый;00-00029596
Чехол для Samsung Galaxy A20/A30 (2019) силикон черный матовый Cherry;00-00030165
Чехол для Samsung Galaxy A20/A30 (2019) силикон черный матовый Monarch;00-00028362
Чехол для Samsung Galaxy A3 (2016) SM-A310 силикон черный матовый;00-00004873
Чехол для Samsung Galaxy A3 (2016) SM-A310 силикон черный матовый Cherry;СН-00003390
Чехол для Samsung Galaxy A3 (2017) (SM-A320) силикон черный матовый;СН-00014244
Чехол для Samsung Galaxy A3 (2017) (SM-A320) силикон черный матовый Cherry;СН-00012651
Чехол для Samsung Galaxy A3 SM-A300F силикон черный матовый;00-00004632
Чехол для Samsung Galaxy A3 SM-A300F силикон черный матовый Cherry;СН-00005234
Чехол для Samsung Galaxy A40 (2019) силикон черный матовый;00-00030351
Чехол для Samsung Galaxy A41 (2020) силикон черный матовый;00-00039298
Чехол для Samsung Galaxy A5 (2016) SM-A510 силикон черный матовый;СН-00005111
Чехол для Samsung Galaxy A5 (2016) SM-A510 силикон черный матовый Cherry;СН-00003393
Чехол для Samsung Galaxy A5 (2017) (SM-A520) силикон черный матовый;00-00002537
Чехол для Samsung Galaxy A5 (2017) (SM-A520) силикон черный матовый Cherry;СН-00012655
Чехол для Samsung Galaxy A5 SM-A500 силикон черный матовый;СН-00008128
Чехол для Samsung Galaxy A5 SM-A500 силикон черный матовый Cherry;УТ-00010049
Чехол для Samsung Galaxy A50/A30S (2019) силикон черный матовый;00-00029535
Чехол для Samsung Galaxy A50/A30S (2019) силикон черный матовый Cherry;00-00030166
Чехол для Samsung Galaxy A51 силикон черный матовый;00-00038796
Чехол для Samsung Galaxy A6 (2018) силикон черный матовый;00-00017386
Чехол для Samsung Galaxy A6 Plus (2018) силикон черный матовый ;00-00015263
Чехол для Samsung Galaxy A60 (2019) силикон черный матовый;00-00031486
Чехол для Samsung Galaxy A6S (2018) силикон черный матовый;00-00025230
Чехол для Samsung Galaxy A7 (2016) SM-A710 силикон черный матовый;СН-00004353
Чехол для Samsung Galaxy A7 (2016) SM-A710 силикон черный матовый Cherry;СН-00006388
Чехол для Samsung Galaxy A7 (2017) (SM-A720F) силикон черный матовый;СН-00014551
Чехол для Samsung Galaxy A7 (2017) (SM-A720F) силикон черный матовый Cherry;СН-00014837
Чехол для Samsung Galaxy A7 2018 (SM-A750F) силикон черный матовый;00-00024280
Чехол для Samsung Galaxy A7 SM-A700F силикон черный матовый;СН-00003756
Чехол для Samsung Galaxy A7 SM-A700F силикон черный матовый Cherry;УТ-00052281
Чехол для Samsung Galaxy A70 (2019) силикон черный матовый;00-00030143
Чехол для Samsung Galaxy A8 (2018) (SM-A530) силикон черный матовый;00-00008672
Чехол для Samsung Galaxy A8 Plus (2018) (SM-A730) силикон черный матовый;00-00014105
Чехол для Samsung Galaxy A80 (2019) силикон черный матовый;00-00031298
Чехол для Samsung Galaxy A9 (2016) SM-A9000 силикон черный матовый;СН-00004354
Чехол для Samsung Galaxy A9 2018 силикон черный матовый;00-00023992
Чехол для Samsung Galaxy Ace 2 GT-I8160 силикон черный матовый;УТ-00006324
Чехол для Samsung Galaxy Ace 3 GT-S7272 силикон черный матовый;СН-00005124
Чехол для Samsung Galaxy Ace 3 GT-S7272 силикон черный матовый Cherry;СН-00003111
Чехол для Samsung Galaxy Ace 4 Lite SM-G313H/SM-G318H/DS силикон черный матовый;СН-00000278
Чехол для Samsung Galaxy Ace 4 Lite SM-G313H/SM-G318H/DS силикон черный матовый Cherry;УТ-00010100
Чехол для Samsung Galaxy Ace GT-S5830 силикон черный матовый;СН-00005115
Чехол для Samsung Galaxy Ace GT-S5830 силикон черный матовый Cherry;УТ-00004938
Чехол для Samsung Galaxy Alpha SM-G850F силикон черный матовый;00-00014124
Чехол для Samsung Galaxy Alpha SM-G850F силикон черный матовый Cherry;СН-00012644
Чехол для Samsung Galaxy C5 Pro силикон черный матовый;00-00004875
Чехол для Samsung Galaxy C9 (C9 Pro) силикон черный матовый;00-00029599
Чехол для Samsung Galaxy Core 2 Duos SM-G355 силикон черный матовый;СН-00002407
Чехол для Samsung Galaxy Core 2 Duos SM-G355 силикон черный матовый Cherry;УТ000004153
Чехол для Samsung Galaxy Core GT-I8260/GT-I8262 силикон черный матовый;СН-00002417
Чехол для Samsung Galaxy Core GT-I8260/GT-I8262 силикон черный матовый Cherry;УТ-00004937
Чехол для Samsung Galaxy Core GT-I8262D силикон черный матовый;00-00014129
Чехол для Samsung Galaxy Core Plus SM-G3500 силикон черный матовый Cherry;УТ000004149
Чехол для Samsung Galaxy Core Prime SM-G360H силикон черный матовый;СН-00002921
Чехол для Samsung Galaxy Core Prime SM-G360H силикон черный матовый Cherry;УТ-00010104
Чехол для Samsung Galaxy E5 SM-E500H/DS силикон черный матовый;00-00001083
Чехол для Samsung Galaxy E7 SM-E700F силикон черный матовый Cherry;УТ-00010054
Чехол для Samsung Galaxy Grand 2 SM-G7102/SM-G7106 силикон черный матовый;СН-00003786
Чехол для Samsung Galaxy Grand 2 SM-G7102/SM-G7106 силикон черный матовый Cherry;СН-00002919
Чехол для Samsung Galaxy Grand 3 SM-G7200 силикон черный матовый;УТ-00010369
Чехол для Samsung Galaxy Grand GT-I9082 силикон черный матовый;УТ-00006338
Чехол для Samsung Galaxy Grand GT-I9082 силикон черный матовый Cherry;00-00003240
Чехол для Samsung Galaxy Grand Neo GT-I9060 силикон черный матовый;УТ-00006334
Чехол для Samsung Galaxy Grand Neo GT-I9060 силикон черный матовый Cherry;00-00005953
Чехол для Samsung Galaxy Grand Prime SM-G530H силикон черный матовый;СН-00003696
Чехол для Samsung Galaxy Grand Prime SM-G530H силикон черный матовый Cherry;УТ-00052284
Чехол для Samsung Galaxy GT-S7562 S Duos силикон черный матовый;СН-00002424
Чехол для Samsung Galaxy GT-S7562 S Duos силикон черный матовый Cherry;УТ-00010127
Чехол для Samsung Galaxy J1 (2016) SM-J120 силикон черный матовый;00-00006230
Чехол для Samsung Galaxy J1 (2016) SM-J120 силикон черный матовый Cherry;СН-00005237
Чехол для Samsung Galaxy J1 mini Prime (2017) (J106F) силикон черный матовый;00-00006224
Чехол для Samsung Galaxy J1 mini Prime (2017) (J106F) силикон черный матовый Cherry;СН-00012648
Чехол для Samsung Galaxy J1 Mini SM-J105H силикон черный матовый;00-00004648
Чехол для Samsung Galaxy J1 Mini SM-J105H силикон черный матовый Cherry;00-00001131
Чехол для Samsung Galaxy J1 SM-J100H силикон черный матовый;00-00025709
Чехол для Samsung Galaxy J2 (Pro)(2018) силикон черный матовый;00-00007892
Чехол для Samsung Galaxy J2 Core силикон черный матовый;00-00028609
Чехол для Samsung Galaxy J2 Duos SM-J200 силикон черный матовый;СН-00002443
Чехол для Samsung Galaxy J2 Prime (SM-G532F) силикон черный матовый;00-00003887
Чехол для Samsung Galaxy J2 Prime (SM-G532F) силикон черный матовый Cherry;СН-00012640
Чехол для Samsung Galaxy J3 (2017) (Emerge) силикон черный матовый;СН-00017443
Чехол для Samsung Galaxy J3 (2017) (Emerge) силикон черный матовый Cherry;00-00001134
Чехол для Samsung Galaxy J3 (2018) силикон черный матовый;00-00017970
Чехол для Samsung Galaxy J3 Duos SM-J320F силикон черный матовый;00-00006226
Чехол для Samsung Galaxy J3 Duos SM-J320F силикон черный матовый Cherry;СН-00009323
Чехол для Samsung Galaxy J4 2018 (SM-J400) силикон черный матовый;00-00017388
Чехол для Samsung Galaxy J4 2018 (SM-J400) силикон черный матовый Cherry ;00-00015698
Чехол для Samsung Galaxy J4 Plus 2018 силикон черный матовый;00-00024278
Чехол для Samsung Galaxy J5 (2016) SM-J510F силикон черный матовый;СН-00008446
Чехол для Samsung Galaxy J5 (2016) SM-J510F силикон черный матовый Cherry;СН-00007101
Чехол для Samsung Galaxy J5 (2017) SM-J530F силикон черный матовый;СН-00017446
Чехол для Samsung Galaxy J5 (2017) SM-J530F силикон черный матовый Cherry;00-00001092
Чехол для Samsung Galaxy J5 Prime (SM-G570F) силикон черный матовый;00-00003888
Чехол для Samsung Galaxy J5 Prime (SM-G570F) силикон черный матовый Cherry;СН-00010644
Чехол для Samsung Galaxy J5 SM-J500F силикон черный матовый;00-00005593
Чехол для Samsung Galaxy J6 2018 (SM-J600) силикон черный матовый;00-00017387
Чехол для Samsung Galaxy J6 2018 (SM-J600) силикон черный матовый Cherry ;00-00015761
Чехол для Samsung Galaxy J6 Plus 2018 силикон черный матовый;00-00024279
Чехол для Samsung Galaxy J7 (2016) SM-J710F силикон черный матовый;СН-00006576
Чехол для Samsung Galaxy J7 (2016) SM-J710F силикон черный матовый Cherry;СН-00005408
Чехол для Samsung Galaxy J7 (2017) (SM-J730F) силикон черный матовый;СН-00017449
Чехол для Samsung Galaxy J7 (2017) (SM-J730F) силикон черный матовый Cherry;СН-00017267
Чехол для Samsung Galaxy J7 (2018) силикон черный матовый;00-00017971
Чехол для Samsung Galaxy J7 (J700H) силикон черный матовый;00-00004634
Чехол для Samsung Galaxy J7 (J700H) силикон черный матовый Cherry;СН-00005374
Чехол для Samsung Galaxy J7 (Neo) (SM-J700/701F/DS) силикон черный матовый;00-00008673
Чехол для Samsung Galaxy J7 Prime силикон черный матовый;00-00018682
Чехол для Samsung Galaxy J7 Prime силикон черный матовый Cherry;СН-00010646
Чехол для Samsung Galaxy J8 2018 силикон черный матовый;00-00018952
Чехол для Samsung Galaxy M10 силикон черный матовый;00-00028365
Чехол для Samsung Galaxy M30S силикон черный матовый;00-00036879
Чехол для Samsung Galaxy Mega 6.3 GT-I9200 силикон черный матовый;УТ-00001083
Чехол для Samsung Galaxy Note 10 Pro силикон черный матовый;00-00031488
Чехол для Samsung Galaxy Note 10 Pro силикон черный матовый Monarch;00-00031826
Чехол для Samsung Galaxy Note 10 Pro/Plus силикон черный матовый Brosco;00-00035916
Чехол для Samsung Galaxy Note 10 силикон черный матовый;00-00031487
Чехол для Samsung Galaxy Note 10 силикон черный матовый Brosco;00-00035910
Чехол для Samsung Galaxy Note 10 силикон черный матовый Monarch;00-00031825
Чехол для Samsung Galaxy Note 2 GT-N7100 силикон черный матовый;СН-00003709
Чехол для Samsung Galaxy Note 3 Neo SM-N7505 силикон черный матовый;УТ-00001135
Чехол для Samsung Galaxy Note 3 SM-N9000 силикон черный матовый;СН-00003703
Чехол для Samsung Galaxy Note 3 SM-N9000 силикон черный матовый Cherry;УТ-00010118
Чехол для Samsung Galaxy Note 4 SM-N910C силикон черный матовый;СН-00006499
Чехол для Samsung Galaxy Note 4 SM-N910C силикон черный матовый Cherry;СН-00003150
Чехол для Samsung Galaxy Note 5 SM-N920 силикон черный матовый;СН-00002445
Чехол для Samsung Galaxy Note 8 силикон черный матовый;00-00024189
Чехол для Samsung Galaxy Note 8 силикон черный матовый Cherry;00-00003727
Чехол для Samsung Galaxy Note 9 силикон черный матовый ;00-00017972
Чехол для Samsung Galaxy Note 9 силикон черный матовый Cherry;00-00017248
Чехол для Samsung Galaxy Note GT-N7000/9220 силикон черный матовый ;СН-00003742
Чехол для Samsung Galaxy On5 SM-G550F силикон черный матовый Cherry;СН-00003110
Чехол для Samsung Galaxy On7 SM-G6000 силикон черный матовый Cherry;СН-00004882
Чехол для Samsung Galaxy S Duos GT-S7562/GT-S7560 силикон черный матовый;00-00014120
Чехол для Samsung Galaxy S10 Plus силикон черный матовый;00-00028403
Чехол для Samsung Galaxy S10 Plus силикон черный матовый Brosco;00-00035898
Чехол для Samsung Galaxy S10 силикон черный матовый;00-00028165
Чехол для Samsung Galaxy S10 силикон черный матовый Brosco;00-00035891
Чехол для Samsung Galaxy S10E силикон черный матовый;00-00028610
Чехол для Samsung Galaxy S10E силикон черный матовый Brosco;00-00035905
Чехол для Samsung Galaxy S2 GT-I9100 силикон черный матовый;00-00014119
Чехол для Samsung Galaxy S20 Plus силикон черный матовый;00-00036936
Чехол для Samsung Galaxy S20 Ultra силикон черный матовый;00-00036939
Чехол для Samsung Galaxy S20 силикон черный матовый;00-00036932
Чехол для Samsung Galaxy S3 GT-I9300 силикон черный матовый;СН-00003805
Чехол для Samsung Galaxy S3 GT-I9300 силикон черный матовый Cherry;00-00003728
Чехол для Samsung Galaxy S3 Mini GT-I8190 силикон черный матовый;00-00004642
Чехол для Samsung Galaxy S3 Mini GT-I8190 силикон черный матовый Cherry;СН-00007105
Чехол для Samsung Galaxy S4 GT-I9500 силикон черный матовый;00-00004644
Чехол для Samsung Galaxy S4 GT-I9500 силикон черный матовый Cherry;УТ-00010125
Чехол для Samsung Galaxy S4 mini GT-I9190 силикон черный матовый;СН-00003684
Чехол для Samsung Galaxy S4 mini GT-I9190 силикон черный матовый Cherry;00-00003238
Чехол для Samsung Galaxy S5 GT-I9600/SM-G900F силикон черный матовый;СН-00003772
Чехол для Samsung Galaxy S5 GT-I9600/SM-G900F силикон черный матовый Cherry;УТ000004206
Чехол для Samsung Galaxy S5 mini SM-G800F силикон черный матовый;УТ-00009868
Чехол для Samsung Galaxy S6 Edge Plus SM-G928F силикон черный матовый;СН-00005057
Чехол для Samsung Galaxy S6 Edge Plus SM-G928F силикон черный матовый Cherry;СН-00003883
Чехол для Samsung Galaxy S6 Edge Plus SM-G928F силикон черный матовый Soft-touch;СН-00014122
Чехол для Samsung Galaxy S6 Edge SM-G925F силикон черный матовый;УТ-00011832
Чехол для Samsung Galaxy S6 Edge SM-G925F силикон черный матовый Cherry;СН-00000282
Чехол для Samsung Galaxy S6 SM-G920F силикон черный матовый;СН-00006494
Чехол для Samsung Galaxy S6 SM-G920F силикон черный матовый Cherry;СН-00003112
Чехол для Samsung Galaxy S7 Edge SM-G935 силикон черный матовый;СН-00005074
Чехол для Samsung Galaxy S7 Edge SM-G935 силикон черный матовый Cherry;СН-00005241
Чехол для Samsung Galaxy S7 Plus силикон черный матовый Cherry;СН-00008241
Чехол для Samsung Galaxy S7 SM-G930 силикон черный матовый;СН-00005077
Чехол для Samsung Galaxy S7 SM-G930 силикон черный матовый Cherry;СН-00005239
Чехол для Samsung Galaxy S8 Plus силикон черный матовый;СН-00016003
Чехол для Samsung Galaxy S8 Plus силикон черный матовый Cherry;СН-00015750
Чехол для Samsung Galaxy S8 силикон черный матовый;00-00004649
Чехол для Samsung Galaxy S8 силикон черный матовый Cherry;СН-00016477
Чехол для Samsung Galaxy S9 Plus силикон черный матовый;00-00014102
Чехол для Samsung Galaxy S9 Plus силикон черный матовый Cherry;00-00008807
Чехол для Samsung Galaxy S9 силикон черный матовый;00-00014103
Чехол для Samsung Galaxy S9 силикон черный матовый Cherry;00-00008806
Чехол для Samsung Galaxy Star Advance SM-G350E силикон черный матовый Cherry;00-00001133
Чехол для Samsung Galaxy Star GT-S5282 силикон черный матовый;00-00030619
Чехол для Samsung Galaxy Star Plus GT-S7262 силикон черный матовый;СН-00005133
Чехол для Samsung Galaxy Trend GT-S7390 силикон черный матовый;СН-00005125
Чехол для Samsung Galaxy W (I8150) силикон черный матовый;00-00023811
Чехол для Samsung Galaxy Win GT-I8552 силикон черный матовый;СН-00002414
Чехол для Samsung Galaxy Win GT-I8552 силикон черный матовый Cherry;УТ000004166
Чехол для Samsung Galaxy Y Duos GT-S6102 силикон черный матовый;00-00027817
Чехол для Samsung Galaxy Young 2 SM-G130H силикон черный матовый;СН-00000697
Чехол для Samsung Galaxy Z1 SM-Z130H силикон черный матовый Cherry;УТ-00010098
Чехол для Samsung S5 Zoom силикон черный матовый Cherry;УТ000004198
Чехол для Samsung Samsung Galaxy A8 Star (2018) (A9 Star) силикон черный матовый;00-00017969
Чехол для Sony Ericsson Xperia Arc S (LT18i) силикон черный матовый;УТ000000674
Чехол для Sony Xperia 10/XA3 силикон черный матовый;00-00025208
Чехол для Sony Xperia Acro S (LT26w) силикон черный матовый;УТ-00006725
Чехол для Sony Xperia C (S39h/C2305) силикон черный матовый;СН-00010055
Чехол для Sony Xperia C (S39h/C2305) силикон черный матовый Cherry;УТ-00004943
Чехол для Sony Xperia C3 (Dual/D2502/D2533) силикон черный матовый;УТ-00010605
Чехол для Sony Xperia C3 (Dual/D2502/D2533) силикон черный матовый Cherry;УТ-00010128
Чехол для Sony Xperia C4 (Dual/E5303) силикон черный матовый;СН-00010410
Чехол для Sony Xperia C4 (Dual/E5303) силикон черный матовый Cherry;00-00002563
Чехол для Sony Xperia C5 (C5 Ultra) силикон черный матовый;СН-00002474
Чехол для Sony Xperia C5 (C5 Ultra) силикон черный матовый Cherry;00-00003730
Чехол для Sony Xperia E (Dual/C1505/C1605) силикон черный матовый;УТ000003909
Чехол для Sony Xperia E (Dual/C1505/C1605) силикон черный матовый Cherry;СН-00004868
Чехол для Sony Xperia E2 силикон черный матовый;УТ-00010612
Чехол для Sony Xperia E3 (Dual/D2203/D2212) силикон черный матовый;СН-00005034
Чехол для Sony Xperia E3 (Dual/D2203/D2212) силикон черный матовый Cherry;УТ-00010131
Чехол для Sony Xperia E4 (Dual/E2105/E2115) силикон черный матовый;УТ-00010619
Чехол для Sony Xperia E4 (Dual/E2105/E2115) силикон черный матовый Cherry;УТ-00052287
Чехол для Sony Xperia E4g (Dual/E2033) силикон черный матовый;СН-00005042
Чехол для Sony Xperia E4g (Dual/E2033) силикон черный матовый Cherry;УТ-00053946
Чехол для Sony Xperia E5 (F3311) силикон черный матовый;СН-00010411
Чехол для Sony Xperia Ion (LT28h/LT28i) силикон черный матовый;УТ000003926
Чехол для Sony Xperia J (ST26i) силикон черный матовый;СН-00003574
Чехол для Sony Xperia L1 (Dual) силикон черный матовый;00-00014098
Чехол для Sony Xperia L1 (Dual) силикон черный матовый Cherry;00-00003735
Чехол для Sony Xperia L2 (Dual) силикон черный матовый;00-00014099
Чехол для Sony Xperia M (Dual/C1905/C2005) силикон черный матовый;00-00017117
Чехол для Sony Xperia M2 (M2 Aqua) силикон черный матовый;СН-00002508
Чехол для Sony Xperia M4 (M4 Aqua) силикон черный матовый;00-00006235
Чехол для Sony Xperia M4 (M4 Aqua) силикон черный матовый Cherry;СН-00002256
Чехол для Sony Xperia M5 (Dual) силикон черный матовый;СН-00003617
Чехол для Sony Xperia M5 (Dual) силикон черный матовый Cherry;СН-00001691
Чехол для Sony Xperia P (LT22i) силикон черный матовый;УТ-00006702
Чехол для Sony Xperia P (LT22i) силикон черный матовый Cherry;УТ-00010133
Чехол для Sony Xperia SP (C5303) силикон черный матовый;УТ000003947
Чехол для Sony Xperia T2 (T2 Ultra) силикон черный матовый;СН-00003618
Чехол для Sony Xperia T3 (D5103) силикон черный матовый;СН-00010413
Чехол для Sony Xperia T3 (D5103) силикон черный матовый Cherry;00-00017249
Чехол для Sony Xperia TX (LT29i) силикон черный матовый;УТ-00006361
Чехол для Sony Xperia V (LT25i) силикон черный матовый;СН-00003678
Чехол для Sony Xperia X (Dual/F5121/F5122) силикон черный матовый;00-00006238
Чехол для Sony Xperia X (Dual/F5121/F5122) силикон черный матовый Cherry;СН-00005263
Чехол для Sony Xperia X Compact (F5321) силикон черный матовый Cherry;СН-00011329
Чехол для Sony Xperia X Performance (Dual/F8132) силикон черный матовый;СН-00008131
Чехол для Sony Xperia XA (Dual/F3112/F3111) силикон черный матовый;СН-00008133
Чехол для Sony Xperia XA (Dual/F3112/F3111) силикон черный матовый Cherry;СН-00005265
Чехол для Sony Xperia XA Ultra (F3211/F3212) силикон черный матовый;СН-00010414
Чехол для Sony Xperia XA Ultra (F3211/F3212) силикон черный матовый Cherry;СН-00008239
Чехол для Sony Xperia XA1 (Dual/G3112) силикон черный матовый;СН-00016750
Чехол для Sony Xperia XA1 (Dual/G3112) силикон черный матовый Cherry;СН-00018001
Чехол для Sony Xperia XA1 Plus силикон черный матовый;00-00005480
Чехол для Sony Xperia XA1 Ultra силикон черный матовый;00-00002324
Чехол для Sony Xperia XA1 Ultra силикон черный матовый Cherry;00-00003256
Чехол для Sony Xperia XA2 Ultra силикон черный матовый;00-00014097
Чехол для Sony Xperia XA2 Ultra силикон черный матовый Cherry;00-00011133
Чехол для Sony Xperia XA2 силикон черный матовый;00-00014096
Чехол для Sony Xperia XA2 силикон черный матовый Cherry;00-00011131
Чехол для Sony Xperia XA3 Ultra силикон черный матовый;00-00025211
Чехол для Sony Xperia XZ (Dual) силикон черный матовый;00-00004887
Чехол для Sony Xperia XZ (Dual) силикон черный матовый Cherry;00-00001292
Чехол для Sony Xperia XZ Premium (Dual) силикон черный матовый;00-00004656
Чехол для Sony Xperia XZ1 Compact силикон черный матовый;00-00017390
Чехол для Sony Xperia XZ1 силикон черный матовый;00-00006105
Чехол для Sony Xperia XZ2 Compact силикон черный матовый;00-00017391
Чехол для Sony Xperia XZ2 силикон черный матовый;00-00014101
Чехол для Sony Xperia XZ3 силикон черный матовый;00-00023185
Чехол для Sony Xperia XZs силикон черный матовый;00-00018739
Чехол для Sony Xperia Z (L36h/C6602/C6603) силикон черный матовый;00-00004657
Чехол для Sony Xperia Z (L36h/C6602/C6603) силикон черный матовый Cherry;УТ-00010082
Чехол для Sony Xperia Z Ultra (C6833) силикон черный матовый;СН-00005649
Чехол для Sony Xperia Z1 (L39h/C6902/C6903) силикон черный матовый;СН-00003626
Чехол для Sony Xperia Z1 (L39h/C6902/C6903) силикон черный матовый Cherry;00-00003254
Чехол для Sony Xperia Z1 Compact (D5503) силикон черный матовый;СН-00003657
Чехол для Sony Xperia Z1 Compact (D5503) силикон черный матовый Cherry;УТ-00010087
Чехол для Sony Xperia Z2 (D6503) силикон черный матовый;СН-00002488
Чехол для Sony Xperia Z2 (D6503) силикон черный матовый Cherry;00-00002564
Чехол для Sony Xperia Z2 Compact силикон черный матовый;00-00025702
Чехол для Sony Xperia Z3 (Dual/D6603/D6633) силикон черный матовый;СН-00005027
Чехол для Sony Xperia Z3 (Dual/D6603/D6633) силикон черный матовый Cherry;УТ-00010094
Чехол для Sony Xperia Z3 Compact (D5803/E5803) силикон черный матовый;00-00004660
Чехол для Sony Xperia Z3 Compact (D5803/E5803) силикон черный матовый Cherry;УТ-00010093
Чехол для Sony Xperia Z4 (Z3 Plus) силикон черный матовый;СН-00005026
Чехол для Sony Xperia Z4 Compact силикон черный матовый;СН-00002470
Чехол для Sony Xperia Z5 (Dual) силикон черный матовый;00-00004664
Чехол для Sony Xperia Z5 (Dual) силикон черный матовый Cherry;00-00003255
Чехол для Sony Xperia Z5 Compact (E5823) силикон черный матовый;СН-00000266
Чехол для Sony Xperia Z5 Compact (E5823) силикон черный матовый Cherry;СН-00018009
Чехол для Sony Xperia Z5 Premium (Dual/E6853) силикон черный матовый;00-00004662
Чехол для Sony Xperia Z5 Premium (Dual/E6853) силикон черный матовый Cherry;00-00003738
Чехол для Sony Xperia ZL (C6503/C6502) силикон черный матовый;00-00006241
Чехол для Sony Xperia ZR (C5502/C5503) силикон черный матовый;СН-00003632
Чехол для Tele2 Maxi LTE силикон черный матовый;00-00002539
Чехол для Tele2 Midi 1.1 силикон черный матовый;00-00002540
Чехол для Tele2 Midi силикон черный матовый;СН-00010453
Чехол для Tele2 mini 1.1 силикон черный матовый;00-00002541
Чехол для Tele2 Mini силикон черный матовый;СН-00010454
Чехол для Vivo Nex S силикон черный матовый;00-00015369
Чехол для Vivo Y91/Y95 силикон черный матовый;00-00034108
Чехол для Vivo Y93/Y93 Lite силикон черный матовый;00-00034107
Чехол для Xiaomi Black Shark силикон черный матовый;00-00025475
Чехол для Xiaomi Mi 5X (Mi A1) силикон черный матовый;00-00003263
Чехол для Xiaomi Mi 5X (Mi A1) силикон черный матовый Cherry;00-00002595
Чехол для Xiaomi Mi 6X (Mi A2) силикон черный матовый;00-00017973
Чехол для Xiaomi Mi 6X (Mi A2) силикон черный матовый Cherry;00-00011136
Чехол для Xiaomi Mi 8 SE силикон черный матовый ;00-00015758
Чехол для Xiaomi Mi 8 силикон черный матовый ;00-00015166
Чехол для Xiaomi Mi A3 Lite\Mi CC9 силикон черный матовый ;00-00031491
Чехол для Xiaomi Mi A3\Mi CC9e силикон черный матовый ;00-00031489
Чехол для Xiaomi Mi Max 2 силикон черный матовый;00-00004773
Чехол для Xiaomi Mi Max 2 силикон черный матовый Cherry;СН-00018008
Чехол для Xiaomi Mi Max 2 силикон черный матовый со строчкой;00-00028641
Чехол для Xiaomi Mi Max 3 силикон черный матовый;00-00017193
Чехол для Xiaomi Mi Max силикон черный матовый;00-00004771
Чехол для Xiaomi Mi Max силикон черный матовый Cherry;СН-00018007
Чехол для Xiaomi Mi Mix 2 силикон черный матовый;00-00017974
Чехол для Xiaomi Mi Mix 2S силикон черный матовый Cherry;00-00017831
Чехол для Xiaomi Mi Mix 3 силикон черный матовый Monarch;00-00028352
Чехол для Xiaomi Mi Mix силикон черный матовый Cherry;СН-00014633
Чехол для Xiaomi Mi Note 10 силикон черный матовый;00-00036993
Чехол для Xiaomi Mi Note 2 силикон черный матовый;00-00004894
Чехол для Xiaomi Mi Note 2 силикон черный матовый Cherry;00-00002556
Чехол для Xiaomi Mi Note 3 силикон черный матовый;00-00026936
Чехол для Xiaomi Mi Note 3 силикон черный матовый Cherry;00-00015699
Чехол для Xiaomi Mi Play силикон черный матовый;00-00030145
Чехол для Xiaomi Mi2 (Mi2S) силикон черный матовый Cherry;00-00017801
Чехол для Xiaomi MI3 силикон черный матовый Cherry;СН-00008613
Чехол для Xiaomi MI4 силикон черный матовый Cherry;00-00029188
Чехол для Xiaomi Mi4c/Mi4i силикон черный матовый Cherry;00-00003739
Чехол для Xiaomi Mi4S силикон черный матовый;00-00002542
Чехол для Xiaomi Mi4S силикон черный матовый Cherry;00-00003740
Чехол для Xiaomi Mi5 силикон черный матовый;СН-00017286
Чехол для Xiaomi Mi5 силикон черный матовый Cherry;СН-00008415
Чехол для Xiaomi Mi5C силикон черный матовый ;00-00016255
Чехол для Xiaomi Mi5C силикон черный матовый Cherry;СН-00015898
Чехол для Xiaomi Mi5C силикон черный матовый ультратонкий;СН-00016013
Чехол для Xiaomi Mi5S Plus силикон черный матовый Cherry;СН-00010650
Чехол для Xiaomi Mi5S силикон черный матовый ;00-00015602
Чехол для Xiaomi Mi5S силикон черный матовый Cherry;СН-00010649
Чехол для Xiaomi Mi6 Plus силикон черный матовый Cherry;СН-00016479
Чехол для Xiaomi Mi6 силикон черный матовый;СН-00017288
Чехол для Xiaomi Mi6 силикон черный матовый Cherry;СН-00016481
Чехол для Xiaomi Mi8 Explorer Edition силикон черный матовый;00-00026935
Чехол для Xiaomi Mi8 Lite силикон черный матовый;00-00023995
Чехол для Xiaomi Mi9 SE силикон черный матовый;00-00031394
Чехол для Xiaomi Mi9/Mi9 Lite силикон черный матовый ;00-00029386
Чехол для Xiaomi Mi9/Mi9 Lite силикон черный матовый Cherry;00-00031393
Чехол для Xiaomi Mi9T/K20/K20Pro силикон черный матовый;00-00030048
Чехол для Xiaomi Redmi 2 (2S) силикон черный матовый ;00-00015266
Чехол для Xiaomi Redmi 2 (2S) силикон черный матовый Cherry;СН-00008615
Чехол для Xiaomi Redmi 3 (3 Pro/3S) силикон черный матовый;00-00002325
Чехол для Xiaomi Redmi 3 (3 Pro/3S) силикон черный матовый Cherry;СН-00009404
Чехол для Xiaomi Redmi 3 (3 Pro/3S) силикон черный матовый ультратонкий;СН-00016012
Чехол для Xiaomi Redmi 3X силикон черный матовый;СН-00015330
Чехол для Xiaomi Redmi 4 (4s/4 Pro/4 Prime) силикон черный матовый;СН-00015332
Чехол для Xiaomi Redmi 4 (4s/4 Pro/4 Prime) силикон черный матовый Cherry;СН-00012672
Чехол для Xiaomi Redmi 4 (4s/4 Pro/4 Prime) силикон черный матовый ультратонкий;СН-00016010
Чехол для Xiaomi Redmi 4a силикон черный матовый;СН-00017294
Чехол для Xiaomi Redmi 4a силикон черный матовый Cherry;СН-00014839
Чехол для Xiaomi Redmi 4X силикон черный матовый;00-00004670
Чехол для Xiaomi Redmi 4X силикон черный матовый Cherry;СН-00015901
Чехол для Xiaomi Redmi 4X силикон черный матовый ультратонкий;СН-00016011
Чехол для Xiaomi Redmi 5 Plus силикон черный матовый;00-00006103
Чехол для Xiaomi Redmi 5 Plus силикон черный матовый Cherry;00-00011134
Чехол для Xiaomi Redmi 5 силикон черный матовый;00-00006102
Чехол для Xiaomi Redmi 5A силикон черный матовый;00-00006104
Чехол для Xiaomi Redmi 5A силикон черный матовый Cherry;00-00017803
Чехол для Xiaomi Redmi 6 Pro/Mi A2 lite силикон черный матовый;00-00017166
Чехол для Xiaomi Redmi 6 Pro/Mi A2 lite силикон черный матовый Cherry;00-00017805
Чехол для Xiaomi Redmi 6 силикон черный матовый;00-00016508
Чехол для Xiaomi Redmi 6A силикон черный матовый;00-00016509
Чехол для Xiaomi Redmi 6A силикон черный матовый Cherry;00-00017806
Чехол для Xiaomi Redmi 7 силикон черный матовый ;00-00032257
Чехол для Xiaomi Redmi 7 силикон черный матовый Cherry;00-00031387
Чехол для Xiaomi Redmi 7A силикон черный матовый ;00-00031041
Чехол для Xiaomi Redmi 8 силикон черный матовый;00-00036992
Чехол для Xiaomi Redmi 8A силикон черный матовый;00-00036994
Чехол для Xiaomi Redmi A2/6X силикон черный матовый;00-00024420
Чехол для Xiaomi Redmi GO силикон черный матовый Cherry;00-00036928
Чехол для Xiaomi Redmi K20 силикон черный матовый;00-00031405
Чехол для Xiaomi RedMi Note (HongMi Note) силикон черный матовый;СН-00017297
Чехол для Xiaomi Redmi Note 2 силикон черный матовый Cherry;СН-00006372
Чехол для Xiaomi Redmi Note 3 (Note 3 Pro) силикон черный матовый;00-00014106
Чехол для Xiaomi Redmi Note 3 (Note 3 Pro) силикон черный матовый Cherry;СН-00008441
Чехол для Xiaomi Redmi Note 4 силикон черный матовый;00-00004671
Чехол для Xiaomi Redmi Note 4 силикон черный матовый Cherry;СН-00010651
Чехол для Xiaomi Redmi Note 4X силикон черный матовый ;00-00015732
Чехол для Xiaomi Redmi Note 4X силикон черный матовый Carbon;СН-00017917
Чехол для Xiaomi Redmi Note 4X силикон черный матовый Cherry;СН-00015904
Чехол для Xiaomi Redmi Note 5 Pro силикон черный матовый;00-00014087
Чехол для Xiaomi Redmi Note 5 Pro силикон черный матовый Cherry;00-00017807
Чехол для Xiaomi Redmi Note 5 силикон черный матовый;00-00032660
Чехол для Xiaomi Redmi Note 5A (Prime) силикон черный матовый;00-00005066
Чехол для Xiaomi Redmi Note 5A (Prime) силикон черный матовый Cherry;00-00007685
Чехол для Xiaomi Redmi Note 5A Prime силикон черный матовый;00-00003890
Чехол для Xiaomi Redmi Note 5A Prime силикон черный матовый Cherry;00-00001490
Чехол для Xiaomi Redmi Note 5A силикон черный матовый ;00-00015215
Чехол для Xiaomi Redmi Note 5X силикон черный матовый;00-00015268
Чехол для Xiaomi Redmi Note 6 (Pro) силикон черный матовый ;00-00029321
Чехол для Xiaomi Redmi Note 6 Pro силикон черный матовый ;00-00024422
Чехол для Xiaomi Redmi Note 7 силикон черный матовый;00-00028615
Чехол для Xiaomi Redmi Note 7 силикон черный матовый Brosco;00-00036009
Чехол для Xiaomi Redmi Note 8 Pro силикон черный матовый;00-00033758
Чехол для Xiaomi Redmi Note 8 Pro силикон черный матовый Brosco;00-00035992
Чехол для Xiaomi Redmi Note 8 силикон черный матовый;00-00033757
Чехол для Xiaomi Redmi Note 8 силикон черный матовый Brosco;00-00036004
Чехол для Xiaomi Redmi Pro силикон черный матовый;СН-00017299
Чехол для Xiaomi Redmi S2 силикон черный матовый;00-00024021
Чехол для Xiaomi Redmi S2 силикон черный матовый Cherry;00-00015701
Чехол для ZTE Axon 7 mini силикон черный матовый;00-00004900
Чехол для ZTE Blade A3 2019 силикон черный матовый;00-00034106
Чехол для ZTE Blade A330 силикон черный матовый;00-00021022
Чехол для ZTE Blade A510 силикон черный матовый;00-00011152
Чехол для ZTE Blade A520 силикон черный матовый;00-00028795
Чехол для ZTE Blade A530 силикон черный матовый;00-00028794
Чехол для ZTE Blade A6 lite силикон черный матовый;00-00026021
Чехол для ZTE Blade A6 силикон черный матовый;00-00015463
Чехол для ZTE Blade A610 Plus силикон черный матовый;00-00015464
Чехол для ZTE Blade A610 силикон черный матовый;00-00003891
Чехол для ZTE Blade A7 2019 силикон черный матовый;00-00034105
Чехол для ZTE Blade A910 силикон черный матовый;СН-00015336
Чехол для ZTE Blade AF3/A5 (Pro) силикон черный матовый;00-00016649
Чехол для ZTE Blade G (V880G) силикон черный матовый Cherry;УТ000004025
Чехол для ZTE Blade L110 силикон черный матовый;СН-00015337
Чехол для ZTE Blade L3 силикон черный матовый;СН-00006808
Чехол для ZTE Blade L4 Pro силикон черный матовый;00-00022732
Чехол для ZTE Blade L7 силикон черный матовый;00-00000033
Чехол для ZTE Blade L7 силикон черный матовый принт;00-00014518
Чехол для ZTE Blade L8/A3 2019 силикон черный матовый;00-00034104
Чехол для ZTE Blade Q Lux силикон черный матовый;00-00029723
Чехол для ZTE Blade S6 (S6 Lite) силикон черный матовый;СН-00008135
Чехол для ZTE Blade S7 силикон черный матовый;00-00030308
Чехол для ZTE Blade V10 Vita силикон черный матовый;00-00034103
Чехол для ZTE Blade V10 силикон черный матовый;00-00029986
Чехол для ZTE Blade V2 Lite силикон черный матовый;00-00014605
Чехол для ZTE Blade V580 силикон черный матовый;00-00003895
Чехол для ZTE Blade V7 Lite силикон черный матовый;СН-00015340
Чехол для ZTE Blade V7 Max силикон черный матовый;00-00030309
Чехол для ZTE Blade V7 силикон черный матовый;СН-00011683
Чехол для ZTE Blade V8 силикон черный матовый;00-00004908
Чехол для ZTE Blade V9 Vita силикон черный матовый;00-00029668
Чехол для ZTE Blade V9 силикон черный матовый;00-00034618
Чехол для ZTE Blade X3 силикон черный матовый;00-00017167
Чехол для ZTE Blade X5 силикон черный матовый;СН-00004121
Чехол для ZTE Blade X7/Z7 (Blade V6) силикон черный матовый;00-00010260
Чехол для ZTE Blade X9 силикон черный матовый;СН-00004120
Чехол для ZTE Blade Z10 силикон черный матовый;СН-00015874
Чехол для ZTE Nubia A510 силикон черный матовый;00-00015039
Чехол для ZTE Nubia M2 Lite силикон черный матовый;00-00003893
Чехол для ZTE Nubia M2 силикон черный матовый;00-00003894
Чехол для ZTE Nubia N1 Lite силикон черный матовый;00-00031785
Чехол для ZTE Nubia Z11 Max силикон черный матовый;00-00003898
Чехол для ZTE Nubia Z11 Mini силикон черный матовый;СН-00015342
Чехол для ZTE Nubia Z11 силикон черный матовый;СН-00017300
Чехол для ZTE Nubia Z17 Mini силикон черный матовый;СН-00017302
Чехол для ZTE Nubia Z17s силикон черный матовый;00-00034324
Чехол для ZTE Q529T силикон черный матовый ;00-00001114
