мЮХЛЕМНБЮМХЕ;йНД;3;4
ALCATEL Pixi 3 4050X 4.0);00-00025318;#м/д;#м/д
Philips Xenium S386;00-00014555;#м/д;1028
Samsung Galaxy i9103R;ям-00006870;#м/д;#м/д
Acer Liquid E700;ср-00011417;#м/д;8093
Acer Liquid Z200;ср-00011286;3;8069
Acer Liquid Z330;ям-00002816;4;5860
Acer Liquid Z4 (Z160);ср-00006941;5;7741
Acer Liquid Z500;ср-00011278;6;#м/д
Acer Liquid Z530 LTE (T02);ям-00002817;7;#м/д
Acer Liquid Zest Plus (Z628);ям-00014337;8;7182
Alcatel 1 (5033);00-00028238;9;#м/д
Alcatel 1S (5024);00-00030330;10;3315
Alcatel 1X (5059DA);00-00028239;11;2925
Alcatel 3 (5053Y);00-00030333;12;3316
Alcatel 3L;00-00034326;13;4085
Alcatel 3X (5048Y) 2019;00-00037193;#м/д;4938
Alcatel 5V;00-00034274;15;#м/д
Alcatel One Touch 3X (5058I);00-00028241;#м/д;2926
Alcatel One Touch 585;ям-00005713;16;#м/д
Alcatel One Touch 815D;ям-00005721;17;6454
Alcatel One Touch 991;ям-00005722;18;#м/д
Alcatel One Touch A3 (OT-5046YDJ);00-00008302;19;691
Alcatel One Touch A3 XL (OT-9008D);00-00008303;20;692
Alcatel One Touch A5 LED (5085D);00-00005476;21;521
Alcatel One Touch Fire C (4019X);00-00027728;22;2855
Alcatel One Touch IDOL (6030D6030X);ям-00000978;23;5694
Alcatel One Touch IDOL 2 (6037BK);ср-00006054;24;#м/д
Alcatel One Touch IDOL 2 mini (6016DX);00-00025238;25;2438
Alcatel One Touch IDOL 2 mini L (6014X6014D);ср-00052335;26;8248
Alcatel One Touch IDOL 2 mini S (6036Y);ср-00011025;27;#м/д
Alcatel One Touch IDOL 2S (6050Y);00-00038631;28;#м/д
Alcatel One Touch IDOL 3 (4.7) (6039Y);ср-00011899;29;#м/д
Alcatel One Touch IDOL 3 (5.5) (6045Y);ср-00052232;30;#м/д
Alcatel One Touch IDOL 4 (6055K);ям-00008616;31;#м/д
Alcatel One Touch IDOL 4S (6070K);ям-00008618;32;6763
Alcatel One Touch IDOL Alpha (6032X);ср-00052833;33;#м/д
Alcatel One Touch IDOL mini (6012D6012X);ср000003692;#м/д;#м/д
Alcatel One Touch IDOL Ultra (6033X);ср-00011562;34;8128
Alcatel One Touch IDOL X (6040D6040);ср-00006384;35;7649
Alcatel One Touch IDOL X Plus (6043D6043X);ср-00004612;#м/д;7604
Alcatel One Touch M POP (5020D);ср-00052554;36;8275
Alcatel One Touch PIXI 3 (3.5) (4009D);ср-00052354;37;8251
Alcatel One Touch PIXI 3 (4.5) (4027D);ср-00052238;38;#м/д
Alcatel One Touch PIXI 3 (4.5) (50175019);ям-00009864;39;6850
Alcatel One Touch PIXI 3 (4013D);ям-00014404;#м/д;#м/д
Alcatel One Touch PIXI 3 (4013D4050X);ср-00052237;40;8229
Alcatel One Touch PIXI 3 (5) (5015XD);ям-00000668;41;5671
Alcatel One Touch PIXI 4 (4.0) (4034D);ям-00010217;42;6929
Alcatel One Touch PIXI 4 (5010D);00-00027726;43;#м/д
Alcatel One Touch PIXI 4 (5045D);ям-00014406;44;#м/д
Alcatel One Touch PIXI 4 (6) (8050D);ям-00010418;45;6956
Alcatel One Touch PIXI 4 (6) (9001D);ям-00010417;46;6955
Alcatel One Touch PIXI 4 Plus Power (5023F);00-00017198;47;#м/д
Alcatel One Touch PIXI FIRST (4024D);00-00031962;48;3551
Alcatel One Touch PIXITPOP (4007D4010D);ср-00052553;49;8274
Alcatel One Touch POP 2 (5042D);ср-00011322;50;#м/д
Alcatel One Touch POP 2 Premium (5) (7044);ср-00052234;51;#м/д
Alcatel One Touch POP 3 (5054D);ям-00008511;52;6750
Alcatel One Touch POP 3 (5065D5065X);ям-00010420;53;6958
Alcatel One Touch POP 4 (5051D);00-00028802;54;2994
Alcatel One Touch POP 4 Plus(5056D);ям-00008631;55;6767
Alcatel One Touch POP 4S (5095Y);ям-00014408;56;#м/д
Alcatel One Touch POP C1 (40154016);ям-00005266;57;6422
Alcatel One Touch POP C3 (4033D4033X);ср-00009757;#м/д;7797
Alcatel One Touch POP C5 (5036X5036D);ср-00009759;#м/д;#м/д
Alcatel One Touch POP C7 (7041D7040D);ср000003678;#м/д;#м/д
Alcatel One Touch POP C9 (7047A7047D);ср-00052249;58;8233
Alcatel One Touch POP D3 (4035D);ср-00052359;59;8252
Alcatel One Touch POP D5 (5038D);ср-00052228;60;8227
Alcatel One Touch POP S7 (7045Y);ср-00011556;61;#м/д
Alcatel One Touch POP S9 (7050K7050Y);ср-00011426;#м/д;#м/д
Alcatel One Touch POP STAR (5022D);ям-00010423;62;#м/д
Alcatel One Touch POP STAR 4G (5070DX);ям-00015259;63;7236
Alcatel One Touch S POP (4030D);ср-00051989;64;8161
Alcatel One Touch Scribe Easy (8000D);ср-00006492;65;7678
Alcatel One Touch Scribe HD (8008D);ср-00006498;66;7683
Alcatel One Touch Snap (7025D);ср-00006487;67;7675
Alcatel One Touch Star (6010D6010X);ср-00006469;68;7660
Alcatel One Touch Tribe (3041D3040D);ср000000038;69;8397
Alcatel One Touch U5 (4047D5044D);00-00028243;70;2927
Alcatel One Touch U5 HD (5047D);00-00009081;71;777
Alcatel One Touch X1 (7053D);ям-00010577;72;6980
Alcatel One Touch XPOP (5035D5035X);ср000003680;73;8476
Alcatel Pixi 4 (3.5);ям-00008624;74;6764
Alcatel Pixi 4 (4.0);ям-00008626;#м/д;#м/д
Alcatel Pixi 4 (5.0);ям-00009733;#м/д;6833
Alcatel Pixi 4 (6.0);ям-00008628;#м/д;6765
Alcatel Shine Lite (5080X);00-00008306;75;#м/д
ASUS Google Nexus 7;ср-00006560;#м/д;7707
ASUS PadFone S;ям-00000234;#м/д;5545
ASUS PadFone XS (PF500KL);ср-00006442;#м/д;7656
ASUS ZenFone 2 (ZE550MLZE551ML);ср-00011272;78;8068
ASUS ZenFone 2 (Zenfone 2E) (ZE500CL);ср-00052250;79;8234
ASUS ZenFone 2 Laser (ZE500KLZE500KG);ям-00000328;80;5559
ASUS ZenFone 2 Laser (ZE550KL);ям-00000298;81;5555
ASUS ZenFone 2 Laser (ZE601KL);ям-00001730;82;5722
Asus Zenfone 2 mini;ям-00002734;#м/д;5837
ASUS ZenFone 3 (ZE520KL);00-00029637;#м/д;#м/д
ASUS ZenFone 3 (ZE552KL);ям-00007841;83;6687
ASUS ZenFone 3 Deluxe (ZS550KL);ям-00015265;84;7240
ASUS ZenFone 3 Deluxe (ZS570KL);ям-00008637;85;6768
ASUS ZenFone 3 Laser (ZC551KL);ям-00010424;86;6960
ASUS ZenFone 3 Max (ZC520TL);ям-00010426;87;6961
ASUS ZenFone 3 Max (ZC553KL);ям-00015271;88;7243
ASUS ZenFone 3 Ultra (ZU680KL);ям-00009579;89;6823
ASUS ZenFone 3 ZE520KL;ям-00015262;90;7237
ASUS ZenFone 3 Zoom (ZE553KL);00-00023998;91;2290
ASUS ZenFone 3s Max (ZC521TL);00-00000713;92;32
ASUS ZenFone 4 (A400CG);ср-00009761;93;7798
ASUS ZenFone 4 (ZE554KL);00-00015246;94;1125
ASUS ZenFone 4 Max (ZC520KL);00-00014909;95;1077
ASUS ZenFone 4 Max (ZC554KL);00-00005889;96;559
ASUS ZenFone 4 Pro (ZS551KL);00-00014372;97;1014
ASUS ZenFone 4 Selfie (ZD553KL);00-00014373;98;1015
ASUS ZenFone 4.5 (A450CG);ср-00006419;99;7653
ASUS ZenFone 5 (A501CGA500KL);ср-00006423;100;#м/д
ASUS ZenFone 5 Lite (A502CG);ср-00011551;101;8124
Asus Zenfone 5 Lite NEW (ZC600KL);00-00011984;102;862
Asus Zenfone 5 NEW (ZE620KL);00-00011981;103;861
ASUS ZenFone 5Z (ZS620KL);00-00018086;104;1518
ASUS ZenFone 6 (A600CG);ср-00006176;105;7633
ASUS ZenFone 6 (ZS630KL);00-00030032;106;3241
ASUS ZenFone AR (ZS571KL);00-00000887;107;43
ASUS ZenFone C (ZC451CG);ям-00000236;108;5546
ASUS ZenFone Go (ZB452KGZB450KL);ям-00006860;109;6567
ASUS ZenFone Go (ZB500KG);ям-00012979;110;7097
ASUS ZenFone Go (ZB500KL);00-00002789;111;#м/д
ASUS ZenFone Go (ZB551KLZB552KL);ям-00017276;112;7439
ASUS ZenFone Go (ZB690KG);00-00008588;113;706
ASUS ZenFone Go (ZC451TG);00-00027691;114;2851
ASUS ZenFone Go (ZC500TG);ям-00000678;115;5673
ASUS ZenFone Live (G500TG);ям-00007219;116;#м/д
ASUS ZenFone Live (L1) (ZA550KL);00-00016677;117;1293
ASUS ZenFone Live (ZB501KL);ям-00015279;118;#м/д
ASUS Zenfone Max (M1) (ZB555KL);00-00024284;119;2362
ASUS ZenFone Max (ZC550KL);ям-00010261;120;6935
ASUS ZenFone Max M2 ZB633KLZB632KL;00-00025109;121;2424
ASUS ZenFone Max Plus (M1) (ZB570TL);00-00011985;122;863
Asus Zenfone Max Pro M1 ZB601KLZB602KL;00-00016510;123;#м/д
Asus ZenFone Max Pro M2 ZB631KL;00-00025112;124;2425
ASUS ZenFone Selfie (ZD551KL);ям-00000680;#м/д;5674
ASUS ZenFone Zoom (ZX551ML);ям-00007984;#м/д;6696
Beeline Pro 4;ям-00003872;127;6130
Beeline Smart 5;ям-00004297;#м/д;#м/д
BlackBerry Leap;ям-00010571;#м/д;6978
BlackBerry Passport;ям-00010572;#м/д;6979
BlackBerry Z10 STL100-2;ям-00006751;128;6549
BQ Amsterdam (BQS-5505);ям-00009580;129;6824
BQ Aquaris X5 Plus;ям-00016379;130;7339
BQ Aquaris X5;ям-00016378;131;7338
BQ Bond (BQS-5022);ям-00016620;132;7360
BQ Choice (BQS-5065);00-00001035;133;52
BQ Element (BQ-5032);00-00005466;134;519
BQ Fox LTE (4500L);ям-00016914;135;7403
BQ Fresh (BQS-5030);ям-00009168;136;6804
BQ Golf (BQS-4560);00-00001079;137;#м/д
BQ HighWay (BQS-5025);ям-00009167;138;6803
BQ Magic (BQS-5070);00-00008319;139;700
BQ Magic (BQS-6040L);00-00031290;140;3403
BQ Mercury (BQS-5520);ям-00009637;141;#м/д
BQ Slim (BQS-5060);00-00008321;142;702
BQ Space (BQ-5201);00-00008317;143;#м/д
BQ Strike (BQS-5020);ям-00011282;144;7008
BQ Strike 2 (BQ-5057BQru_5057);00-00005552;145;526
BQ Strike LTE (BQ-5044);00-00008312;146;697
BQ Strike Mini (BQ-4072);00-00005553;147;#м/д
BQ Strike Power (BQS-5059);00-00005474;#м/д;#м/д
BQ Strike Power (EasySE)(BQS-50595058);ям-00016465;148;#м/д
BQ Strike Power 4G (BQS-5037);00-00008589;149;707
BQ Strike Power Easy (SE)(BQ-5058);00-00008315;#м/д;#м/д
BQ Strike Selfie (BQS-5050);ям-00009633;150;6828
BQ Trend (BQS-5000L);ям-00016686;151;7369
BQ Wide (BQS-5515);ям-00009636;152;6831
DEXP Ixion Astra (ES450);ям-00009581;#м/д;6825
DEXP Ixion E350 Soul 3;ям-00016447;154;7342
DEXP Ixion EL450 Force;00-00000586;155;#м/д
DEXP Ixion ES1050D2;00-00000587;156;#м/д
DEXP Ixion ES255;ям-00011298;158;7011
DEXP Ixion ES355 Ice;ям-00016448;159;#м/д
DEXP Ixion ES550;00-00014604;161;#м/д
DEXP Ixion ES650 Omega;ям-00009582;162;#м/д
DEXP Ixion ES750 Connect;ям-00015887;163;#м/д
DEXP Ixion ES950;00-00000588;164;#м/д
DEXP Ixion Jet (E345);ям-00016446;165;#м/д
DEXP Ixion M340;00-00006499;166;#м/д
DEXP Ixion M545D1E345M445;00-00015177;167;1107
Dexp Ixion M750;00-00000593;168;11
Dexp Ixion M850;00-00000594;#м/д;12
DEXP Ixion Metal (X150);ям-00016449;169;7343
DEXP Ixion ML245;00-00000595;170;#м/д
DEXP Ixion MS450;00-00009162;171;#м/д
DEXP Ixion MS550;ям-00015643;172;#м/д
DEXP Ixion Onyx (M345);ям-00008514;#м/д;#м/д
DEXP Ixion P350;00-00000596;173;#м/д
DEXP Ixion Rock (M350);00-00000745;#м/д;#м/д
DEXP Ixion Rock Plus (MS350);ям-00011414;174;#м/д
DEXP Ixion Strike 2 (E240);ям-00008513;175;6751
DEXP Ixion Strike 3 Pro (E340M240E440);ям-00015641;176;7307
DEXP Ixion Touch (M550);ям-00015642;177;7308
DEXP Ixion XL155;00-00000597;178;13
Explay 4Game;ср-00009249;179;7757
Explay Air;ср-00009251;180;7759
Explay Atlant (A500);ср-00011364;#м/д;#м/д
Explay Bit;ср-00009253;181;#м/д
Explay Blaze;ср-00000716;#м/д;#м/д
Explay Craft;ср-00009255;182;7760
Explay Fresh;ср-00000726;#м/д;#м/д
Explay Golf;ср-00011379;#м/д;#м/д
Explay Hit;ср-00000733;#м/д;#м/д
Explay Neo;ср-00000737;#м/д;7510
Explay Onyx;ср-00009257;183;7762
Explay Rio;ср-00011825;#м/д;#м/д
Explay Vega;ср-00011827;#м/д;#м/д
FinePower C2;00-00000589;185;8
FinePower C3;00-00000590;186;9
FinePower C4;00-00004975;#м/д;490
FinePower C6;00-00000592;187;10
Fly Diamond (Diamond 2) (IQ444);ср-00011547;188;8123
Fly EGO Vision 1 Quad (IQ452);ср-00000746;189;7513
Fly Energie 3 (IQ4403);ср000002004;#м/д;#м/д
Fly ERA Energy 1 Quad (IQ4502);ср-00011545;190;8121
Fly ERA Life 1 (IQ447);ср-00011412;#м/д;8091
Fly ERA Life 5 (IQ4416);00-00029992;#м/д;3227
Fly ERA Life 6 Quad (IQ4503);ср-00011373;191;8085
Fly ERA Nano 10 (IQ4490i);ср-00011543;192;8120
Fly ERA Style 1 (IQ4402);00-00005912;#м/д;573
Fly EVO Chic 3 Quad (IQ4413);ср-00011541;#м/д;#м/д
Fly EVO Energy 4 (IQ4501);ср-00011432;#м/д;8096
Fly Pronto (IQ449);ср-00011481;#м/д;8107
Fly Quad Coral (IQ4412);ям-00007080;193;6581
Fly Quad Energie 2 (IQ4411);ср-00011540;194;8118
Fly Spark (IQ4404);ср000002007;#м/д;8436
Fly Stratus 6 (FS407);ям-00015888;195;7325
Fly Tornado Slim Octa (IQ4516);ср-00010018;#м/д;#м/д
Fly Trend (IQ443);ям-00000271;196;5552
Fly Vista (IQ451);ср-00011369;#м/д;8081
Google Pixel 2 XL;00-00018471;#м/д;1575
Google Pixel 2;00-00019370;197;1740
Google Pixel 3 XL;00-00030035;#м/д;3242
Google Pixel 3;00-00030039;#м/д;3244
Google Pixel XL;ям-00017745;198;7478
Google Pixel;ям-00017747;199;7480
Highscreen Bay;ям-00016701;200;#м/д
Highscreen Omega Q;ср-00011829;201;8130
Highscreen Power Five (Power Five Pro);ям-00004467;202;#м/д
Highscreen Power Five EVO;ям-00011700;203;#м/д
Highscreen Power Five MAX;ям-00015847;204;7324
Highscreen Power Ice MAX;00-00000048;205;#м/д
Highscreen Power Ice;ям-00007331;206;#м/д
Highscreen Power Rage;ям-00011415;207;#м/д
Highscreen Spider;ср-00000749;208;7515
Highscreen Tasty;ям-00008323;209;6724
Highscreen Thor;ср-00009333;210;7769
Honor 10 Lite;00-00015034;#м/д;1092
Honor 10;00-00018138;212;#м/д
Honor 10i;00-00030113;213;3255
Honor 20 Lite;00-00031014;214;3354
Honor 20 Pro;00-00036255;215;4796
Honor 20;00-00031012;216;3353
Honor 3;ср-00000936;217;#м/д
Honor 30 Pro30 Pro Plus;00-00039328;#м/д;5342
Honor 30;00-00039330;#м/д;5343
Honor 30S;00-00039332;#м/д;5344
Honor 3C Lite Hol-U19;ям-00000683;218;5675
Honor 3C;ср-00051985;219;#м/д
Honor 3X G750;ям-00007739;220;6665
Honor 4A (Y6);ям-00001736;222;5725
Honor 4C Pro (Y6 Pro);ям-00007334;223;#м/д
Honor 4C;00-00004591;224;#м/д
Honor 4X;00-00004593;225;#м/д
Honor 5A Play (Y6 II);ям-00008650;226;6775
Honor 5A;ям-00009638;227;#м/д
Honor 5C;ям-00010387;228;#м/д
Honor 5X;ям-00003827;229;6121
Honor 6 Plus;ям-00001627;230;5711
Honor 6;00-00004598;231;412
Honor 6A;00-00004599;232;#м/д
Honor 6C (DIG-L21HN);ям-00018006;233;#м/д
Honor 6C Pro (Honor V9 Play);00-00008199;234;682
Honor 6X (Premium) (BLN-L21);00-00000655;235;#м/д
Honor 7;ям-00003049;236;#м/д
Honor 7A (Y5 2018);00-00017346;#м/д;1403
Honor 7A Pro (Y6 (2018);00-00017243;#м/д;#м/д
Honor 7A Pro (Y6 2018);00-00023335;#м/д;2182
Honor 7A Pro (Y6 2018);00-00011956;#м/д;#м/д
Honor 7A Pro Y6 (2018);00-00017834;#м/д;#м/д
Honor 7A pro;00-00015756;#м/д;#м/д
Honor 7C PRO;00-00016614;239;1286
Honor 7C;00-00015714;#м/д;1226
Honor 7i;00-00037608;240;5018
Honor 7X;00-00025356;241;#м/д
Honor 8 Lite (P8 Lite 2017);00-00004735;243;448
Honor 8 Pro;00-00002529;244;#м/д
Honor 8;ям-00015365;245;#м/д
Honor 8A (Y6 2019);00-00028398;246;#м/д
Honor 8A;00-00028607;#м/д;#м/д
Honor 8C;00-00034220;247;4039
Honor 8SY5 (2019);00-00030110;248;#м/д
Honor 8X Max;00-00026930;249;2766
Honor 8X;00-00034172;250;#м/д
Honor 9 Lite (Honor 9 Youth Edition);00-00018141;#м/д;#м/д
Honor 9;00-00000886;252;#м/д
Honor 9A;00-00039294;#м/д;5332
Honor 9SY5P;00-00039917;#м/д;5419
Honor 9X;00-00035741;#м/д;#м/д
Honor Magic;ям-00016646;253;7364
Honor Note 10;00-00019440;254;1745
Honor P30;00-00025790;#м/д;2501
Honor Play;00-00018083;255;1516
Honor V10 (View 10);00-00008834;#м/д;763
Honor V8 Pro;00-00002313;#м/д;160
Honor V8;ям-00007357;257;6617
HTC 10 (One M10Lifestyle);ям-00006450;#м/д;6512
HTC ChaCha Status (A810e);ср000000146;#м/д;8416
HTC Desire 12 Plus;00-00030009;#м/д;#м/д
HTC Desire 200;ср000000135;260;8410
HTC Desire 210;ям-00003402;261;5903
HTC Desire 300;ср000002325;262;8453
HTC Desire 310;ср000002012;263;8439
HTC Desire 316 (516);ср-00009785;264;7806
HTC Desire 320;ср-00010635;265;7911
HTC Desire 326G (526G526 Plus);ям-00010091;266;6915
HTC Desire 500;ср-00009774;267;7801
HTC Desire 501;ср-00004902;268;7606
HTC Desire 510;ям-00004921;269;6292
HTC Desire 530 (630);00-00025713;270;#м/д
HTC Desire 600;ям-00004915;271;#м/д
HTC Desire 601;00-00025672;272;2471
HTC Desire 610;00-00009045;273;771
HTC Desire 616;00-00001080;274;54
HTC Desire 620 (620G820 mini);ям-00002379;275;#м/д
HTC Desire 626 (626G628);ям-00004338;276;#м/д
HTC Desire 700;ям-00003435;277;5932
HTC Desire 709d;ср000004039;278;#м/д
HTC Desire 728 (728G);ям-00004340;279;#м/д
HTC Desire 800 (816G);ср-00009682;280;7774
HTC Desire 820 (820G);ям-00007220;281;6599
HTC Desire 825;00-00025657;282;2466
HTC Desire 826;ям-00007847;283;6688
HTC Desire 828 (830);00-00026631;284;2691
HTC Desire 850;00-00017705;#м/д;#м/д
HTC Desire C;00-00025721;285;2491
HTC Desire Eye;ям-00003443;286;#м/д
HTC Desire HD;ям-00006079;#м/д;6477
HTC Desire S (G12);00-00025940;#м/д;2574
HTC Desire VX;ср-00000876;288;7518
HTC First;00-00025658;#м/д;2467
HTC Flyer;ср000000570;#м/д;#м/д
HTC Incredible S (G11);ср-00006526;289;#м/д
HTC One 2 (M8 Prime);ср-00009804;#м/д;#м/д
HTC One 2 (M8) mini;ям-00002387;290;5780
HTC One 2 (M8);ср-00000881;291;7520
HTC One A9;ям-00002368;292;5772
HTC One A9s;00-00023530;293;2207
HTC One E8;ям-00000238;294;5548
HTC One E9 (E9 Plus);ям-00004341;295;6237
HTC One M7 (802W);ям-00003408;296;5909
HTC One M9 Plus;ям-00002257;297;#м/д
HTC One M9;ср-00010530;298;7887
HTC One ME;ям-00007708;299;6643
HTC One mini (M4);ям-00003415;300;5916
HTC One S;ср-00006530;301;#м/д
HTC One V;ср-00010924;302;8030
HTC One X;ср-00006533;303;#м/д
HTC One X10;ям-00016450;304;7344
HTC One X9;ям-00016451;305;7345
HTC Raider X710e;ср000000141;#м/д;8414
HTC Rhyme;ср000000145;#м/д;#м/д
HTC Salsa C510e;ср000000138;#м/д;8412
HTC Sensation XL;ср000000152;#м/д;8418
HTC Titan;ср000000140;306;8413
HTC U Play (Alpine);ям-00014802;307;7217
HTC U Ultra (Ocean Note);ям-00014803;308;7218
HTC U11 Eyes;00-00017165;309;1342
HTC U11;00-00004277;310;357
HTC U12 Plus;00-00025203;311;2431
HTC U12;00-00025206;312;2432
HTC Windows Phone 8S;00-00025763;313;2500
HTC Windows Phone 8X;00-00025761;314;2499
Huawei 8SY5 (2019);00-00034218;#м/д;#м/д
Huawei Ascend D1 (U9500);ср-00053878;#м/д;#м/д
Huawei Ascend D2;ср-00052006;315;8172
Huawei Ascend G330 (U8825D);ср-00052007;316;8173
Huawei Ascend G500 Pro;ср000000044;#м/д;#м/д
Huawei Ascend G510;00-00024414;317;2376
Huawei Ascend G520G525;ям-00005507;318;6441
Huawei Ascend G526;ям-00005500;319;6437
Huawei Ascend G6 (P7 mini);ср-00009685;#м/д;#м/д
Huawei Ascend G610;ям-00005508;320;#м/д
Huawei Ascend G615;ям-00005502;#м/д;#м/д
Huawei Ascend G620;00-00008593;321;708
Huawei Ascend G620S;ям-00000317;#м/д;#м/д
Huawei Ascend G630;00-00000035;322;4
Huawei Ascend G7;ср-00052252;323;#м/д
Huawei Ascend G700;ям-00009331;324;6806
Huawei Ascend G710;ср000000042;325;8398
Huawei Ascend G730;ср-00006294;326;7639
Huawei Ascend G740;ям-00005512;327;#м/д
Huawei Ascend G8 (RIO-L01);ям-00007221;328;6600
Huawei Ascend GR3 (TAG-L21);ям-00009489;329;#м/д
Huawei Ascend Mate 7;00-00004580;330;401
Huawei Ascend Mate 8;ям-00004708;331;6248
Huawei Ascend Mate;00-00000712;#м/д;#м/д
Huawei Ascend P1 (U9200);ср-00009299;332;7764
Huawei Ascend P2;ср-00052010;333;8176
Huawei Ascend P6;00-00004582;334;403
Huawei Ascend P7;00-00004584;335;405
Huawei Ascend W1;ям-00005505;336;6440
Huawei Ascend W2;ср-00052015;337;8179
Huawei Ascend Y210;00-00024243;338;2344
Huawei Ascend Y220;ям-00005515;339;#м/д
Huawei Ascend Y221;ям-00008097;340;6707
Huawei Ascend Y3 Y336 Y3C;00-00004588;341;#м/д
Huawei Ascend Y300;ср-00052017;342;8181
Huawei Ascend Y320;ср000000064;343;#м/д
Huawei Ascend Y330;ям-00008098;344;6708
Huawei Ascend Y5;ям-00008100;345;#м/д
Huawei Ascend Y520;ср-00051983;346;8160
Huawei Ascend Y530;ср-00053838;347;8376
Huawei Ascend Y541 Y5C;00-00002316;348;#м/д
Huawei Ascend Y550;ср-00011300;349;8070
Huawei Ascend Y600;ср-00052022;350;8184
Huawei Ascend Y625;ям-00007956;351;6693
Huawei Honor View 10;00-00018453;#м/д;#м/д
Huawei Mate 10 Lite;00-00018452;#м/д;#м/д
Huawei Mate 10 Pro;00-00014359;352;1007
Huawei Mate 10;00-00017960;353;1504
Huawei Mate 20 2018;00-00024836;354;2407
Huawei Mate 20 Lite;00-00022796;355;2074
Huawei Mate 20 Pro;00-00023988;356;2281
Huawei Mate 20X;00-00025229;357;2435
Huawei Mate 30 Lite;00-00036023;358;4748
Huawei Mate 8;00-00016894;359;1340
Huawei Mate 9 Pro;ям-00015356;360;7269
Huawei Mate 9;00-00014375;361;1016
Huawei Mate S;ям-00007225;362;6603
Huawei Nexus 6P;ям-00002559;363;5824
Huawei Nova 2 Plus;00-00036752;364;4879
Huawei Nova 2;00-00000050;365;6
Huawei Nova 2i (Mate 10 LiteHonor 9i);00-00008835;366;764
Huawei Nova 2s;00-00014361;367;1008
Huawei Nova 3;00-00017793;368;1491
Huawei Nova 3i (P Smart Plus);00-00018084;369;1517
Huawei Nova 4;00-00026714;370;2705
Huawei Nova 5P20 Lite (2019);00-00031485;#м/д;3498
Huawei Nova Lite 2017;00-00005478;371;522
Huawei Nova Plus (G9 Plus);ям-00011509;372;7029
Huawei Nova;00-00002531;373;172
Huawei P Smart (Enjoy 7S);00-00015241;374;1120
Huawei P Smart 2019;00-00034173;#м/д;4005
Huawei P Smart 2020;00-00039449;#м/д;5384
Huawei P Smart Plus;00-00019443;#м/д;#м/д
Huawei P1 XL;ср-00052014;377;8178
Huawei P10 Lite;ям-00016423;378;7340
Huawei P10 Plus;ям-00016915;379;7404
Huawei P10;ям-00015101;380;7227
Huawei P20 Lite (nova 3e);00-00018135;381;#м/д
Huawei P20 ProP20 Plus;00-00018418;382;1551
Huawei P20;00-00018144;383;1534
Huawei P30 LiteHonor 20 Lite;00-00030109;#м/д;#м/д
Huawei P30 Pro;00-00027059;385;2788
Huawei P40 Lite;00-00038791;#м/д;5259
Huawei P40 Pro;00-00043129;#м/д;5494
Huawei P40;00-00038999;#м/д;5308
Huawei P8 Lite;ям-00008091;387;6703
Huawei P8 Max;ям-00008093;388;6705
Huawei P8;00-00004586;389;406
Huawei P9 lite;ям-00015358;390;7270
Huawei P9 Plus;ям-00008661;391;6781
Huawei P9;00-00004609;392;417
Huawei View 20;00-00026923;393;2765
Huawei Y3 2017;00-00006210;394;#м/д
Huawei Y3 2018;00-00026626;395;2686
Huawei Y3 II;00-00002315;396;161
Huawei Y5 (2017);00-00006211;397;608
Huawei Y5 (2018);00-00014462;#м/д;#м/д
Huawei Y5 II (CUN-U29) (Honor 5A);ям-00009905;398;#м/д
Huawei Y511;ср-00006553;399;7700
Huawei Y6 (2018);00-00016037;#м/д;#м/д
Huawei Y6 (2019);00-00034215;#м/д;#м/д
Huawei Y6 Prime 2018;00-00025358;401;#м/д
Huawei Y7 (2017);00-00000895;402;#м/д
Huawei Y7 (2019);00-00032157;403;3586
Huawei Y7 Prime (2019);00-00034842;404;4261
Huawei Y7 Prime (Enjoy 7P);00-00006501;405;621
Huawei Y7 Pro (2019);00-00028145;406;2899
Huawei Y8P;00-00039451;#м/д;5385
Huawei Y9 (2018);00-00011970;407;856
Huawei Y9 (2019);00-00026931;408;2767
LeEco Cool1;ям-00009841;422;6844
LeEco Le 1S;ям-00009832;423;6842
LeEco Le 2 S;ям-00009836;424;#м/д
LeEco Le Max 2;ям-00009845;425;6848
LeEco Le2 (Le2 Pro);00-00015179;427;1108
Lenovo A Plus (A1010a20);00-00004951;#м/д;#м/д
Lenovo A1000;ям-00015292;428;7250
Lenovo A2010;ям-00001742;430;#м/д
Lenovo A2800;ям-00001744;#м/д;5727
Lenovo A316i;ср-00011240;#м/д;#м/д
Lenovo A319;ср-00008324;433;#м/д
Lenovo A328;ср-00006118;434;#м/д
Lenovo A369i;ср-00010933;#м/д;8036
Lenovo A376;ср-00004921;436;7616
Lenovo A3800D (A3600);ям-00001746;#м/д;5729
Lenovo A3900;ям-00008109;437;6711
Lenovo A399;ср-00052366;438;8254
Lenovo A5 (L18011);00-00034313;439;4081
Lenovo A5000;ср-00052256;440;8237
Lenovo A516;ср000003875;441;8480
Lenovo A526;ср-00011530;442;8115
Lenovo A529;ср000004086;443;8496
Lenovo A536;ср-00008321;444;#м/д
Lenovo A606;ям-00000686;446;#м/д
Lenovo A616;00-00030193;447;3276
Lenovo A656;ср000004087;#м/д;8497
Lenovo A660;ср-00011527;448;8114
Lenovo A6600;00-00013981;449;873
Lenovo A6800;ям-00001748;450;5731
Lenovo A706;ср-00004924;452;7618
Lenovo A7700;00-00005952;453;575
Lenovo A800;ср-00011526;#м/д;#м/д
Lenovo A806;ям-00007100;#м/д;6587
Lenovo A816;ям-00010324;454;6937
Lenovo A850;ср-00008323;455;#м/д
Lenovo A859;00-00001382;456;#м/д
Lenovo A880;00-00030341;457;3318
Lenovo A916;ям-00014597;#м/д;7212
Lenovo IdeaPhone S650;ср-00011524;458;#м/д
Lenovo K3 (A6000A6010 Plus);ям-00011481;#м/д;7026
Lenovo K3 Music Lemon;ср-00052260;459;8238
Lenovo K3 Note (A7000);ср-00011873;#м/д;8145
Lenovo K3 Note;ср-00011319;#м/д;8074
Lenovo K6 Note;ям-00010437;463;6966
Lenovo K6 Power;00-00013985;#м/д;874
Lenovo K8 Note (2017);00-00014377;464;1018
Lenovo K80;ср-00052264;465;8240
Lenovo K900;00-00014114;466;#м/д
Lenovo P70;ср-00010325;468;#м/д
Lenovo P780;ср-00052224;469;#м/д
Lenovo P90;ср-00052269;470;#м/д
Lenovo Phab 2 Plus;00-00017202;#м/д;1347
Lenovo Phab 2 Pro;ям-00013981;#м/д;#м/д
Lenovo Phab 2;00-00013988;#м/д;#м/д
Lenovo Phab;00-00000001;#м/д;1
Lenovo S5;00-00016295;471;1256
Lenovo S580;ср-00006428;#м/д;#м/д
Lenovo S60;ям-00000688;472;#м/д
Lenovo S660;ср-00011522;473;#м/д
Lenovo S720;ям-00004859;474;6267
Lenovo S820;ям-00008117;#м/д;6712
Lenovo S850;ям-00002252;475;#м/д
Lenovo S856;ям-00011515;476;7032
Lenovo S860;ср-00011521;477;8113
Lenovo S880;ср000004114;478;8500
Lenovo S90 Sisley;ср-00052271;#м/д;#м/д
Lenovo S90;00-00027686;479;2847
Lenovo S920;00-00014108;480;901
Lenovo S930;ср-00010065;#м/д;#м/д
Lenovo S939;ям-00015301;481;7254
Lenovo Vibe B (A2016);00-00024193;483;2332
Lenovo Vibe C (A2020);ям-00008667;#м/д;6783
Lenovo Vibe C2 (C2 Power)(K10A40);00-00004611;484;#м/д
Lenovo Vibe K5 (A6020) (K5 Plus);00-00000718;485;#м/д
Lenovo Vibe K5 Note;00-00025476;#м/д;2450
Lenovo Vibe P1m;ям-00001750;487;5732
Lenovo Vibe P2;00-00014379;488;1019
Lenovo Vibe S1 (S1a40);00-00004746;#м/д;454
Lenovo Vibe S1 Lite (S1La40);ям-00008673;#м/д;#м/д
Lenovo Vibe Shot;00-00008254;491;686
Lenovo Vibe X (S960);ям-00000162;#м/д;5543
Lenovo Vibe X2;ям-00002254;492;5761
Lenovo Vibe X3 Lite (K4 Note)(A7010);ям-00001752;493;#м/д
Lenovo Vibe Z K910;ср-00052266;#м/д;8242
Lenovo Vibe Z2 Pro (K920);ям-00008675;#м/д;#м/д
Lenovo Vibe Z2;ям-00008677;494;#м/д
Lenovo Z5;00-00015371;495;1158
Lenovo Z6 Lite;00-00030025;496;3238
Lenovo Z6 Pro;00-00032431;497;3657
Lenovo Z6;00-00032441;#м/д;#м/д
Lenovo ZUK Edge;00-00013994;498;875
Lenovo ZUK Z1;ям-00008607;499;#м/д
Lenovo ZUK Z2 Pro;00-00025690;500;2474
LG AKA (H788N);ср-00011839;#м/д;8135
LG Aristo 2;00-00016623;502;1288
LG Bello (L80 Plus);ср-00008331;503;7755
LG Class (H650E);00-00025694;#м/д;2476
LG Fino (L70 Plus);ср-00008332;507;7756
LG G Flex 2 (H955);ям-00010372;#м/д;6942
LG G Pro 2 (D838);ср-00009698;#м/д;7781
LG G Pro Lite (D686);ср-00006564;#м/д;#м/д
LG G2 (D802);ям-00005014;#м/д;6338
LG G2 mini (D618);00-00006260;#м/д;#м/д
LG G3 (D855);ям-00005011;#м/д;6337
LG G3 Stylus (D690);ям-00003487;#м/д;#м/д
LG G3SG3 Mini (D724D725);ср-00011535;#м/д;#м/д
LG G4 (H818);ср-00053717;#м/д;8369
LG G4 Stylus (H540F);ям-00003494;#м/д;5974
LG G4c (H525N);00-00025698;#м/д;2478
LG G4s (H736);00-00001626;#м/д;#м/д
LG G5 (H845);00-00025705;#м/д;2480
LG G6 (H870);ям-00015562;#м/д;7300
LG G6;00-00014380;#м/д;#м/д
LG G7 ThinQ;00-00014364;508;1009
LG Joy (H220);00-00026734;#м/д;2710
LG K10 (2017) (M250X400);ям-00017279;#м/д;7441
LG K10 (2018);00-00011969;511;855
LG K10 (K410);ям-00006548;#м/д;6537
LG K3 (2017);ям-00014805;513;7219
LG K3;ям-00014578;514;7210
LG K4 (2017) (X230);00-00025707;#м/д;2482
LG K4 (K130E);ям-00007108;#м/д;6592
LG K5 (X220DS);00-00004739;#м/д;451
LG K7 (X210DS);00-00001390;#м/д;#м/д
LG K7 2017 (X230);ям-00017013;#м/д;7413
LG K8 2017 (X300M200N);00-00004615;#м/д;419
LG K8 2018;00-00011967;#м/д;854
LG K8 4G (K350N);ям-00010396;#м/д;6944
LG L40 (D170);ср-00009690;#м/д;7777
LG L50 (D221);ср-00009691;#м/д;7778
LG L60 (X145);ям-00005020;#м/д;#м/д
LG L65 (D285);ср-00011843;#м/д;8138
LG L70 (D325);ям-00006513;#м/д;#м/д
LG L80 (D380);ср-00009694;#м/д;#м/д
LG L90 Dual (D410);ср-00052042;#м/д;#м/д
LG Leon (H324);00-00004741;#м/д;#м/д
LG Magna (H502);ср-00011882;#м/д;8150
LG Max (X155);ям-00001946;#м/д;#м/д
LG Nexus 4 (E960);ср-00011015;#м/д;8055
LG Nexus 5 (D821);ям-00003504;#м/д;5979
LG Nexus 5X (H791);ям-00002466;#м/д;5800
LG Optimus 4X HD (P880);ср-00052458;#м/д;8268
LG Optimus F5;ср000000171;533;8419
LG Optimus G (E970);00-00029908;#м/д;#м/д
LG Optimus G Pro E988;ср-00006305;#м/д;#м/д
LG Optimus L3 E400;ср000000991;#м/д;#м/д
LG Optimus L3 2 (E430E435);ср-00000962;#м/д;7541
LG Optimus L4 (2) (E440E445);ср-00052036;#м/д;#м/д
LG Optimus L5 (E612);ср-00052040;#м/д;#м/д
LG Optimus L5 II DualL5 IIE450E455;ср-00010934;#м/д;#м/д
LG Optimus L7 (P700P705);ср-00052836;#м/д;8278
LG Optimus L7 IIP710P713;ям-00005759;#м/д;6458
LG Optimus L9 (P760P765);ср-00009702;#м/д;7783
LG Optimus True HD LTEP936;ям-00005758;#м/д;6457
LG Q Stylus Plus;00-00018089;554;1519
LG Q Stylus;00-00021024;555;1908
LG Q6LGM700;00-00008598;#м/д;710
LG Q8;00-00014383;557;1020
LG Ray (X190);ям-00003158;#м/д;5894
LG Ray;00-00013998;#м/д;#м/д
LG Spirit (H440Y);ср-00053720;#м/д;8371
LG Stulus 2 Plus K530K535;00-00006507;559;626
LG Stylus 3 (M400DY);00-00014117;#м/д;906
LG Stylus II (K520);ям-00015287;561;7248
LG V10 (H961S);ям-00002854;#м/д;5865
LG V20;ям-00010398;563;6946
LG V30 (V30S ThinQ);00-00014366;564;1010
LG V40;00-00019450;565;1749
LG V50 ThinQ;00-00029989;566;3226
LG X Cam;ям-00011511;567;7030
LG X Max;00-00014001;#м/д;#м/д
LG X Power 2 (K10 Power);ям-00015648;#м/д;7312
LG X Power 3;00-00018098;569;1520
LG X Power;00-00004742;570;452
LG X Screen (X ViewK500DS);ям-00004721;#м/д;6253
LG X Style;00-00004743;571;453
LG X venture LGM710DS;00-00000715;#м/д;#м/д
LG я199;ям-00005761;#м/д;6459
Meizu 15 Lite;00-00022801;573;2077
Meizu 15 Plus;00-00025359;574;2439
Meizu 15;00-00025360;575;2440
Meizu 16(16th)(16X);00-00019358;576;1736
Meizu 16th Plus;00-00019361;577;1737
Meizu E2;00-00036286;578;4807
Meizu E3;00-00021696;579;1963
Meizu M1 Mini;00-00027690;580;2850
Meizu M1 Note;ям-00001760;581;5737
Meizu M2 mini;ям-00008696;#м/д;#м/д
Meizu M2 Note;ям-00001756;582;5734
Meizu M3 Max;ям-00015959;583;7334
Meizu M3 mini (M3s);ям-00008698;#м/д;#м/д
Meizu M3 Note;ям-00009652;584;6832
Meizu M3E;ям-00015312;585;7257
Meizu M5 Note;00-00004623;587;420
Meizu M5;ям-00001763;588;5739
Meizu M5c;00-00023897;589;2270
Meizu M5s;ям-00015369;590;7272
Meizu M6 Note;00-00004420;591;371
Meizu M6;00-00015715;592;1227
Meizu M6s;00-00015716;593;1228
Meizu M6T;00-00017578;594;1481
Meizu M8;00-00034270;595;4058
Meizu Metal;ям-00001758;596;5735
Meizu MX2;ям-00008123;598;6714
Meizu MX3;ям-00016641;599;7363
Meizu MX4 Pro;ср-00053924;#м/д;8388
Meizu MX4;ср-00052406;600;#м/д
Meizu MX5 Pro;ям-00002600;#м/д;5830
Meizu MX5;00-00001852;601;139
Meizu MX6;ям-00015319;602;7260
Meizu Note 8;00-00034271;603;4059
Meizu Pro 5;ям-00007091;604;6584
Meizu Pro 6 Plus;00-00026637;605;2696
Meizu Pro 6;ям-00009654;606;#м/д
Meizu Pro 7 Plus;00-00004422;607;373
Meizu Pro 7;00-00004421;608;372
Meizu U10;00-00004626;609;421
Meizu U20;00-00004960;610;#м/д
Meizu X;ям-00015378;611;7274
Meizu X8;00-00029486;#м/д;#м/д
Micromax Bharat 2 (Q402);ям-00017096;#м/д;#м/д
Micromax Bolt (A79);ср-00053430;#м/д;8338
Micromax Bolt (D303);00-00005556;#м/д;#м/д
Micromax Bolt (D320);ям-00004272;#м/д;#м/д
Micromax Bolt (Q301);ям-00015890;#м/д;7326
Micromax Bolt (Q326);ям-00016523;#м/д;#м/д
Micromax Bolt (Q338);00-00020550;#м/д;1867
Micromax Bolt (Q346);ям-00010765;#м/д;#м/д
Micromax Bolt (Q383);ям-00015891;#м/д;7327
Micromax Bolt (S300);ям-00010497;#м/д;6976
Micromax Bolt Ultra 2Q440;00-00015183;612;#м/д
Micromax Canvas Blaze 4G Plus (Q414);ям-00010368;#м/д;6940
Micromax Canvas Fire (A093);ср-00053436;#м/д;8344
Micromax Canvas Fire 2 (A104);ср-00053421;#м/д;#м/д
Micromax Canvas Fire 3 (A107);ср-00053419;#м/д;8329
Micromax Canvas Juice 2Canvas Power (AQ5001);ср-00053420;#м/д;8330
Micromax Canvas Juice 3 (Q392);ям-00011682;#м/д;#м/д
Micromax Canvas Knight (A350);ср-00011514;#м/д;8108
Micromax Canvas Magnus (Q334);ям-00010764;#м/д;7002
Micromax Canvas Magnus HD Q421;ям-00017097;#м/д;#м/д
Micromax Canvas Nitro 2 (E311);ям-00009381;#м/д;6810
Micromax Canvas Selfie 2 (Q340);00-00016081;#м/д;#м/д
Micromax Canvas Spark (Q380);ям-00007051;#м/д;#м/д
Micromax Canvas Spark 2 (Q391);ям-00009385;#м/д;6813
Micromax Canvas Unite (A092);ср-00053433;#м/д;8341
Micromax Canvas Viva (A106);ср-00053424;#м/д;8332
Micromax Canvas Xpress 2 (E313);ям-00010370;#м/д;6941
Micromax Turbo Mini (A200);ср-00053427;#м/д;8335
Motorola Moto C Plus;00-00014384;643;1021
Motorola Moto E4 Plus;00-00015187;645;1110
Motorola Moto E4;00-00014387;646;1022
Motorola Moto E5 Play;00-00038146;#м/д;5159
Motorola Moto E5 Plus;00-00025485;647;2451
Motorola Moto G 3rd Gen;ям-00004273;#м/д;6225
Motorola Moto G;ям-00015458;#м/д;#м/д
Motorola Moto G4 play;ям-00009496;649;6821
Motorola Moto G4;ям-00010402;650;6947
Motorola Moto G5;ям-00014809;651;7223
Motorola Moto G5S PlusG6 Plus;00-00014388;652;#м/д
Motorola Moto G6;00-00018101;653;1521
Motorola Moto G7 Plus;00-00029936;654;3221
Motorola Moto G7;00-00029933;655;3220
Motorola Moto M;ям-00015372;656;7273
Motorola Moto P30 Note;00-00025489;657;2453
Motorola Moto P30 Play;00-00025487;658;2452
Motorola Moto X Force;ям-00004274;659;6226
Motorola Moto X Style;ям-00007717;661;6649
Motorola Moto Z ForceZ Force Droid;00-00014007;662;877
Motorola Moto Z Play;ям-00015328;663;7262
Motorola Moto Z;ям-00015326;664;#м/д
Motorola Moto Z2 Play;00-00014401;#м/д;1025
Motorola Moto я Plus;00-00000031;#м/д;#м/д
Motorola Moto я;ям-00017781;#м/д;7481
Motorola X Play;ям-00004275;#м/д;6227
MTC 982 O;ср-00009365;#м/д;#м/д
MTC Smart Light;00-00028248;667;2929
MTC Smart Start 3;ям-00008518;669;#м/д
MTC Smart Start;ср-00053573;670;8367
MTS Smart Race 4G;ям-00011303;#м/д;#м/д
Nokia 1;00-00011973;671;858
Nokia 2;00-00003541;673;286
Nokia 2.1;00-00015118;672;1102
Nokia 2.2;00-00039139;#м/д;5319
Nokia 206;00-00030098;674;#м/д
Nokia 216;ям-00010754;675;7001
Nokia 220;ям-00005532;#м/д;6445
Nokia 225;ям-00003103;676;#м/д
Nokia 230;ям-00004277;677;#м/д
Nokia 3;00-00003542;679;287
Nokia 3.1 Plus;00-00032657;#м/д;3709
Nokia 3.1;00-00015121;678;1103
Nokia 3.2;00-00030302;#м/д;3310
Nokia 301;ям-00012753;#м/д;7070
Nokia 3023020;ям-00005519;#м/д;6443
Nokia 3310 (2017);ям-00015564;680;7302
Nokia 4.2;00-00030305;#м/д;#м/д
Nokia 5;00-00000690;682;#м/д
Nokia 5.1 Plus;00-00032656;#м/д;3708
Nokia 5.1;00-00015124;681;1104
Nokia 515;ср-00010384;683;#м/д
Nokia 535;00-00016916;#м/д;1341
Nokia 6 (6.1) (2018);00-00012247;#м/д;871
Nokia 6;ям-00015962;685;7335
Nokia 7 Plus;00-00012001;686;864
Nokia 7;00-00006107;688;605
Nokia 7.1;00-00027008;687;2780
Nokia 700;ср000000238;689;#м/д
Nokia 8 Sirocco;00-00026653;690;2698
Nokia 8;00-00003545;692;290
Nokia 8.1;00-00028251;691;2930
Nokia 808 PureView;ср-00010949;#м/д;8042
Nokia 9;00-00021694;693;1962
Nokia Asha 230;ям-00005533;694;6446
Nokia Asha 311;00-00030099;695;3248
Nokia Asha 501;ср000000244;696;8429
Nokia Asha 502;ср-00000983;697;7547
Nokia Asha 503;00-00027774;698;2862
Nokia Asha N603;ям-00005526;#м/д;6444
NOKIA C7;ср-00006589;#м/д;7714
Nokia Lumia 1020;ям-00002554;#м/д;#м/д
Nokia Lumia 1320;ям-00003533;701;6000
Nokia Lumia 1520;ям-00003526;702;#м/д
Nokia Lumia 505;ср000000242;703;8428
Nokia Lumia 520525;ср-00052045;704;8196
Nokia Lumia 530;ср-00000999;#м/д;#м/д
Nokia Lumia 610;ям-00005540;706;6447
Nokia Lumia 620;ср-00052048;707;8197
Nokia Lumia 625;ям-00004962;#м/д;#м/д
Nokia Lumia 630635636638;ср-00053701;#м/д;#м/д
Nokia Lumia 720;ср-00052051;709;8199
Nokia Lumia 730735;ср-00010684;710;#м/д
Nokia Lumia 800;00-00030003;#м/д;3229
Nokia Lumia 820;ср000000223;711;8422
Nokia Lumia 830;ср-00011303;712;#м/д
Nokia Lumia 920;ср-00052055;713;#м/д
Nokia Lumia 925;ср-00011513;#м/д;#м/д
Nokia Lumia 928;ср000000228;#м/д;8423
Nokia Lumia 930;ср-00052063;#м/д;#м/д
NOKIA N710;ям-00005544;#м/д;6448
Nokia N8;00-00002420;#м/д;#м/д
Nokia X (X Plus);ср-00052066;#м/д;8204
Nokia X2 Dual;ср-00001033;#м/д;7567
Nokia X2;ям-00003543;#м/д;6008
Nokia X5;00-00024416;717;2377
Nokia X6;00-00024419;718;2378
Nokia X7;00-00027011;719;2781
Nokia XL (RM 1030);ср-00052068;#м/д;8206
OnePlus 2;ям-00001767;#м/д;5742
OnePlus 3;ям-00016824;#м/д;7400
OnePlus 5;00-00003885;#м/д;332
OnePlus 5T;00-00025361;725;2441
OnePlus 6 (2018);00-00025362;726;2442
OnePlus 6T (2018);00-00019454;727;1751
OnePlus 7 (2019);00-00030017;728;3236
OnePlus 7 Pro (2019);00-00030020;729;3237
OnePlus One;ям-00001765;#м/д;5741
OnePlus X;00-00014008;731;878
OPPO A1k;00-00034522;732;4130
OPPO A3S;00-00034517;733;4128
OPPO A3SA5S;00-00036151;#м/д;4757
OPPO A5 (2020);00-00042903;#м/д;5460
OPPO A52;00-00039454;#м/д;5386
OPPO A5S;00-00038148;#м/д;5160
OPPO A71;00-00022978;734;#м/д
OPPO A9 (2020);00-00039456;#м/д;5387
OPPO A92S;00-00039459;#м/д;5388
OPPO F3 Plus;00-00016301;736;1258
OPPO F3;00-00016299;737;1257
OPPO F5;00-00008640;738;713
OPPO F7;00-00011954;739;849
OPPO N1 mini;ср000004143;#м/д;8510
OPPO R11S Plus;00-00022989;740;2113
OPPO R11S;00-00022988;741;2112
OPPO R815R833;ср000001242;#м/д;#м/д
OPPO R819;ср000001243;#м/д;#м/д
OPPO R821;ср000001244;742;8432
OPPO R9;00-00003286;743;256
OPPO Realme 2;00-00031287;744;3402
OPPO Realme 3 Pro;00-00030029;745;3240
OPPO Realme 5 Pro;00-00039006;#м/д;5310
OPPO Realme 5;00-00039003;#м/д;5309
OPPO Realme 6i;00-00042908;#м/д;5461
OPPO Realme C2;00-00042911;#м/д;5462
OPPO Realme X2 Pro;00-00042914;#м/д;5463
OPPO RX17 Pro;00-00034516;746;4127
OPPO X909;ср-00052421;747;8267
Oukitel Mix 2;00-00034518;748;4129
Philips Xenium S3013083080;ям-00000001;#м/д;#м/д
Philips Xenium S326;00-00014911;#м/д;#м/д
Philips Xenium W732;ср-00011900;#м/д;#м/д
Philips Xenium X586;00-00016620;#м/д;#м/д
Philips Xenium X818;ям-00011417;#м/д;7023
Pocophone F1;00-00022799;752;2075
Prestigio Grace M5PSP5511DUO;00-00017183;753;#м/д
Prestigio Grace P5;00-00015543;754;1166
Prestigio Grace P7PSP7570;00-00028294;755;2934
Prestigio Grace Q5PSP5506DUO;00-00015578;756;1171
Prestigio Grace R5;00-00015587;757;#м/д
Prestigio Grace S5PSP5551DUO;00-00015582;#м/д;#м/д
Prestigio Grace S7PSP7551DUO;00-00015548;758;1168
Prestigio GracePSP7557;ям-00005206;759;6400
Prestigio Muze B3PSP3512DUO;00-00015554;760;1170
Prestigio Muze C5C7;00-00015546;761;1167
Prestigio Muze D3PSP3530DUO;ям-00011699;762;#м/д
Prestigio Muze E5 LTEPSP5545;00-00028297;764;#м/д
Prestigio Muze G3PSP3511DUO;00-00022182;766;#м/д
Prestigio Muze G5 LTEPSP5522;00-00028300;767;#м/д
Prestigio Muze V3 LTEPSP3495;00-00028303;768;#м/д
Prestigio Muze X5 LTEPSP5518DUO;00-00023930;#м/д;#м/д
Prestigio Wize G3PSP3510 DUO;00-00015552;769;1169
Prestigio Wize Q3PSP3471 DUO;00-00023927;770;2278
Realmi 6 Pro;00-00039462;#м/д;5389
Samsung Galaxy A01;00-00038151;#м/д;5161
Samsung Galaxy A10 (2019);00-00037311;771;4959
Samsung Galaxy A10S (2019);00-00036334;772;4854
Samsung Galaxy A11M11;00-00039465;#м/д;5390
Samsung Galaxy A2 Core;00-00031331;773;3438
Samsung Galaxy A20 (2019);00-00030115;#м/д;#м/д
Samsung Galaxy A20A30 (2019);00-00034191;774;4021
Samsung Galaxy A20S (2019);00-00036325;775;4845
Samsung Galaxy A21S;00-00042789;#м/д;5431
Samsung Galaxy A3 (2016) SM-A310;00-00004874;776;472
Samsung Galaxy A3 (2017) (SM-A320);ям-00013335;777;7108
Samsung Galaxy A3 SM-A300F;00-00004631;778;423
Samsung Galaxy A31;00-00042792;#м/д;5434
Samsung Galaxy A40 (2019);00-00034183;779;4014
Samsung Galaxy A41 (2020);00-00038959;#м/д;5287
Samsung Galaxy A5 (2016) SM-A510;ям-00011692;781;7046
Samsung Galaxy A5 (2017) (SM-A520);00-00002538;782;#м/д
Samsung Galaxy A5 SM-A500;ям-00003757;#м/д;6083
Samsung Galaxy A5SM-A500;00-00032813;785;#м/д
Samsung Galaxy A50A30S (2019);00-00035053;783;#м/д
Samsung Galaxy A50S (2019);00-00034764;#м/д;#м/д
Samsung Galaxy A51;00-00042794;784;5436
Samsung Galaxy A6 (2018);00-00034425;786;#м/д
Samsung Galaxy A6 Plus (2018);00-00034196;787;4026
Samsung Galaxy A60 (2019);00-00029923;788;3216
Samsung Galaxy A6S (2018);00-00026634;789;2694
Samsung Galaxy A7 (2016) SM-A710;ям-00004352;#м/д;6241
Samsung Galaxy A7 (2017) (SM-A720F);ям-00015374;#м/д;#м/д
Samsung Galaxy A7 2018 (SM-A750F);00-00024210;#м/д;2341
Samsung Galaxy A7 SM-A700F;ср-00053724;#м/д;8372
Samsung Galaxy A70 (2019);00-00034187;793;4018
Samsung Galaxy A71;00-00038152;#м/д;5162
Samsung Galaxy A8 (2018) (SM-A530);00-00018162;795;1544
Samsung Galaxy A8 2018SM-A530;00-00004936;#м/д;#м/д
Samsung Galaxy A8 Plus (2018) (SM-A730);00-00034203;796;#м/д
Samsung Galaxy A8 Plus 2018SM-A730;00-00004938;#м/д;#м/д
Samsung Galaxy A8 SM-A800F;ям-00000311;#м/д;5558
Samsung Galaxy A80 (2019);00-00030117;#м/д;3257
Samsung Galaxy A9 (2016) SM-A9000;ям-00004355;800;6244
Samsung Galaxy A9 2018;00-00023999;801;2291
Samsung Galaxy A91S10 Lite (2020);00-00039140;#м/д;5320
Samsung Galaxy Ace 2 GT-I8160;ям-00003724;802;#м/д
Samsung Galaxy Ace 3 GT-S7272;ям-00003710;803;6064
Samsung Galaxy Ace 4 Lite SM-G313HSM-G318HDS;ям-00002764;804;5856
Samsung Galaxy Ace Duos (GT-S6802);ям-00005868;#м/д;#м/д
Samsung Galaxy Ace GT-S5830;ям-00005118;805;#м/д
Samsung Galaxy Ace Style LTE SM-G357FZ;ям-00011468;806;7024
Samsung Galaxy Alpha SM-G850F;ср-00006135;807;#м/д
Samsung Galaxy Beam GT-I8530;ям-00005827;808;6463
Samsung Galaxy C5 Pro;00-00004876;809;474
Samsung Galaxy C5 SM-C5000;ям-00015963;810;#м/д
Samsung Galaxy C7 (C7000);ям-00008519;811;6754
Samsung Galaxy C9 (C9 Pro);00-00029599;#м/д;3168
Samsung Galaxy Core 2 Duos SM-G355;ср-00009265;813;#м/д
Samsung Galaxy Core GT-I8260GT-I8262;ям-00002418;814;#м/д
Samsung Galaxy Core GT-I8262D;00-00014129;#м/д;909
Samsung Galaxy Core Plus SM-G3500;ср000004147;815;#м/д
Samsung Galaxy Core Prime SM-G360H;ям-00003773;816;6095
Samsung Galaxy E5 SM-E500HDS;ср-00010712;#м/д;#м/д
Samsung Galaxy E7 SM-E700F;ям-00003115;#м/д;5888
Samsung Galaxy Express 2 SM-G3815;ям-00005816;#м/д;6461
Samsung Galaxy Express GT-I8730;ср000000098;#м/д;#м/д
Samsung Galaxy Fit GT-S5670;ям-00007412;#м/д;6622
Samsung Galaxy Gio (GT-S5660);ям-00007413;#м/д;6623
Samsung Galaxy Grand 2 SM-G7102SM-G7106;ям-00003780;#м/д;6102
Samsung Galaxy Grand 3 SM-G7200;ср-00010761;#м/д;7979
Samsung Galaxy Grand GT-I9082;ср-00001078;823;7581
Samsung Galaxy Grand Neo GT-I9060;ср-00001076;#м/д;#м/д
Samsung Galaxy Grand Prime SM-G530H;00-00001280;#м/д;#м/д
Samsung Galaxy GT-S7562 S Duos;ям-00003787;#м/д;#м/д
Samsung Galaxy J1 (2016) SM-J120;ям-00005090;826;#м/д
ЬМСПЙЮ;ям-00004093;#м/д;#м/д
Samsung Galaxy J1 Ace J110;00-00025716;#м/д;#м/д
Samsung Galaxy J1 mini Prime (2017) (J106F);ям-00012438;#м/д;#м/д
Samsung Galaxy J1 Mini SM-J105H;ям-00005099;829;6378
Samsung Galaxy J1 SM-J100H;ям-00007828;#м/д;6683
Samsung Galaxy J2 (Pro)(2018);00-00007895;831;677
Samsung Galaxy J2 Core;00-00034854;832;#м/д
Samsung Galaxy J2 Duos SM-J200;ям-00002443;833;5788
Samsung Galaxy J2 Prime (SM-G532F);ям-00013934;834;#м/д
Samsung Galaxy J3 (2017) (Emerge);ям-00011613;835;7041
Samsung Galaxy J3 (2017);00-00014814;#м/д;#м/д
Samsung Galaxy J3 (2018);00-00018456;836;#м/д
Samsung Galaxy J3 Duos SM-J320F;00-00005783;837;536
Samsung Galaxy J3 Prime;00-00038633;#м/д;5248
Samsung Galaxy J3 SM-J300;ям-00004008;#м/д;#м/д
Samsung Galaxy J4 2018 (SM-J400);00-00017210;838;#м/д
Samsung Galaxy J4 Core;00-00025796;839;2503
Samsung Galaxy J4 Plus 2018;00-00034199;840;#м/д
Samsung Galaxy J5 (2016) SM-J510F;00-00001100;841;58
Samsung Galaxy J5 (2017) SM-J530F;00-00004759;842;459
Samsung Galaxy J5 (2018) SM-J500;00-00016292;#м/д;#м/д
Samsung Galaxy J5 Prime (SM-G570F);00-00004761;843;460
Samsung Galaxy J5 SM-J500F;ср-00011894;844;#м/д
Samsung Galaxy J6 2018 (SM-J600);00-00023051;845;2125
Samsung Galaxy J6 Plus 2018;00-00034201;846;4030
Samsung Galaxy J7 (2016) SM-J710F;ям-00006580;847;6545
Samsung Galaxy J7 (2017) (SM-J730F);00-00006227;848;611
Samsung Galaxy J7 (2018);00-00015719;849;1229
Samsung Galaxy J7 (J700H);00-00024286;#м/д;2363
Samsung Galaxy J7 (Neo) (SM-J700701FDS);00-00015258;850;1137
Samsung Galaxy J7 Prime;00-00024075;851;2320
Samsung Galaxy J8 2018;00-00018458;853;1566
Samsung Galaxy M10;00-00028365;854;2948
Samsung Galaxy M21;00-00039472;#м/д;5392
Samsung Galaxy M30S;00-00039048;856;5312
Samsung Galaxy M31;00-00039474;#м/д;5393
SAMSUNG Galaxy Mega 2 SM-G750F;ср-00010105;#м/д;#м/д
Samsung Galaxy Mega 5.8 GT-I9152;00-00016053;#м/д;1242
Samsung Galaxy Mega 6.3 GT-I9200;00-00016057;#м/д;1246
Samsung Galaxy mini 2 GT-S6500;ям-00005867;#м/д;6468
Samsung Galaxy Mini GT-S5570;ср000000115;#м/д;#м/д
Samsung Galaxy Nexus GT-I9250;ям-00006872;#м/д;#м/д
Samsung Galaxy Note 10 Pro;00-00031292;861;3405
Samsung Galaxy Note 10 ProPlus;00-00035915;#м/д;#м/д
Samsung Galaxy Note 10;00-00035913;862;4711
Samsung Galaxy Note 2 GT-N7100;00-00002429;#м/д;#м/д
Samsung Galaxy Note 3 Neo SM-N7505;ср-00001126;#м/д;#м/д
Samsung Galaxy Note 3 SM-N9000;ям-00008363;#м/д;6738
Samsung Galaxy Note 4 SM-N910C;ям-00006517;#м/д;#м/д
Samsung Galaxy Note 5 Edge;ям-00003886;#м/д;#м/д
Samsung Galaxy Note 5 SM-N920;ям-00003743;867;6070
Samsung Galaxy Note 7;ям-00009017;868;#м/д
Samsung Galaxy Note 8;00-00015260;869;1138
Samsung Galaxy Note 9;00-00018460;870;1568
Samsung Galaxy Note Edge SM-N915F;ср-00052069;#м/д;#м/д
Samsung Galaxy Note GT-N70009220;ям-00003735;871;#м/д
Samsung Galaxy On5 SM-G550F;ям-00003110;#м/д;#м/д
Samsung Galaxy On7 SM-G6000;ям-00004882;#м/д;#м/д
Samsung Galaxy Pocket GT-S5302;ям-00005864;#м/д;#м/д
Samsung Galaxy S Advance GT-I9070;ям-00001641;#м/д;#м/д
Samsung Galaxy S Duos GT-S7562GT-S7560;00-00014120;#м/д;#м/д
Samsung Galaxy S GT-I9003GT-I9000;00-00000803;#м/д;#м/д
Samsung Galaxy S II LTE GT-I9210;ср000000096;#м/д;8406
Samsung Galaxy S10 Plus;00-00035897;877;#м/д
Samsung Galaxy S10;00-00028402;878;2960
Samsung Galaxy S10E;00-00034837;879;4257
Samsung Galaxy S2 GT-I9100;ям-00003717;880;#м/д
Samsung Galaxy S20 Plus;00-00036935;882;4917
Samsung Galaxy S20 Ultra;00-00036937;883;#м/д
Samsung Galaxy S20;00-00036933;884;4915
Samsung Galaxy S3 GT-I9300;ср-00011455;885;8102
Samsung Galaxy S3 Mini GT-I8190;ям-00008367;886;6741
Samsung Galaxy S4 Active GT-I9295;00-00001652;887;135
Samsung Galaxy S4 GT-I9500;ср-00004332;888;7603
Samsung Galaxy S4 mini GT-I9190;ям-00003679;889;#м/д
Samsung Galaxy S5 GT-I9600SM-G900F;ям-00003765;890;6088
Samsung Galaxy S5 mini SM-G800F;00-00001106;891;60
Samsung Galaxy S6 ActiveSM-G890A;ям-00001769;893;5744
Samsung Galaxy S6 Edge Plus SM-G928F;ям-00003976;894;6180
Samsung Galaxy S6 Edge SM-G925F;ср-00053860;895;#м/д
Samsung Galaxy S6 SM-G920F;ям-00007825;896;6682
Samsung Galaxy S7 Edge SM-G935;ям-00007830;897;#м/д
Samsung Galaxy S7 Plus;ям-00007748;898;6670
Samsung Galaxy S7 SM-G930;ям-00007831;899;#м/д
Samsung Galaxy S8 Plus;00-00004764;900;462
Samsung Galaxy S8;00-00000979;901;#м/д
Samsung Galaxy S9 Plus;00-00018152;902;1540
Samsung Galaxy S9;00-00014781;903;#м/д
Samsung Galaxy Star Advance SM-G350E;ср-00052838;#м/д;#м/д
Samsung Galaxy Star GT-S5282;00-00030618;#м/д;#м/д
Samsung Galaxy Star Plus GT-S7262;00-00025710;#м/д;2485
Samsung Galaxy Trend GT-S7390;ям-00005128;#м/д;6390
Samsung Galaxy W (I8150);00-00023811;#м/д;2264
Samsung Galaxy Win GT-I8552;00-00000778;#м/д;#м/д
Samsung Galaxy Win Pro(G 3812);00-00017713;#м/д;#м/д
Samsung Galaxy Y Duos GT-S6102;00-00027817;#м/д;2868
Samsung Galaxy Young 2 SM-G130H;ям-00000698;#м/д;5678
Samsung Galaxy Z1 SM-Z130H;00-00030625;#м/д;3350
Samsung S5 Zoom;ср000004198;#м/д;8513
Samsung Samsung Galaxy A8 Star (2018) (A9 Star);00-00017969;#м/д;1510
Samsung Wave 2 GT-S8530;ям-00007415;#м/д;6625
Samsung Wave Y GT-S5380;ср000000111;#м/д;8407
Sony Ericsson WT18i;ср000000198;#м/д;#м/д
Sony Ericsson Xperia Arc S (LT18i);00-00027730;#м/д;#м/д
Sony Xperia 1;00-00029943;916;3223
Sony Xperia 10 Plus;00-00029946;917;3224
Sony Xperia 10XA3;00-00029940;918;3222
Sony Xperia Acro S (LT26w);ср-00006721;920;#м/д
Sony Xperia C (S39hC2305);ям-00010056;921;6898
Sony Xperia C3 (DualD2502D2533);ср-00053862;922;8381
Sony Xperia C4 (DualE5303);ям-00007416;923;#м/д
Sony Xperia C5 (C5 Ultra);00-00008279;924;690
Sony Xperia E (DualC1505C1605);00-00024749;925;#м/д
Sony Xperia E1 (D2005D2105);00-00024750;926;#м/д
Sony Xperia E2;ср-00010609;927;#м/д
Sony Xperia E3 (DualD2203D2212);ям-00005611;928;#м/д
Sony Xperia E4 (DualE2105E2115);ср-00010616;929;7905
Sony Xperia E4g (DualE2033);ср-00053864;930;8383
Sony Xperia E5 (F3311);ям-00008037;931;#м/д
Sony Xperia Ion (LT28hLT28i);ср-00052096;932;#м/д
Sony Xperia J (ST26i);ям-00003571;933;#м/д
Sony Xperia L (C2105);ср000000194;934;#м/д
Sony Xperia L1 (Dual);00-00015243;935;1122
Sony Xperia L2 (Dual);00-00009084;936;780
Sony Xperia L3 (Dual);00-00029939;937;#м/д
Sony Xperia M (DualC1905C2005);ям-00003600;938;#м/д
Sony Xperia M2 (M2 Aqua);ср-00053865;939;#м/д
Sony Xperia M4 (M4 Aqua);ср-00053867;940;8385
Sony Xperia M5 (Dual);ям-00003612;941;#м/д
Sony Xperia Miro (ST23i);ср000003939;942;#м/д
Sony Xperia neo LMT25i;00-00001378;#м/д;#м/д
Sony Xperia P (LT22i);ср-00006697;944;7735
Sony Xperia S (LT26i);ср-00006712;945;#м/д
Sony Xperia Sola (MT27i);00-00024764;946;#м/д
Sony Xperia SP (C5303);ср000003943;947;#м/д
Sony Xperia T (LT30P);ям-00005628;948;#м/д
Sony Xperia T2 (T2 Ultra);ср-00052460;949;8270
Sony Xperia T3 (D5103);ср-00052102;950;8222
Sony Xperia Tipo (ST21i);ям-00005639;951;#м/д
Sony Xperia TX (LT29i);ям-00003130;952;#м/д
Sony Xperia U (ST25i);ср-00052100;953;#м/д
Sony Xperia V (LT25i);ям-00003671;#м/д;#м/д
Sony Xperia X (DualF5121F5122);00-00006237;954;#м/д
Sony Xperia X Compact (F5321);ям-00010451;955;6971
Sony Xperia X Performance (DualF8132);ям-00008132;956;#м/д
Sony Xperia XA (DualF3112F3111);ям-00008134;957;6719
Sony Xperia XA Ultra (F3211F3212);00-00004650;958;435
Sony Xperia XA1 (DualG3112);00-00004886;959;#м/д
Sony Xperia XA1 Plus;00-00005481;960;524
Sony Xperia XA1 Ultra;00-00005908;961;571
Sony Xperia XA2 Plus;00-00035798;962;4690
Sony Xperia XA2 Ultra;00-00011975;963;860
Sony Xperia XA2;00-00011974;964;859
Sony Xperia XA3 Ultra;00-00025211;965;2434
Sony Xperia XZ (Dual);00-00004888;966;476
Sony Xperia XZ Premium (Dual);00-00004655;967;#м/д
Sony Xperia XZ1 Compact;00-00004426;968;376
Sony Xperia XZ1;00-00004425;969;375
Sony Xperia XZ2 Compact;00-00018734;970;1644
Sony Xperia XZ2 Premium;00-00025491;971;2454
Sony Xperia XZ2;00-00014367;972;1011
Sony Xperia XZ3;00-00018104;973;1522
Sony Xperia XZs;ям-00015649;974;7313
Sony Xperia Z (L36hC6602C6603);ср-00006679;975;#м/д
Sony Xperia Z Ultra (C6833);00-00024736;#м/д;#м/д
Sony Xperia Z1 (L39hC6902C6903);ям-00002511;976;5820
Sony Xperia Z1 Compact (D5503);ям-00003654;977;#м/д
Sony Xperia Z2 (D6503);ср-00006761;978;7737
Sony Xperia Z2 Compact;00-00025703;979;#м/д
Sony Xperia Z3 (DualD6603D6633);00-00001298;980;95
Sony Xperia Z3 Compact (D5803E5803);ям-00003650;981;#м/д
Sony Xperia Z4 (Z3 Plus);ям-00006486;982;#м/д
Sony Xperia Z4 Compact;00-00025701;983;#м/д
Sony Xperia Z4v;ям-00001771;984;5746
Sony Xperia Z5 (Dual);ям-00003658;985;#м/д
Sony Xperia Z5 Compact (E5823);ям-00003806;986;#м/д
Sony Xperia Z5 Premium (DualE6853);00-00004661;987;#м/д
Sony Xperia ZL (C6503C6502);ср-00006670;988;#м/д
Sony Xperia ZL C6503;ср-00028479;#м/д;#м/д
Sony Xperia ZR (C5502C5503);ср-00052098;#м/д;#м/д
Tele2 Maxi 1.1;ям-00012440;989;7051
Tele2 Maxi LTE;ям-00012442;990;#м/д
Tele2 Midi 1.1;ям-00012444;991;#м/д
Tele2 Midi;00-00017691;992;1487
Tele2 mini 1.1;ям-00012446;993;#м/д
Tele2 Mini;ям-00008521;994;6756
Vivo Nex S;00-00015369;995;1157
Vivo NEX;00-00036156;#м/д;4761
Vivo V11;00-00034616;996;4151
Vivo V11i;00-00034617;997;4152
Vivo V15;00-00034273;998;4061
Vivo V17 Neo;00-00034325;999;4084
Vivo V7;00-00015726;1000;1230
Vivo V9;00-00015727;1001;1231
Vivo X20 Plus;00-00016626;1002;1289
Vivo Y11;00-00036153;#м/д;4759
Vivo Y12Y17;00-00034272;1004;4060
Vivo Y17;00-00034111;#м/д;3972
Vivo Y19;00-00036154;1005;4760
Vivo Y53;00-00008258;1006;688
Vivo Y71;00-00015728;1007;1232
Vivo Y81;00-00022806;1008;#м/д
Vivo Y85;00-00022809;1009;2078
Vivo Y91Y95;00-00034311;#м/д;4079
Vivo Y91C;00-00037199;#м/д;4939
Vivo Y93Y93 Lite;00-00036152;1011;4758
Xiaomi Black Shark;00-00025474;1012;2448
Xiaomi Mi 10;00-00039050;#м/д;5313
Xiaomi Mi 5X (Mi A1);00-00005133;1013;#м/д
Xiaomi Mi 6X (Mi A2);00-00011962;1014;852
Xiaomi Mi 8 SE;00-00018465;#м/д;1573
Xiaomi Mi 8;00-00023901;#м/д;2272
Xiaomi Mi A3 Lite\Mi CC9;00-00037483;#м/д;4990
Xiaomi Mi A3\Mi CC9e;00-00031028;#м/д;3356
Xiaomi Mi Max 2;00-00004774;1017;466
Xiaomi Mi Max 3;00-00018105;1018;1523
Xiaomi Mi Max;00-00004772;1019;464
Xiaomi Mi Mix 2;00-00018512;1020;1576
Xiaomi Mi Mix 2S;00-00017831;1021;1499
Xiaomi Mi Mix;00-00024195;1023;2334
Xiaomi Mi Note 10;00-00036101;#м/д;4754
Xiaomi Mi Note 2;00-00004894;1024;477
Xiaomi Mi Note 3;00-00014390;1025;1024
Xiaomi Mi Note;ям-00012937;1026;#м/д
Xiaomi Mi Play;00-00031042;1027;3359
Xiaomi MI Redmi;ср-00052418;#м/д;#м/д
Xiaomi Mi10 Lite;00-00039477;#м/д;5394
Xiaomi Mi2 (Mi2S);ср-00000419;1028;7507
Xiaomi MI3;ср-00052410;1029;8260
Xiaomi MI4;00-00026017;1030;#м/д
Xiaomi Mi4cMi4i;00-00032814;1031;3724
Xiaomi Mi4S;00-00002543;1032;178
Xiaomi Mi5;ям-00017287;1033;#м/д
Xiaomi Mi5C;00-00018463;1034;1571
Xiaomi Mi5S Plus;00-00004770;1035;463
Xiaomi Mi5S;00-00018735;1036;1645
Xiaomi Mi6 Plus;ям-00016479;1037;7350
Xiaomi Mi6;ям-00017086;1038;7419
Xiaomi Mi8 Explorer Edition;00-00015127;#м/д;1105
Xiaomi Mi8 Lite;00-00023057;1039;2127
Xiaomi Mi9 SE;00-00029706;1042;3190
Xiaomi Mi9Mi9 Lite;00-00029705;#м/д;3189
Xiaomi Mi9TK20K20Pro;00-00030458;1044;3346
Xiaomi Red Rice 1s;00-00024023;1045;#м/д
Xiaomi Redmi 10X;00-00039341;#м/д;5348
Xiaomi Redmi 2 (2S);ср-00052414;1046;8263
Xiaomi Redmi 3 (3 Pro3S);00-00004895;1047;478
Xiaomi Redmi 3 Pro (3S);ям-00011672;#м/д;#м/д
Xiaomi Redmi 3X;ям-00015331;1048;7263
Xiaomi Redmi 4 (4s4 Pro4 Prime);ям-00017291;1049;7446
Xiaomi Redmi 4 Pro4 Prime;ям-00017293;#м/д;#м/д
Xiaomi Redmi 4a;00-00004668;1050;#м/д
Xiaomi Redmi 4X;00-00004669;1051;444
Xiaomi Redmi 5 Plus;00-00018150;1052;1539
Xiaomi Redmi 5;00-00018131;1053;1529
Xiaomi Redmi 5A;00-00018466;1054;1574
Xiaomi Redmi 6 ProMi A2 lite;00-00016440;1055;1260
Xiaomi Redmi 6;00-00034210;1056;#м/д
Xiaomi Redmi 6A;00-00028852;1057;#м/д
Xiaomi Redmi 7;00-00034848;1058;4265
Xiaomi Redmi 7A;00-00037277;#м/д;4948
Xiaomi Redmi 8;00-00036892;1059;4886
Xiaomi Redmi 8A;00-00036893;1060;4887
Xiaomi Redmi 9;00-00039486;#м/д;5395
Xiaomi Redmi 9A;00-00042971;#м/д;5491
Xiaomi Redmi 9C;00-00042972;#м/д;5492
Xiaomi Redmi A15X;00-00018157;#м/д;#м/д
Xiaomi Redmi A26X;00-00015469;#м/д;1163
Xiaomi Redmi GO;00-00034213;1061;#м/д
Xiaomi Redmi K20;00-00031081;#м/д;3373
Xiaomi RedMi Note (HongMi Note);ям-00017298;1062;7449
Xiaomi Redmi Note 2;ям-00007755;1063;#м/д
Xiaomi Redmi Note 3 (Note 3 Pro);ям-00014401;1064;7183
Xiaomi Redmi Note 4;00-00002326;1065;164
Xiaomi Redmi Note 4X;00-00002757;1066;209
Xiaomi Redmi Note 5 Pro;00-00018429;1067;1560
Xiaomi Redmi Note 5;00-00032660;#м/д;3711
Xiaomi Redmi Note 5A (Prime);00-00004282;#м/д;358
Xiaomi Redmi Note 5A Prime;00-00005886;1068;556
Xiaomi Redmi Note 5A;00-00019566;1069;1771
Xiaomi Redmi Note 5X;00-00015268;#м/д;#м/д
Xiaomi Redmi Note 6 (Pro);00-00019560;#м/д;1768
Xiaomi Redmi Note 6 Pro;00-00024422;#м/д;2380
Xiaomi Redmi Note 7;00-00034844;1071;4263
Xiaomi Redmi Note 8 Pro;00-00036253;1072;4795
Xiaomi Redmi Note 8;00-00036220;1073;4780
Xiaomi Redmi Note 8T;00-00036336;1074;4856
Xiaomi Redmi Note 9;00-00043130;#м/д;5495
Xiaomi Redmi Note 9S(9 Pro);00-00042800;#м/д;5442
Xiaomi Redmi Pro;ям-00012869;1075;7094
Xiaomi Redmi S2;00-00017924;1076;1503
Xiaomi Xiaomi Mi Note 10 Lite;00-00011964;#м/д;853
Xiaomi яя9E;00-00031403;#м/д;3482
ZTE Axon 7 MAX;ям-00017374;1078;7460
ZTE Axon 7 mini;ям-00014218;1079;7173
ZTE Axon 7;ям-00007355;#м/д;#м/д
ZTE Blade A3 2019;00-00034106;#м/д;#м/д
ZTE Blade A310;00-00000714;1082;33
ZTE Blade A330;00-00016657;1083;#м/д
ZTE Blade A460;ям-00009156;1084;6801
ZTE Blade A465;00-00017197;1085;1346
ZTE Blade A5 2019;00-00034110;#м/д;3971
ZTE Blade A510;ям-00015334;1086;#м/д
ZTE Blade A520;00-00000032;1087;#м/д
ZTE Blade A520C;00-00009085;1088;781
ZTE Blade A530;00-00023490;1089;2199
ZTE Blade A6 lite;00-00005477;1090;#м/д
ZTE Blade A6;00-00011879;1091;#м/д
ZTE Blade A601;ям-00007835;1092;#м/д
ZTE Blade A610 Plus;ям-00013975;1093;7147
ZTE Blade A610;00-00004785;1094;#м/д
ZTE Blade A7 2019;00-00038155;#м/д;5165
ZTE Blade A7 Vita;00-00029673;#м/д;3183
ZTE Blade A910;ям-00009904;1096;6857
ZTE Blade AF3A5 (Pro);ям-00005275;1097;6427
ZTE Blade G (V880G);ср000004025;1098;8487
ZTE Blade GF3 (T320);ям-00006856;1099;#м/д
ZTE Blade HN;ям-00000295;#м/д;#м/д
ZTE Blade L110;ям-00015338;1100;#м/д
ZTE Blade L2;00-00016531;#м/д;#м/д
ZTE Blade L3;ям-00011698;1101;7047
ZTE Blade L370;ям-00004462;1102;6245
ZTE Blade L4 Pro;ям-00013222;1103;#м/д
ZTE Blade L4;ям-00005213;1104;#м/д
ZTE Blade L5 (L5 Plus)(l0510);ям-00007337;1105;#м/д
ZTE Blade L7;00-00016256;1106;#м/д
ZTE Blade L8A3 2019;00-00034104;#м/д;3967
ZTE Blade Q Lux;ям-00005209;1107;6402
ZTE Blade S6 (S6 Lite);ям-00005334;1108;6428
ZTE Blade S6 Plus;00-00005591;1109;528
ZTE Blade S7;ям-00005517;1110;#м/д
ZTE Blade V10 Vita;00-00034109;1111;3970
ZTE Blade V10;00-00029986;1112;3225
ZTE Blade V2 Lite;ям-00005272;1113;6426
ZTE Blade V580;00-00003895;1114;339
ZTE Blade V7 Lite;ям-00015341;1115;#м/д
ZTE Blade V7 Max;00-00010263;#м/д;#м/д
ZTE Blade V7;ям-00008044;1116;#м/д
ZTE Blade V8 mini;00-00005721;1117;#м/д
ZTE Blade V8;ям-00015849;1118;#м/д
ZTE Blade V9 Vita;00-00025493;1119;#м/д
ZTE Blade V9;00-00034618;1120;4153
ZTE Blade X3;ям-00003837;1121;#м/д
ZTE Blade X5 Plus;00-00002243;#м/д;#м/д
ZTE Blade X5;ям-00004464;1122;6246
ZTE Blade X7Blade Z7;ям-00003200;#м/д;#м/д
ZTE Blade X7Z7 (Blade V6);00-00010258;1123;820
ZTE Blade X9;ям-00013659;1124;7123
ZTE Blade Z10;ям-00015873;1125;#м/д
ZTE Grand Memo;ср-00011441;#м/д;8100
ZTE Grand S2;ср-00053010;#м/д;#м/д
ZTE Grand X3 (Z959);ям-00007838;1126;6685
ZTE Nubia A510;00-00015039;1127;#м/д
ZTE Nubia M2 Lite;00-00003893;1128;337
ZTE Nubia M2;00-00026020;1129;2576
ZTE Nubia N1 Lite;00-00000893;1130;44
ZTE Nubia N1;ям-00017372;#м/д;7459
ZTE Nubia N2;00-00000891;1131;#м/д
ZTE Nubia Prague S;ям-00004533;1132;6247
ZTE Nubia V18;00-00014907;1133;1076
ZTE Nubia Z11 Max;00-00003898;1134;340
ZTE Nubia Z11 Mini;ям-00009161;1135;6802
ZTE Nubia Z11;ям-00017301;1136;7452
ZTE Nubia Z17 Mini;ям-00017303;1137;7454
ZTE Nubia Z17s;00-00034324;#м/д;4083
ZTE Nubia Z18 mini;00-00014651;1138;1034
ZTE Nubia Z7 Mini;ср-00011314;1139;8073
ZTE Nubia Z9 max;ям-00009878;1140;#м/д
ZTE Nubia Z9 mini;ср-00011265;1141;8067
ZTE Q529T;00-00001114;1142;61
ZTE S2003;ям-00004164;1143;6209
ZTE V5 Max;ср-00011363;1144;8080
