Имя файла;Новое имя
Acer Liquid S1 Duo (S510);Acer Liquid S1 Duo (S510)
Acer Liquid Z200;Acer Liquid Z200
Acer Liquid Z330;Acer Liquid Z330
Acer Liquid Z4 (Z160);Acer Liquid Z4 (Z160)
Acer Liquid Z500;Acer Liquid Z500
Acer Liquid Z530 LTE (T02);Acer Liquid Z530 LTE (T02)
Acer Liquid Zest Plus (Z628);Acer Liquid Zest Plus (Z628)
Alcatel 1 (5033);Alcatel 1 (5033)
Alcatel 1S (5024);Alcatel 1S (5024)
Alcatel 1X (5059DA);Alcatel 1X (5059DA)
Alcatel 3 (5053Y);Alcatel 3 (5053Y)
Alcatel 3L;Alcatel 3L
Alcatel 3X (5058I);Alcatel 3X (5058I)
Alcatel 5V;Alcatel 5V
Alcatel One Touch 1X (5059D);Alcatel 1X (5059DA)
Alcatel One Touch 585;Alcatel One Touch 585
Alcatel One Touch 815D;Alcatel One Touch 815D
Alcatel One Touch 991;Alcatel One Touch 991
Alcatel One Touch A3 (OT-5046YDJ);Alcatel One Touch A3 (OT-5046YDJ)
Alcatel One Touch A3 XL (OT-9008D);Alcatel One Touch A3 XL (OT-9008D)
Alcatel One Touch A5 LED (5085D);Alcatel One Touch A5 LED (5085D)
Alcatel One Touch Fire C (4019X);Alcatel One Touch Fire C (4019X)
Alcatel One Touch IDOL (6030D6030X);Alcatel One Touch IDOL (6030D6030X)
Alcatel One Touch IDOL 2 (6037BK);Alcatel One Touch IDOL 2 (6037BK)
Alcatel One Touch IDOL 2 mini (6016DX);Alcatel One Touch IDOL 2 mini (6016DX)
Alcatel One Touch IDOL 2 mini L (6014X6014D);Alcatel One Touch IDOL 2 mini L (6014X6014D)
Alcatel One Touch IDOL 2 mini S (6036Y);Alcatel One Touch IDOL 2 mini S (6036Y)
Alcatel One Touch IDOL 2S (6050Y);Alcatel One Touch IDOL 2S (6050Y)
Alcatel One Touch IDOL 3 (4.7) (6039Y);Alcatel One Touch IDOL 3 (4.7) (6039Y)
Alcatel One Touch IDOL 3 (5.5) (6045Y);Alcatel One Touch IDOL 3 (5.5) (6045Y)
Alcatel One Touch IDOL 4 (6055K);Alcatel One Touch IDOL 4 (6055K)
Alcatel One Touch IDOL 4S (6070K);Alcatel One Touch IDOL 4S (6070K)
Alcatel One Touch IDOL Alpha (6032X);Alcatel One Touch IDOL Alpha (6032X)
Alcatel One Touch IDOL Ultra (6033X);Alcatel One Touch IDOL Ultra (6033X)
Alcatel One Touch IDOL X (6040D6040);Alcatel One Touch IDOL X (6040D6040)
Alcatel One Touch M POP (5020D);Alcatel One Touch M POP (5020D)
Alcatel One Touch PIXI 3 (3.5) (4009D);Alcatel One Touch PIXI 3 (3.5) (4009D)
Alcatel One Touch PIXI 3 (4.5) (4027D);Alcatel One Touch PIXI 3 (4.5) (4027D)
Alcatel One Touch PIXI 3 (4.5) (50175019);Alcatel One Touch PIXI 3 (4.5) (50175019)
Alcatel One Touch PIXI 3 (4013D4050X);Alcatel One Touch PIXI 3 (4013D4050X)
Alcatel One Touch PIXI 3 (5) (5015XD);Alcatel One Touch PIXI 3 (5) (5015XD)
Alcatel One Touch PIXI 4 (4.0) (4034D);Alcatel One Touch PIXI 4 (4.0) (4034D)
Alcatel One Touch PIXI 4 (5010D);Alcatel One Touch PIXI 4 (5010D)
Alcatel One Touch PIXI 4 (5045D);Alcatel One Touch PIXI 4 (5045D)
Alcatel One Touch PIXI 4 (6) (8050D);Alcatel One Touch PIXI 4 (6) (8050D)
Alcatel One Touch PIXI 4 (6) (9001D);Alcatel One Touch PIXI 4 (6) (9001D)
Alcatel One Touch PIXI 4 Plus Power (5023F);Alcatel One Touch PIXI 4 Plus Power (5023F)
Alcatel One Touch PIXI FIRST (4024D);Alcatel One Touch PIXI FIRST (4024D)
Alcatel One Touch PIXITPOP (4007D4010D);Alcatel One Touch PIXITPOP (4007D4010D)
Alcatel One Touch POP 2 (5042D);Alcatel One Touch POP 2 (5042D)
Alcatel One Touch POP 2 Premium (5) (7044);Alcatel One Touch POP 2 Premium (5) (7044)
Alcatel One Touch POP 3 (5054D);Alcatel One Touch POP 3 (5054D)
Alcatel One Touch POP 3 (5065D5065X);Alcatel One Touch POP 3 (5065D5065X)
Alcatel One Touch POP 4 (5051D);Alcatel One Touch POP 4 (5051D)
Alcatel One Touch POP 4 Plus(5056D);Alcatel One Touch POP 4 Plus(5056D)
Alcatel One Touch POP 4S (5095Y);Alcatel One Touch POP 4S (5095Y)
Alcatel One Touch POP C1 (40154016);Alcatel One Touch POP C1 (40154016)
Alcatel One Touch POP C9 (7047A7047D);Alcatel One Touch POP C9 (7047A7047D)
Alcatel One Touch POP D3 (4035D);Alcatel One Touch POP D3 (4035D)
Alcatel One Touch POP D5 (5038D);Alcatel One Touch POP D5 (5038D)
Alcatel One Touch POP S7 (7045Y);Alcatel One Touch POP S7 (7045Y)
Alcatel One Touch POP STAR (5022D);Alcatel One Touch POP STAR (5022D)
Alcatel One Touch POP STAR 4G (5070DX);Alcatel One Touch POP STAR 4G (5070DX)
Alcatel One Touch S POP (4030D);Alcatel One Touch S POP (4030D)
Alcatel One Touch Scribe Easy (8000D);Alcatel One Touch Scribe Easy (8000D)
Alcatel One Touch Scribe HD (8008D);Alcatel One Touch Scribe HD (8008D)
Alcatel One Touch Snap (7025D);Alcatel One Touch Snap (7025D)
Alcatel One Touch Star (6010D6010X);Alcatel One Touch Star (6010D6010X)
Alcatel One Touch Tribe (3041D3040D);Alcatel One Touch Tribe (3041D3040D)
Alcatel One Touch U5 (4047D5044D);Alcatel One Touch U5 (4047D5044D)
Alcatel One Touch U5 HD (5047D);Alcatel One Touch U5 HD (5047D)
Alcatel One Touch X1 (7053D);Alcatel One Touch X1 (7053D)
Alcatel One Touch XPOP (5035D5035X);Alcatel One Touch XPOP (5035D5035X)
Alcatel Pixi 4 (3.5);Alcatel Pixi 4 (3.5)
Alcatel Shine Lite (5080X);Alcatel Shine Lite (5080X)
Archos 50b Helium 4G;ARCHOS Heloum 50b 4G
ARCHOS Heloum 50b 4G;ARCHOS Heloum 50b 4G
ASUS PadFone SX (PF500KL);ASUS PadFone SX (PF500KL)
ASUS PadFone XS (PF500KL);ASUS PadFone SX (PF500KL)
ASUS ZenFone 2 (ZE550MLZE551ML);ASUS ZenFone 2 (ZE550MLZE551ML)
ASUS ZenFone 2 (Zenfone 2E) (ZE500CL);ASUS ZenFone 2 (Zenfone 2E) (ZE500CL)
ASUS ZenFone 2 Laser (ZE500KLZE500KG);ASUS ZenFone 2 Laser (ZE500KLZE500KG)
ASUS ZenFone 2 Laser (ZE550KL);ASUS ZenFone 2 Laser (ZE550KL)
ASUS ZenFone 2 Laser (ZE601KL);ASUS ZenFone 2 Laser (ZE601KL)
ASUS ZenFone 3 (ZE552KL);ASUS ZenFone 3 (ZE552KL)
ASUS ZenFone 3 Deluxe (ZS550KL);ASUS ZenFone 3 Deluxe (ZS550KL)
ASUS ZenFone 3 Deluxe (ZS570KL);ASUS ZenFone 3 Deluxe (ZS570KL)
ASUS ZenFone 3 Laser (ZC551KL);ASUS ZenFone 3 Laser (ZC551KL)
ASUS ZenFone 3 Max (ZC520TL);ASUS ZenFone 3 Max (ZC520TL)
ASUS ZenFone 3 Max (ZC553KL);ASUS ZenFone 3 Max (ZC553KL)
ASUS ZenFone 3 Ultra (ZU680KL);ASUS ZenFone 3 Ultra (ZU680KL)
ASUS ZenFone 3 ZE520KL;ASUS ZenFone 3 ZE520KL
ASUS ZenFone 3 Zoom (ZE553KL);ASUS ZenFone 3 Zoom (ZE553KL)
ASUS ZenFone 3s Max (ZC521TL);ASUS ZenFone 3s Max (ZC521TL)
ASUS ZenFone 4 (A400CG);ASUS ZenFone 4 (A400CG)
ASUS ZenFone 4 (ZE554KL);ASUS ZenFone 4 (ZE554KL)
ASUS ZenFone 4 Max (ZC520KL);ASUS ZenFone 4 Max (ZC520KL)
ASUS ZenFone 4 Max (ZC554KL);ASUS ZenFone 4 Max (ZC554KL)
ASUS ZenFone 4 Pro (ZS551KL);ASUS ZenFone 4 Pro (ZS551KL)
ASUS ZenFone 4 Selfie (ZD553KL);ASUS ZenFone 4 Selfie (ZD553KL)
ASUS ZenFone 4.5 (A450CG);ASUS ZenFone 4.5 (A450CG)
ASUS ZenFone 5 (A501CGA500KL);ASUS ZenFone 5 (A501CGA500KL)
ASUS ZenFone 5 Lite (A502CG);ASUS ZenFone 5 Lite (A502CG)
Asus Zenfone 5 Lite NEW (ZC600KL);Asus Zenfone 5 Lite NEW (ZC600KL)
Asus Zenfone 5 NEW (ZE620KL);Asus Zenfone 5 NEW (ZE620KL)
ASUS ZenFone 5Z (ZS620KL);ASUS ZenFone 5Z (ZS620KL)
ASUS ZenFone 6 (A600CG);ASUS ZenFone 6 (A600CG)
ASUS ZenFone 6 (ZS630KL);ASUS ZenFone 6 (ZS630KL)
ASUS ZenFone AR (ZS571KL);ASUS ZenFone AR (ZS571KL)
ASUS ZenFone C (ZC451CG);ASUS ZenFone C (ZC451CG)
ASUS ZenFone Go (ZB452KGZB450KL);ASUS ZenFone Go (ZB452KGZB450KL)
ASUS ZenFone Go (ZB500KG);ASUS ZenFone Go (ZB500KG)
ASUS ZenFone Go (ZB500KL);ASUS ZenFone Go (ZB500KL)
ASUS ZenFone Go (ZB551KLZB552KL);ASUS ZenFone Go (ZB551KLZB552KL)
ASUS ZenFone Go (ZB690KG);ASUS ZenFone Go (ZB690KG)
ASUS ZenFone Go (ZC451TG);ASUS ZenFone Go (ZC451TG)
ASUS ZenFone Go (ZC500TG);ASUS ZenFone Go (ZC500TG)
ASUS ZenFone Live (G500TG);ASUS ZenFone Live (G500TG)
Asus ZenFone Live (L1) (ZA550KL);Asus ZenFone Live (L1) (ZA550KL)
ASUS ZenFone Live (ZB501KL);ASUS ZenFone Live (ZB501KL)
ASUS Zenfone Live L1 (ZA550KL);Asus ZenFone Live (L1) (ZA550KL)
ASUS Zenfone Max (M1) (ZB555KL);ASUS Zenfone Max (M1) (ZB555KL)
ASUS ZenFone Max (ZC550KL);ASUS ZenFone Max (ZC550KL)
ASUS ZenFone Max M1 (ZB555KL);ASUS Zenfone Max (M1) (ZB555KL)
ASUS ZenFone Max M2 ZB633KLZB632KL;ASUS ZenFone Max M2 ZB633KLZB632KL
ASUS ZenFone Max Plus (M1) (ZB570TL);ASUS ZenFone Max Plus (M1) (ZB570TL)
Asus Zenfone Max Pro M1 ZB601KLZB602KL;Asus Zenfone Max Pro M1 ZB601KLZB602KL
Asus ZenFone Max Pro M2 ZB631KL;Asus ZenFone Max Pro M2 ZB631KL
ASUS ZenFone Selfie (ZD551KL);ASUS ZenFone Selfie(ZD551KL)
ASUS ZenFone Selfie(ZD551KL);ASUS ZenFone Selfie(ZD551KL)
ASUS ZenFone ZOOM;ASUS ZenFone ZOOM
Beeline Pro 4;Beeline Pro 4
BlackBerry Z10 STL100-2;BlackBerry Z10 STL100-2
BQ Amsterdam (BQS-5505);BQ Amsterdam (BQS-5505)
BQ Aquaris X5 Plus;BQ Aquaris X5 Plus
BQ Aquaris X5;BQ Aquaris X5
BQ Bond (BQS-5022);BQ Bond (BQS-5022)
BQ Choice (BQS-5065);BQ Choice (BQS-5065)
BQ Element (BQ-5032);BQ Element (BQ-5032)
BQ Fox LTE (4500L);BQ Fox LTE (4500L)
BQ Fresh (BQS-5030);BQ Fresh (BQS-5030)
BQ Golf (BQS-4560);BQ Golf (BQS-4560)
BQ HighWay (BQS-5025);BQ HighWay (BQS-5025)
BQ Magic (BQS-5070);BQ Magic (BQS-5070)
BQ Magic (BQS-6040L);BQ Magic (BQS-6040L)
BQ Mercury (BQS-5520);BQ Mercury (BQS-5520)
BQ Slim (BQS-5060);BQ Slim (BQS-5060)
BQ Space (BQ-5201);BQ Space (BQ-5201)
BQ Strike (BQS-5020);BQ Strike (BQS-5020)
BQ Strike 2 (BQ-5057BQru_5057);BQ Strike 2 (BQ-5057BQru_5057)
BQ Strike LTE (BQ-5044);BQ Strike LTE (BQ-5044)
BQ Strike Mini (BQ-4072);BQ Strike Mini (BQ-4072)
BQ Strike Power (EasySE)(BQS-50595058);BQ Strike Power (EasySE)(BQS-50595058)
BQ Strike Power 4G (BQS-5037);BQ Strike Power 4G (BQS-5037)
BQ Strike Selfie (BQS-5050);BQ Strike Selfie (BQS-5050)
BQ Trend (BQS-5000L);BQ Trend (BQS-5000L)
BQ Wide (BQS-5515);BQ Wide (BQS-5515)
DEXP E250;DEXP Ixion ES250
DEXP Ixion Astra (ES450);DEXP Ixion ES450
DEXP Ixion E250;DEXP Ixion E250
DEXP Ixion E350 Soul 3;DEXP Ixion E350 Soul 3
DEXP Ixion EL450 Force;DEXP Ixion EL450 Force
DEXP Ixion ES1050D2;DEXP Ixion ES1050D2
DEXP Ixion ES255;DEXP Ixion ES255
DEXP Ixion ES355 Ice;DEXP Ixion ES355 Ice
DEXP Ixion ES450;DEXP Ixion ES450
DEXP Ixion ES550;DEXP Ixion ES550
DEXP Ixion ES650 Omega;DEXP Ixion ES650 Omega
DEXP Ixion ES750 Connect;DEXP Ixion ES750 Connect
DEXP Ixion ES950;DEXP Ixion ES950
DEXP Ixion Jet (E345);DEXP Ixion Jet (E345)
DEXP Ixion M340;DEXP Ixion M340
DEXP Ixion M545D1E345M445;DEXP Ixion M545D1E345M445
Dexp Ixion M750;Dexp Ixion M750
DEXP Ixion Metal (X150);DEXP Ixion Metal (X150)
DEXP Ixion ML245;DEXP Ixion ML245
DEXP Ixion MS450;DEXP Ixion MS450
DEXP Ixion MS550;DEXP Ixion MS550
DEXP Ixion P350;DEXP Ixion P350
DEXP Ixion Rock Plus (MS350);DEXP Ixion Rock Plus (MS350)
DEXP Ixion Strike 2 (E240);DEXP Ixion Strike 2 (E240)
DEXP Ixion Strike 3 Pro (E340M240E440);DEXP Ixion Strike 3 Pro (E340M240E440)
DEXP Ixion Touch (M550);DEXP Ixion Touch (M550)
DEXP Ixion XL155;DEXP Ixion XL155
Explay 4Game;Explay 4Game
Explay Air;Explay Air
Explay Bit;Explay Bit
Explay Craft;Explay Craft
Explay Onyx;Explay Onyx
FinePower C1;FinePower C1
FinePower C2;FinePower C2
FinePower C3;FinePower C3
FinePower C6;FinePower C6
Fly Diamond (Diamond 2) (IQ444);Fly Diamond (Diamond 2) (IQ444)
Fly EGO Vision 1 Quad (IQ452);Fly EGO Vision 1 Quad (IQ452)
Fly ERA Energy 1 Quad (IQ4502);Fly ERA Energy 1 Quad (IQ4502)
Fly ERA Life 6 Quad (IQ4503);Fly ERA Life 6 Quad (IQ4503)
Fly ERA Nano 10 (IQ4490i);Fly ERA Nano 10 (IQ4490i)
Fly Quad Coral (IQ4412);Fly Quad Coral (IQ4412)
Fly Quad Energie 2 (IQ4411);Fly Quad Energie 2 (IQ4411)
Fly Stratus 6 (FS407);Fly Stratus 6 (FS407)
Fly Trend (IQ443);Fly Trend (IQ443)
Google Pixel 2;Google Pixel 2
Google Pixel XL;Google Pixel XL
Google Pixel;Google Pixel
Highscreen Bay;Highscreen Bay
Highscreen Omega Q;Highscreen Omega Q
Highscreen Power Five (Power Five Pro);Highscreen Power Five (Power Five Pro)
Highscreen Power Five EVO;Highscreen Power Five EVO
Highscreen Power Five MAX;Highscreen Power Five MAX
Highscreen Power Ice MAX;Highscreen Power Ice MAX
Highscreen Power Ice;Highscreen Power Ice
Highscreen Power Rage;Highscreen Power Rage
Highscreen Spider;Highscreen Spider
Highscreen Tasty;Highscreen Tasty
Highscreen Thor;Highscreen Thor
HTC 10 Lifestyle (One M10);HTC 10 Lifestyle (One M10)
HTC Desire 200;HTC Desire 200
HTC Desire 210;HTC Desire 210
HTC Desire 300;HTC Desire 300
HTC Desire 310;HTC Desire 310
HTC Desire 316 (516);HTC Desire 316 (516)
HTC Desire 320;HTC Desire 320
HTC Desire 326G (526G526 Plus);HTC Desire 326G (526G526 Plus)
HTC Desire 500;HTC Desire 500
HTC Desire 501;HTC Desire 501
HTC Desire 510;HTC Desire 510
HTC Desire 530 (630);HTC Desire 530 (630)
HTC Desire 600;HTC Desire 600
HTC Desire 601;HTC Desire 601
HTC Desire 610;HTC Desire 610
HTC Desire 616;HTC Desire 616
HTC Desire 620 (620G820 mini);HTC Desire 620 (620G820 mini)
HTC Desire 620 (620G820;HTC Desire 620 (620G820 mini)
HTC Desire 626 (626G628);HTC Desire 626 (626G628)
HTC Desire 700;HTC Desire 700
HTC Desire 709d;HTC Desire 709d
HTC Desire 728 (728G);HTC Desire 728 (728G)
HTC Desire 800 (816G);HTC Desire 800 (816G)
HTC Desire 816 (816G);HTC Desire 800 (816G)
HTC Desire 820 (820G);HTC Desire 820 (820G)
HTC Desire 825;HTC Desire 825
HTC Desire 826;HTC Desire 826
HTC Desire 828 (830);HTC Desire 828 (830)
HTC Desire C;HTC Desire C
HTC Desire Eye;HTC Desire Eye
HTC Desire G7;HTC Desire G7
HTC Desire VX;HTC Desire VX
HTC Incredible S (G11);HTC Incredible S (G11)
HTC One 2 (M8) mini;HTC One 2 (M8) mini
HTC One 2 (M8);HTC One 2 (M8)
HTC One A9;HTC One A9
HTC One A9s;HTC One A9s
HTC One E8;HTC One E8
HTC One E9 (E9 Plus);HTC One E9 (E9 Plus)
HTC One M7 (802W);HTC One M7 (802W)
HTC One M9 Plus;HTC One M9 Plus
HTC One M9;HTC One M9
HTC One ME;HTC One ME
HTC One mini (M4);HTC One mini (M4)
HTC One S;HTC One S
HTC One V;HTC One V
HTC One X;HTC One X
HTC One X10;HTC One X10
HTC One X9;HTC One X9
HTC Titan;HTC Titan
HTC U Play (Alpine);HTC U Play (Alpine)
HTC U Ultra (Ocean Note);HTC U Ultra (Ocean Note)
HTC U11 Eyes;HTC U11 Eyes
HTC U11;HTC U11
HTC U12 Plus;HTC U12 Plus
HTC U12;HTC U12
HTC Windows Phone 8S;HTC Windows Phone 8S
HTC Windows Phone 8X;HTC Windows Phone 8X
Huawei Ascend D2;Huawei Ascend D2
Huawei Ascend G330 (U8825D);Huawei Ascend G330 (U8825D)
Huawei Ascend G510;Huawei Ascend G510
Huawei Ascend G520G525;Huawei Ascend G520G525
Huawei Ascend G526;Huawei Ascend G526
Huawei Ascend G610;Huawei Ascend G610
Huawei Ascend G620;Huawei Ascend G620
Huawei Ascend G630;Huawei Ascend G630
Huawei Ascend G7;Huawei Ascend G7
Huawei Ascend G700;Huawei Ascend G700
Huawei Ascend G710;Huawei Ascend G710
Huawei Ascend G730;Huawei Ascend G730
Huawei Ascend G740;Huawei Ascend G740
Huawei Ascend G8 (RIO-L01);Huawei Ascend G8 (RIO-L01)
Huawei Ascend GR3 (TAG-L21);Huawei Ascend GR3 (TAG-L21)
Huawei Ascend Mate 7;Huawei Ascend Mate 7
Huawei Ascend Mate 8;Huawei Ascend Mate 8
Huawei Ascend P1 (U9200);Huawei Ascend P1 (U9200)
Huawei Ascend P2;Huawei Ascend P2
Huawei Ascend P6;Huawei Ascend P6
Huawei Ascend P7;Huawei Ascend P7
Huawei Ascend W1;Huawei Ascend W1
Huawei Ascend W2;Huawei Ascend W2
Huawei Ascend Y210;Huawei Ascend Y210
Huawei Ascend Y220;Huawei Ascend Y220
Huawei Ascend Y221;Huawei Ascend Y221
Huawei Ascend Y3 Y336 Y3C;Huawei Ascend Y3 Y336 Y3C
Huawei Ascend Y300;Huawei Ascend Y300
Huawei Ascend Y320;Huawei Ascend Y320
Huawei Ascend Y330;Huawei Ascend Y330
Huawei Ascend Y5;Huawei Ascend Y5
Huawei Ascend Y520;Huawei Ascend Y520
Huawei Ascend Y530;Huawei Ascend Y530
Huawei Ascend Y541 Y5C;Huawei Ascend Y541 Y5C
Huawei Ascend Y550;Huawei Ascend Y550
Huawei Ascend Y600;Huawei Ascend Y600
Huawei Ascend Y625;Huawei Ascend Y625
Huawei Honor 10 Lite;Honor 10 Lite (2018)
Huawei Honor 10;Honor 10
Huawei Honor 10i;Honor 10i
Huawei Honor 20 Lite;Honor 20 Lite
Huawei Honor 20 Pro;Honor 20 Pro
Huawei Honor 20;Honor 20
Huawei Honor 3;Honor 3
Huawei Honor 3C Lite Hol-U19;Honor 3C Lite Hol-U19
Huawei Honor 3C;Honor 3C
Huawei Honor 3X G750;Honor 3X G750
Huawei Honor 4;Honor 4
Huawei Honor 4A (Y6);Honor 4A (Y6)
Huawei Honor 4C Pro (Y6 Pro);Honor 4C Pro (Y6 Pro)
Huawei Honor 4C;Honor 4C
Huawei Honor 4X;Honor 4X
Huawei Honor 5A Play (Y6 II);Honor 5A Play (Y6 II)
Huawei Honor 5A;Honor 5A
Huawei Honor 5C;Honor 5C
Huawei Honor 5X;Honor 5X
Huawei Honor 6 Plus;Honor 6 Plus
Huawei Honor 6;Honor 6
Huawei Honor 6A;Honor 6A
Huawei Honor 6C (DIG-L21HN);Honor 6C (DIG-L21HN)
Huawei Honor 6C Pro (Honor V9 Play);Honor 6C Pro (Honor V9 Play)
Huawei Honor 6X (2016) (BLN-L21);Honor 6X (Premium) (BLN-L21)
Huawei Honor 7;Honor 7
Huawei Honor 7A (5.45)(DUA-L22) (Y5 2018);Honor 7A (5.45)(Y5 2018)
Huawei Honor 7A Pro (5.7) (Y6 (Prime) 2018);Honor 7A Pro (Y6 2018) 
Huawei Honor 7C Pro;Honor 7C Pro
Huawei Honor 7C;Honor 7С
Huawei Honor 7i;Honor 7i
Huawei Honor 7X;Honor 7X
Huawei Honor 8 Lite (P8 Lite 2017);Honor 8 Lite (P8 Lite 2017)
Huawei Honor 8 Pro;Honor 8 Pro
Huawei Honor 8;Honor 8
Huawei Honor 8A (Play 8A);Honor 8A (Y6 2019)
Huawei Honor 8C;Honor 8C
Huawei Honor 8S (Y5 2019);Honor 8SY5 (2019)
Huawei Honor 8X MAX (2018);Honor 8X Max
Huawei Honor 8X;Honor 8X
Huawei Honor 9 Lite (Honor 9 Youth Edition);Honor 9 Lite
Huawei Honor 9;Honor 9
Huawei Honor Magic;Honor Magic
Huawei Honor Note 10;Honor Note 10
Huawei Honor Play;Honor Play
Huawei Honor Pro (Honor 2U8950G600G615);Honor Pro (Honor 2U8950G600G615)
Huawei Honor V10 (View 10);Honor View 10
Huawei Honor V20 (View 20);Huawei View 20
Huawei Honor V8;Honor V8
Huawei Mate 10 Pro;Huawei Mate 10 Pro
Huawei Mate 10;Huawei Mate 10
Huawei Mate 20 2018;Huawei Mate 20 2018
Huawei Mate 20 Lite;Huawei Mate 20 Lite
Huawei Mate 20 Pro;Huawei Mate 20 Pro
Huawei Mate 20;Huawei Mate 20 2018
Huawei Mate 20X;Huawei Mate 20X
Huawei Mate 30 Lite;Huawei Mate 30 Lite
Huawei Mate 8;Huawei Mate 8
Huawei Mate 9 Pro;Huawei Mate 9 Pro
Huawei Mate 9;Huawei Mate 9
Huawei Mate S;Huawei Mate S
Huawei Nexus 6P;Huawei Nexus 6P
Huawei Nova 2 Plus;Huawei Nova 2 Plus
Huawei Nova 2;Huawei Nova 2
Huawei Nova 2i (Mate 10 LiteHonor 9i);Huawei Nova 2i (Mate 10 LiteHonor 9i)
Huawei Nova 2s;Huawei Nova 2s
Huawei Nova 3;Huawei Nova 3
Huawei Nova 3i (P Smart Plus);Huawei Nova 3i (P Smart Plus)
Huawei Nova 3i;Huawei Nova 3i (P Smart Plus)
Huawei Nova 4;Huawei Nova 4
Huawei Nova Lite 2017 (P9 Lite mini);Huawei Nova lite 2017
Huawei Nova lite 2017;Huawei Nova lite 2017
Huawei Nova Plus (G9 Plus);Huawei Nova Plus (G9 Plus)
Huawei Nova;Huawei Nova
Huawei P Smart (2019);Huawei P Smart 2019Honor 10 Lite
Huawei P Smart (Enjoy 7S);Huawei P Smart (Enjoy 7S)
Huawei P Smart 2019Honor 10 Lite;Huawei P Smart 2019Honor 10 Lite
Huawei P Smart Z;Huawei P Smart Z (Honor 9X)
Huawei P1 XL;Huawei P1 XL
Huawei P10 Lite;Huawei P10 Lite
Huawei P10 Plus;Huawei P10 Plus
Huawei P10;Huawei P10
Huawei P20 Lite (nova 3e);Huawei P20 Lite (nova 3e)
Huawei P20 Pro;Huawei P20 ProP20 Plus
Huawei P20 ProP20 Plus;Huawei P20 ProP20 Plus
Huawei P20;Huawei P20
Huawei P30 Lite;Huawei P30 LiteHonor 20 Lite20S
Huawei P30 Pro;Huawei P30 Pro
Huawei P30;Huawei P30
Huawei P8 Lite;Huawei P8 Lite
Huawei P8 Max;Huawei P8 Max
Huawei P8;Huawei P8
Huawei P9 lite;Huawei P9 lite
Huawei P9 Plus;Huawei P9 Plus
Huawei P9;Huawei P9
Huawei View 20;Huawei View 20
Huawei Y3 2017;Huawei Y3 2017
Huawei Y3 2018;Huawei Y3 2018
Huawei Y3 II;Huawei Y3 II
Huawei Y5 (2017);Huawei Y5 (2017)
Huawei Y5 II (CUN-U29) (Honor 5A);Huawei Y5 II (CUN-U29) (Honor 5A)
Huawei Y5 III (2017);Huawei Y5 (2017)
Huawei Y511;Huawei Y511
Huawei Y6 (2018);Huawei Y6 2018
Huawei Y6 2018;Huawei Y6 2018
Huawei Y6 Prime 2018;Huawei Y6 Prime 2018
Huawei Y7 (2017);Huawei Y7 (2017)
Huawei Y7 (2019);Huawei Y7 (2019)
Huawei Y7 Prime (2019);Huawei Y7 Prime (2019)
Huawei Y7 Prime (Enjoy 7P);Huawei Y7 Prime (Enjoy 7P)
Huawei Y7 Prime 2019;Huawei Y7 Prime (2019)
Huawei Y7 Pro (2019);Huawei Y7 Pro (2019)
Huawei Y7 Pro 2019;Huawei Y7 Pro (2019)
Huawei Y9 (2018);Huawei Y9 (2018)
Huawei Y9 (2019);Huawei Y9 (2019)
iPhone 4(4S);iPhone 4(4S)
iPhone 5(5S)(SE);iPhone 5(5S)(SE)
iPhone 6 Plus(6S Plus);iPhone 6 Plus(6S Plus)
iPhone 6(6S);iPhone 6(6S)
iPhone 7 Plus(8 Plus);iPhone 7 Plus(8 Plus)
iPhone 7(8);iPhone 7(8)
iPhone X(XS);iPhone X(XS)
iPhone XI (6.1);iPhone XI (6.1)
iPhone XI Pro (5.8);iPhone XI Pro (5.8)
iPhone XI Pro Max (6.5);iPhone XI Pro Max (6.5)
iPhone XR;iPhone XR
iPhone XS Max;iPhone XS Max
Leap;Leap
LeEco Cool1;LeEco Cool1
LeEco Le 1S;LeEco Le 1S
LeEco Le 2 S;LeEco Le 2 S
LeEco Le Max 2;LeEco Le Max 2
LeEco Le Pro 3;LeEco Le Pro 3
LeEco Le2 (Le2 Pro);LeEco Le2 (Le2 Pro)
Lenovo A Plus (A1010a20);Lenovo A1010
Lenovo A1000;Lenovo A1000
Lenovo A1010;Lenovo A1010
Lenovo A2010;Lenovo A2010
Lenovo A2020;Lenovo A2020
Lenovo A316;Lenovo A316
Lenovo A316i;Lenovo A316
Lenovo A319;Lenovo A319
Lenovo A328;Lenovo A328
Lenovo A3600A3800;Lenovo A3600A3800
Lenovo A376;Lenovo A376
Lenovo A3800D (A3600);Lenovo A3600A3800
Lenovo A3900;Lenovo A3900
Lenovo A399;Lenovo A399
Lenovo A5 (L18011);Lenovo A5 (L18011)
Lenovo A5000;Lenovo A5000
Lenovo A516;Lenovo A516
Lenovo A526;Lenovo A526
Lenovo A529;Lenovo A529
Lenovo A536;Lenovo A536
Lenovo A6000;Lenovo A6000
Lenovo A606;Lenovo A606
Lenovo A616;Lenovo A616
Lenovo A660;Lenovo A660
Lenovo A6600;Lenovo A6600
Lenovo A6800;Lenovo A6800
Lenovo A706;Lenovo A706
Lenovo A7700;Lenovo A7700
Lenovo A816;Lenovo A816
Lenovo A850;Lenovo A850
Lenovo A859;Lenovo A859
Lenovo A880 (A889);Lenovo A880
Lenovo A880;Lenovo A880
Lenovo IdeaPhone S650;Lenovo IdeaPhone S650
Lenovo K3 (A6000A6010 Plus);Lenovo K3 Music Lemon
Lenovo K3 Note (A7000);Lenovo A7000
Lenovo K5 NOTE;Lenovo K5 NOTE
Lenovo K5 Play;Lenovo K5 Play
Lenovo K6 (K6 Power);Lenovo K6 (K6 Power)
Lenovo K6 Note;Lenovo K6 Note
Lenovo K6 Power;Lenovo K6 (K6 Power)
Lenovo K8 Note (2017);Lenovo K8 Note (2017)
Lenovo K8 Note;Lenovo K8 Note (2017)
Lenovo K80;Lenovo K80
Lenovo K900;Lenovo K900
Lenovo K910 Vibe Z;Lenovo K910 Vibe Z
Lenovo P70;Lenovo P70
Lenovo P780;Lenovo P780
Lenovo P90;Lenovo P90
Lenovo S5;Lenovo S5
Lenovo S60;Lenovo S60
Lenovo S660;Lenovo S660
Lenovo S720;Lenovo S720
Lenovo S850;Lenovo S850
Lenovo S856;Lenovo S856
Lenovo S860;Lenovo S860
Lenovo S880;Lenovo S880
Lenovo S90;Lenovo S90
Lenovo S920;Lenovo S920
Lenovo S939;Lenovo S939
Lenovo S960 Vibe X;Lenovo S960 Vibe X
Lenovo Vibe B (A2016);Lenovo Vibe B (A2016)
Lenovo Vibe C (A2020);Lenovo A2020
Lenovo Vibe C2 (C2 Power)(K10A40);Lenovo Vibe C2 (C2 Power)(K10A40)
Lenovo Vibe K5 (A6020) (K5 Plus);Lenovo Vibe K5 (A6020) (K5 Plus)
Lenovo Vibe K5 Note;Lenovo K5 NOTE
Lenovo Vibe P1 (P1 Turbo);Lenovo Vibe P1 Pro
Lenovo Vibe P1 Pro;Lenovo Vibe P1 Pro
Lenovo Vibe P1m;Lenovo Vibe P1m
Lenovo Vibe P2;Lenovo Vibe P2
Lenovo Vibe S1 (S1a40);Lenovo Vibe S1
Lenovo Vibe S1 Lite (S1La40);Lenovo Vibe S1 Lite
Lenovo Vibe S1 Lite;Lenovo Vibe S1 Lite
Lenovo Vibe S1;Lenovo Vibe S1
Lenovo Vibe Shot;Lenovo Vibe Shot
Lenovo Vibe X (S960);Lenovo S960 Vibe X
Lenovo Vibe X2;Lenovo Vibe X2
Lenovo Vibe X3 Lite (K4 Note)(A7010);Lenovo Vibe X3 Lite (K4 Note)(A7010)
Lenovo Vibe Z K910;Lenovo K910 Vibe Z
Lenovo Vibe Z2;Lenovo Vibe Z2
Lenovo Z5;Lenovo Z5
Lenovo Z6 Lite;Lenovo Z6 Lite
Lenovo Z6 Pro;Lenovo Z6 Pro
Lenovo ZUK Edge;Lenovo ZUK Edge
Lenovo ZUK Z1;Lenovo ZUK Z1
Lenovo ZUK Z2 Pro;Lenovo ZUK Z2 Pro
LG AKA (H788N);LG AKAH788N
LG AKAH788N;LG AKAH788N
LG Aristo 2;LG Aristo 2
LG Bello (L80 Plus);LG Bello (L80 Plus)
LG Class (H650E);LG ClassH740
LG ClassH740;LG ClassH740
LG E730;LG E730
LG F5 (P875);LG F5 (P875)
LG Fino (L70 Plus);LG Fino (L70 Plus)
LG G Flex 2 (H955);LG Optimus G Flex 2
LG G Pro 2 (D838);LG Optimus G Pro 2 D838
LG G Pro Lite (D686);LG Optimus G Pro Lite Dual D686
LG G2 (D802);LG Optimus G2 D802
LG G2 mini (D618);LG Optimus G2 mini D618
LG G3 (D855);LG Optimus G3 D850D855LS990
LG G3 Stylus (D690);LG Optimus G3 Stylus D690
LG G3SG3 Mini (D724D725);LG Optimus G3 MINIG3 sG3 beatD724D725
LG G4 (H818);LG Optimus G4
LG G4 Stylus (H540F);LG Optimus G4 Stylus
LG G4c (H522YH525N);LG Optimus G4C
LG G4s (H736);LG Optimus G4S
LG G5 (H845);LG Optimus G5
LG G6 (H870);LG Optimus G6
LG G7 (ThinQ);LG G7 ThinQ
LG G7 ThinQ;LG G7 ThinQ
LG Google Nexus 4 (E960);LG NEXUS 4 E960
LG Joy (H220);LG JOYH220
LG JOYH220;LG JOYH220
LG K10 (2017) (M250X400);LG K10 (2017)
LG K10 (2017);LG K10 (2017)
LG K10 (2018);LG K10 (2018)
LG K10 (K410);LG K10
LG K10;LG K10
LG K3 (2017);LG K3 (2017)
LG K3;LG K3
LG K4 (2017) (X230);LG K4 (2017)
LG K4 (2017);LG K4 (2017)
LG K4 (K130E);LG K4
LG K4;LG K4
LG K5 (X220DS);LG K5
LG K5;LG K5
LG K7 (2017);LG K7 (2017)
LG K7 (X210DS);LG K7
LG K7 LTE;LG K7 (2017)
LG K7;LG K7
LG K8 (2017);LG K8 (2017)
LG K8 (2018);LG K8 (2018)
LG K8 2017 (X300M200N);LG K8 (2017)
LG K8 2018;LG K8 (2018)
LG K8 4G (K350N);LG K8
LG K8;LG K8
LG L40 (D170);LG L40 D170
LG L40 D170;LG L40 D170
LG L70 (D325);LG L70 D325
LG L70 D325;LG L70 D325
LG L80 (D380);LG L80 D380
LG L80 D380;LG L80 D380
LG L90 D410;LG L90 D410
LG L90 Dual (D410);LG L90 D410
LG Leon (H324);LG Leon H324
LG Leon H324;LG Leon H324
LG Magna (H502);LG MagnaG4c
LG MagnaG4c;LG MagnaG4c
LG NEXUS 4 E960;LG NEXUS 4 E960
LG Nexus 5 (D821);LG NEXUS 5
LG NEXUS 5;LG NEXUS 5
LG Nexus 5X (H791);LG NEXUS 5X
LG NEXUS 5X;LG NEXUS 5X
LG Optimus 4X HD (P880);LG Optimus 4X HD P880
LG Optimus 4X HD P880;LG Optimus 4X HD P880
LG Optimus F5 (P875);LG Optimus F5
LG Optimus G (E970);LG Optimus G E970
LG Optimus G E970;LG Optimus G E970
LG Optimus G Flex 2;LG Optimus G Flex 2
LG Optimus G Pro 2 D838;LG Optimus G Pro 2 D838
LG Optimus G Pro Lite Dual D686;LG Optimus G Pro Lite Dual D686
LG Optimus G2 D802;LG Optimus G2 D802
LG Optimus G2 mini D618;LG Optimus G2 mini D618
LG Optimus G3 D850D855LS990;LG Optimus G3 D850D855LS990
LG Optimus G3 MINIG3 sG3 beatD724D725;LG Optimus G3 MINIG3 sG3 beatD724D725
LG Optimus G3 Stylus D690;LG Optimus G3 Stylus D690
LG Optimus G4 Stylus;LG Optimus G4 Stylus
LG Optimus G4;LG Optimus G4
LG Optimus G4C;LG Optimus G4C
LG Optimus G4S;LG Optimus G4S
LG Optimus G5;LG Optimus G5
LG Optimus G6;LG Optimus G6
LG Optimus L3 IIE430;LG Optimus L3 IIE430 
LG Optimus L4 (2) (E440E445);LG Optimus L4 II DualL4 IIE440E445
LG Optimus L4 II DualL4 IIE440E445;LG Optimus L4 II DualL4 IIE440E445
LG Optimus L7 (P700P705);LG Optimus L7P700P705
LG Optimus L7P700P705;LG Optimus L7P700P705
LG Optimus L9 (P760P765);LG Optimus L9P760P765
LG Optimus L9P760P765;LG Optimus L9P760P765
LG Optimus True HD LTE (P936);LG Optimus True HD LTE (P936)
LG Q Stylus (Plus);LG Q Stylus
LG Q Stylus Plus;LG Q Stylus Plus
LG Q Stylus;LG Q Stylus
LG Q6;LG Q6
LG Q6LGM700;LG Q6
LG Q8;LG Q8
LG Spirit (H440Y);LG Spirit H440Y 
LG Stulus 2 Plus K530K535;LG Stulus 2 Plus K530K535
LG Stylus 2 Plus (K530535);LG Stulus 2 Plus K530K535
LG Stylus 3 (M400DY);LG Stylus 3 M400DY
LG Stylus 3 M400DY;LG Stylus 3 M400DY
LG Stylus II (K520);LG Stylus II (K520)
LG V10 (H961S);LG V10
LG V10;LG V10
LG V20;LG V20
LG V30 (V30S ThinQ);LG V30 (V30S ThinQ)
LG V40 ThinQ;LG V40
LG V40;LG V40
LG V50 ThinQ;LG V50 ThinQ
LG X Cam;LG X Cam
LG X Power 2 (K10 Power);LG X Power 2
LG X Power 2;LG X Power 2
LG X Power 3;LG X Power 3
LG X Power;LG X Power
LG X Screen (X View K500DS);LG X view (X screen)
LG X Style;LG X Style
LG X view (X screen);LG X view (X screen)
Meizu 15 Lite;Meizu 15 Lite
Meizu 15 Plus;Meizu 15 Plus
Meizu 15;Meizu 15
Meizu 16(16th)(16X);Meizu 16(16th)(16X)
Meizu 16th Plus;Meizu 16th Plus
Meizu 16th;Meizu 16(16th)(16X)
Meizu E2;Meizu E2
Meizu E3;Meizu E3
Meizu M1 Mini;Meizu M1 Mini
Meizu M1 Note;Meizu M1 Note
Meizu M2 Note;Meizu M2 Note
Meizu M3 Max;Meizu M3 Max
Meizu M3 Note;Meizu M3 Note
Meizu M3E;Meizu M3E
Meizu M3s;Meizu M3s
Meizu M5 Note;Meizu M5 Note
Meizu M5;Meizu M5
Meizu M5c;Meizu M5c
Meizu M5s;Meizu M5s
Meizu M6 Note;Meizu M6 Note
Meizu M6;Meizu M6
Meizu M6s;Meizu M6s
Meizu M6T;Meizu M6T
Meizu M8;Meizu M8
Meizu Metal;Meizu Metal
Meizu MX 4 Pro;Meizu MX 4 Pro
Meizu MX2;Meizu MX2
Meizu MX3;Meizu MX3
Meizu MX4 Pro;Meizu MX 4 Pro
Meizu MX4;Meizu MX4
Meizu MX5;Meizu MX5
Meizu MX6;Meizu MX6
Meizu Note 8;Meizu Note 8
Meizu Pro 5;Meizu Pro 5
Meizu Pro 6 Plus;Meizu Pro 6 Plus
Meizu Pro 6;Meizu Pro 6
Meizu Pro 7 Plus;Meizu Pro 7 Plus
Meizu Pro 7;Meizu Pro 7
Meizu U10;Meizu U10
Meizu U20;Meizu U20
Meizu X;Meizu X
Micromax Bolt (A79);Micromax BoltA79
Micromax Bolt (D320);Micromax BoltD320
Micromax Bolt (Q301);Micromax BoltQ301
Micromax Bolt (Q338);Micromax BoltQ338
Micromax Bolt (Q383);Micromax BoltQ383
Micromax Bolt (S300);Micromax BoltS300
Micromax Bolt Ultra 2 (Q440);Micromax Bolt Ultra 2Q440
Micromax Bolt Ultra 2Q440;Micromax Bolt Ultra 2Q440
Micromax BoltA79;Micromax BoltA79
Micromax BoltD320;Micromax BoltD320
Micromax BoltQ301;Micromax BoltQ301
Micromax BoltQ338;Micromax BoltQ338
Micromax BoltQ383;Micromax BoltQ383
Micromax BoltS300;Micromax BoltS300
Micromax Canvas Blaze 4G Plus (Q414);Micromax Canvas Blaze 4G PlusQ414
Micromax Canvas Blaze 4G PlusQ414;Micromax Canvas Blaze 4G PlusQ414
Micromax Canvas Fire (A093);Micromax Canvas FireA093
Micromax Canvas FireA093;Micromax Canvas FireA093
Micromax Canvas Juice 2Canvas Power (AQ5001);Micromax Canvas Juice 2Canvas PowerAQ5001
Micromax Canvas Juice 2Canvas PowerAQ5001;Micromax Canvas Juice 2Canvas PowerAQ5001
Micromax Canvas Knight (A350);Micromax Canvas KnightA350
Micromax Canvas KnightA350;Micromax Canvas KnightA350
Micromax Canvas Magnus (Q334);Micromax Canvas MagnusQ334
Micromax Canvas MagnusQ334;Micromax Canvas MagnusQ334
Micromax Canvas Nitro 2 (E311);Micromax Canvas Nitro 2E311
Micromax Canvas Nitro 2E311;Micromax Canvas Nitro 2E311
Micromax Canvas Selfie 2 (Q340);Micromax Canvas Selfie 2Q340
Micromax Canvas Selfie 2Q340;Micromax Canvas Selfie 2Q340
Micromax Canvas Spark 2 (Q391);Micromax Canvas Spark 2Q391Doodle 4
Micromax Canvas Spark 2Q391Doodle 4;Micromax Canvas Spark 2Q391Doodle 4
Micromax Canvas Turbo MiniA200;Micromax Canvas Turbo MiniA200
Micromax Canvas Unite (A092);Micromax Canvas UniteA092Quad
Micromax Canvas UniteA092Quad;Micromax Canvas UniteA092Quad
Micromax Canvas Viva (A106);Micromax Canvas VivaA106Unite 2
Micromax Canvas VivaA106Unite 2;Micromax Canvas VivaA106Unite 2
Micromax Canvas Xpress 4G (Q413);Micromax Canvas Xpress 4GQ413
Micromax Canvas Xpress 4GQ413;Micromax Canvas Xpress 4GQ413
Micromax Turbo Mini (A200);Micromax Canvas Turbo MiniA200
Microsoft Lumia 430;Microsoft Lumia 430
Microsoft Lumia 435;Microsoft Lumia 435
Microsoft Lumia 532;Microsoft Lumia 532
Microsoft Lumia 535;Microsoft Lumia 535
Microsoft Lumia 540;Microsoft Lumia 540
Microsoft Lumia 550;Microsoft Lumia 550
Microsoft Lumia 640 XL;Microsoft Lumia 640 XL
Microsoft Lumia 640;Microsoft Lumia 640640 Dual SIM
Microsoft Lumia 640640 Dual SIM;Microsoft Lumia 640640 Dual SIM
Microsoft Lumia 650;Microsoft Lumia 650650 Dual SIM
Microsoft Lumia 650650 Dual SIM;Microsoft Lumia 650650 Dual SIM
Microsoft Lumia 850;Microsoft Lumia 850
Microsoft Lumia 950 XL;Microsoft Lumia 950 XL
Microsoft Lumia 950;Microsoft Lumia 950950 Dual SIM
Microsoft Lumia 950950 Dual SIM;Microsoft Lumia 950950 Dual SIM
Moto C;Motorola Moto C
Moto E4 Plus;Motorola Moto E4 Plus
Moto E4;Motorola Moto E4
Moto G 3rd gen;Motorola Moto G 2015Moto G 3rd GenMoto G Gen 3
Moto G4 Play;Motorola Moto G4 Play
Moto G5;Motorola Moto G5
Moto G6;Motorola Moto G6
Moto M;Motorola Moto M
Moto X Force;Motorola Moto X Force
Moto X Play;Motorola Moto X Play
Moto X Style;Motorola Moto X Style
Moto Z Play;Motorola Moto Z Play
Moto Z2 Play;Motorola Moto Z2 Play (XT1710)
Motorola Moto C Plus;Motorola Moto C Plus
Motorola Moto C;Motorola Moto C
Motorola Moto E4 Plus;Motorola Moto E4 Plus
Motorola Moto E4;Motorola Moto E4
Motorola Moto E5 Plus;Motorola Moto E5 Plus
Motorola Moto G 2015Moto G 3rd GenMoto G Gen 3;Motorola Moto G 2015Moto G 3rd GenMoto G Gen 3
Motorola Moto G4 Play;Motorola Moto G4 Play
Motorola Moto G4;Motorola Moto G4
Motorola Moto G5;Motorola Moto G5
Motorola Moto G5s Plus (G6 Plus);Motorola Moto G5S PlusG6 Plus
Motorola Moto G5S PlusG6 Plus;Motorola Moto G5S PlusG6 Plus
Motorola Moto G6;Motorola Moto G6
Motorola Moto G7 Plus;Motorola Moto G7 Plus
Motorola Moto G7;Motorola Moto G7
Motorola Moto M;Motorola Moto M
Motorola Moto P30 Note;Motorola Moto P30 Note
Motorola Moto P30 Play;Motorola Moto P30 Play
Motorola Moto X Force;Motorola Moto X Force
Motorola Moto X Play;Motorola Moto X Play
Motorola Moto X Style;Motorola Moto X Style
Motorola Moto Z Force (Droid);Motorola Moto Z ForceZ Force Droid
Motorola Moto Z ForceZ Force Droid;Motorola Moto Z ForceZ Force Droid
Motorola Moto Z Play;Motorola Moto Z Play
Motorola Moto Z;Motorola Moto Z
Motorola Nexus 6;Motorola Nexus 6
Motorola One (P30 Play);Motorola Moto P30 Play
Motorola One Power (P30 Note);Motorola Moto P30 Note
MTC Smart Light;MTC Smart Light
MTC Smart Race 4G (LTE);MTC Smart Race 4G (LTE)
MTC Smart Race 4G;MTC Smart Race 4G (LTE)
MTC Smart Start 3;MTC Smart Start 3
MTC Smart Start;MTC Smart Start
Nokia 1;Nokia 1
Nokia 2.1;Nokia 2.1
Nokia 2;Nokia 2
Nokia 206;Nokia 206
Nokia 216;Nokia 216
Nokia 225;Nokia 225
Nokia 230;Nokia 230
Nokia 3.1;Nokia 3.1
Nokia 3;Nokia 3
Nokia 3310 (2017);Nokia 3310 (2017)
Nokia 5.1;Nokia 5.1
Nokia 5;Nokia 5
Nokia 515;Nokia 515
Nokia 6 (6.1) (2018);Nokia 6.1 (2018)
Nokia 6.1 (2018);Nokia 6.1 (2018)
Nokia 6;Nokia 6
Nokia 7 Plus;Nokia 7 Plus
Nokia 7.1 (2018);Nokia 7.1
Nokia 7.1;Nokia 7.1
Nokia 7;Nokia 7
Nokia 700;Nokia 700
Nokia 8 Sirocco;Nokia 8 Sirocco
Nokia 8.1 (Nokia X7);Nokia 8.1
Nokia 8.1;Nokia 8.1
Nokia 8;Nokia 8
Nokia 9;Nokia 9
Nokia Asha 230;Nokia Asha 230
Nokia Asha 311;Nokia Asha 311
Nokia Asha 501;Nokia Asha 501
Nokia Asha 502;Nokia Asha 502
Nokia Asha 503;Nokia Asha 503
Nokia Asha 603;Nokia Asha 603
Nokia Asha N603;Nokia Asha 603
Nokia Lumia 1020;Nokia Lumia 1020RM-875, RM-877, RM-876
Nokia Lumia 1320;Nokia Lumia 1320
Nokia Lumia 1520;Nokia Lumia 1520
Nokia Lumia 505;Nokia Lumia 505
Nokia Lumia 520525;Nokia Lumia 520525
Nokia Lumia 530;Nokia Lumia 530RM-1018RM-1020
Nokia Lumia 530RM-1018RM-1020;Nokia Lumia 530RM-1018RM-1020
Nokia Lumia 610;Nokia Lumia 610
Nokia Lumia 620;Nokia Lumia 620
Nokia Lumia 630635636638;Nokia Lumia 630Dual SIM635638
Nokia Lumia 630Dual SIM635638;Nokia Lumia 630Dual SIM635638
Nokia Lumia 720;Nokia Lumia 720
Nokia Lumia 730735;Nokia Lumia 730735
Nokia Lumia 820;Nokia Lumia 820
Nokia Lumia 830;Nokia Lumia 830
Nokia Lumia 920;Nokia Lumia 920
Nokia Lumia 929930Nokia Lumia Icon;Nokia Lumia 929930Nokia Lumia Icon
Nokia Lumia 930;Nokia Lumia 929930Nokia Lumia Icon
Nokia X (X Plus);Nokia X
Nokia X2 Dual SIMRM-1013;Nokia X2 Dual SIMRM-1013
Nokia X2 Dual;Nokia X2 Dual SIMRM-1013
Nokia X5;Nokia X5
Nokia X6;Nokia X6
Nokia X7;Nokia X7
Nokia XL (RM 1030);Nokia XL
Nokia XL;Nokia XL
Nokia XX+RM-980;Nokia XX+RM-980
OnePlus 2;OnePlus 2OnePlus TwoONE A2001
OnePlus 2OnePlus TwoONE A2001;OnePlus 2OnePlus TwoONE A2001
OnePlus 3;OnePlus 33TA3000
OnePlus 33TA3000;OnePlus 33TA3000
OnePlus 5;OnePlus 5A5000
OnePlus 5A5000;OnePlus 5A5000
OnePlus 5T;OnePlus 5T
OnePlus 6 (2018);OnePlus 6 (2018)
OnePlus 6;OnePlus 6 (2018)
OnePlus 6T (2018);OnePlus 6T (2018)
OnePlus 6T;OnePlus 6T (2018)
OnePlus 7 (2019);OnePlus 7 (2019)
OnePlus 7 Pro (2019);OnePlus 7 Pro (2019)
OnePlus One;OnePlus OneA0001
OnePlus OneA0001;OnePlus OneA0001
OnePlus X;OnePlus X
OPPO A1k;OPPO A1k
OPPO A3S;OPPO A3S
OPPO A71 (2018);OPPO A71
OPPO A71;OPPO A71
OPPO A83 (2018);OPPO A83
OPPO A83;OPPO A83
OPPO F3 Plus;OPPO F3 Plus
OPPO F3;OPPO F3
OPPO F5;OPPO F5
OPPO F7;OPPO F7
OPPO R11S Plus;OPPO R11S Plus
OPPO R11S;OPPO R11S
OPPO R821;OPPO R821
OPPO R9;OPPO R9
OPPO Realme 2;OPPO Realme 2
OPPO Realme 3 Pro;OPPO Realme 3 Pro
OPPO RX17 Pro;OPPO RX17 Pro
OPPO X909;OPPO X909
Oukitel Mix 2;Oukitel Mix 2
Philips S326;Philips S326
Philips S386 (Navy);Philips S386 (Navy)
Philips X586;Philips X586
Philips Xenium S386 (Navy);Philips S386 (Navy)
Pocophone F1;Pocophone F1
Prestigio Grace B7 (P7) LTE (PSP7570);Prestigio Grace P7PSP7570
Prestigio Grace M5PSP5511DUO;Prestigio Grace M5PSP5511DUO
Prestigio Grace P5 (PSP5515);Prestigio Grace P5
Prestigio Grace P5;Prestigio Grace P5
Prestigio Grace P7PSP7570;Prestigio Grace P7PSP7570
Prestigio Grace Q5PSP5506DUO;Prestigio Grace Q5PSP5506DUO
Prestigio Grace R5 LTE (PSP5552);Prestigio Grace R5
Prestigio Grace R5;Prestigio Grace R5
Prestigio Grace S7PSP7551DUO;Prestigio Grace S7PSP7551DUO
Prestigio GracePSP7557;Prestigio GracePSP7557
Prestigio MultiPhone Grace (7557);Prestigio GracePSP7557
Prestigio MultiPhone Grace Q5 (PSP5506);Prestigio Grace Q5PSP5506DUO
Prestigio MultiPhone Grace S7 (PSP7551);Prestigio Grace S7PSP7551DUO
Prestigio MultiPhone Muze B3 (PSP3512);Prestigio Muze B3PSP3512DUO
Prestigio MultiPhone Muze D3 (PSP3530);Prestigio Muze D3PSP3530DUO
Prestigio MultiPhone Muze E3 (PSP3531);Prestigio Muze E3PSP3531DUO
Prestigio MultiPhone Muze F3;Prestigio Muze F3PSP3532 DUO
Prestigio MultiPhone Wize G3 (PSP3510);Prestigio Wize G3PSP3510 DUO
Prestigio Muze B3PSP3512DUO;Prestigio Muze B3PSP3512DUO
Prestigio Muze C5 (C7) (PSP55107510);Prestigio Muze C5C7
Prestigio Muze C5C7;Prestigio Muze C5C7
Prestigio Muze D3PSP3530DUO;Prestigio Muze D3PSP3530DUO
Prestigio Muze E3PSP3531DUO;Prestigio Muze E3PSP3531DUO
Prestigio Muze E5 LTE (PSP5545);Prestigio Muze E5 LTEPSP5545
Prestigio Muze E5 LTEPSP5545;Prestigio Muze E5 LTEPSP5545
Prestigio Muze F3PSP3532 DUO;Prestigio Muze F3PSP3532 DUO
Prestigio Muze G3 LTE (PSP3511);Prestigio Muze G3PSP3511DUO
Prestigio Muze G3PSP3511DUO;Prestigio Muze G3PSP3511DUO
Prestigio Muze G5 LTE (PSP5522);Prestigio Muze G5 LTEPSP5522
Prestigio Muze G5 LTEPSP5522;Prestigio Muze G5 LTEPSP5522
Prestigio Muze V3 (LTEPSP3495);Prestigio Muze V3 LTEPSP3495
Prestigio Muze V3 LTEPSP3495;Prestigio Muze V3 LTEPSP3495
Prestigio Wize G3PSP3510 DUO;Prestigio Wize G3PSP3510 DUO
Prestigio Wize Q3;Prestigio Wize Q3PSP3471 DUO
Prestigio Wize Q3PSP3471 DUO;Prestigio Wize Q3PSP3471 DUO
Samsung Galaxy A10 (2019);Samsung Galaxy A10 (2019)
Samsung Galaxy A10M10 (2019);Samsung Galaxy A10 (2019)
Samsung Galaxy A10S (2019);Samsung Galaxy A10S (2019)
Samsung Galaxy A2 Core;Samsung Galaxy A2 Core
Samsung Galaxy A20A30 (2019);Samsung Galaxy A20A30 (2019)
Samsung Galaxy A20S (2019);Samsung Galaxy A20S (2019)
Samsung Galaxy A3 (2016) SM-A310;Samsung Galaxy A3 (2016) SM-A310
Samsung Galaxy A3 (2017) (SM-A320);Samsung Galaxy A3 (2017) (SM-A320)
Samsung Galaxy A3 SM-A300F;Samsung Galaxy A3 SM-A300F
Samsung Galaxy A30 (2019);Samsung Galaxy A20A30 (2019)
Samsung Galaxy A40 (2019);Samsung Galaxy A40 (2019)
Samsung Galaxy A40S (2019);Samsung Galaxy A40S (2019)
Samsung Galaxy A5 (2016) SM-A510;Samsung Galaxy A5 (2016) SM-A510
Samsung Galaxy A5 (2017) (SM-A520);Samsung Galaxy A5 (2017) (SM-A520)
Samsung Galaxy A5 (2018);Samsung Galaxy A8 (2018) (SM-A530)
Samsung Galaxy A5 SM-A500;Samsung Galaxy A5SM-A500
Samsung Galaxy A50 (2019);Samsung Galaxy A50A30S (2019)
Samsung Galaxy A50A30S (2019);Samsung Galaxy A50A30S (2019)
Samsung Galaxy A51;Samsung Galaxy A51
Samsung Galaxy A5SM-A500;Samsung Galaxy A5SM-A500
Samsung Galaxy A6 (2018);Samsung Galaxy A6 (2018)
Samsung Galaxy A6 Plus (2018);Samsung Galaxy A6 Plus (2018)
Samsung Galaxy A60 (2019);Samsung Galaxy A60 (2019)
Samsung Galaxy A6S (2018);Samsung Galaxy A6S (2018)
Samsung Galaxy A6s;Samsung Galaxy A6S (2018)
Samsung Galaxy A7 (2016) SM-A710;Samsung Galaxy A7 2016SM-A710
Samsung Galaxy A7 (2017) (SM-A720F);Samsung Galaxy A7 2017SM-A720
Samsung Galaxy A7 (2018);Samsung Galaxy A7 2018 SM-A750F
Samsung Galaxy A7 2016SM-A710;Samsung Galaxy A7 2016SM-A710
Samsung Galaxy A7 2017SM-A720;Samsung Galaxy A7 2017SM-A720
Samsung Galaxy A7 2018 SM-A750F;Samsung Galaxy A7 2018 SM-A750F
Samsung Galaxy A7 SM-A700F;Samsung Galaxy A7SM-A700F
Samsung Galaxy A70 (2019);Samsung Galaxy A70 (2019)
Samsung Galaxy A7SM-A700F;Samsung Galaxy A7SM-A700F
Samsung Galaxy A8 (2018) (SM-A530);Samsung Galaxy A8 (2018) (SM-A530)
Samsung Galaxy A8 Plus (2018) (SM-A730);Samsung Galaxy A8 Plus (2018) (SM-A730)
Samsung Galaxy A8 SM-A800F;Samsung Galaxy A8SM-A800
Samsung Galaxy A8 Star (2018) (A9 Star);Samsung Galaxy A8 Star (2018) (A9 Star)
Samsung Galaxy A8 Star (A9 Star);Samsung Galaxy A8 Star (2018) (A9 Star)
Samsung Galaxy A80 (2019);Samsung Galaxy A80A90
Samsung Galaxy A8SM-A800;Samsung Galaxy A8SM-A800
Samsung Galaxy A9 (2016) SM-A9000;Samsung Galaxy A9 (2016) SM-A9000
Samsung Galaxy A9 (2018);Samsung Galaxy A9 2018
Samsung Galaxy A9 2018;Samsung Galaxy A9 2018
Samsung Galaxy Ace 2 GT-I8160;Samsung Galaxy Ace 2 GT-I8160
Samsung Galaxy Ace 3 GT-S7272;Samsung Galaxy Ace 3 GT-S7272
Samsung Galaxy Ace 4 Lite SM-G313HSM-G318HDS;Samsung Galaxy Ace 4 Lite SM-G313HSM-G318HDS
Samsung Galaxy Ace GT-S5830;Samsung Galaxy Ace GT-S5830
Samsung Galaxy Ace Style LTE SM-G357FZ;Samsung Galaxy Ace Style LTE SM-G357FZ
Samsung Galaxy Alpha SM-G850F;Samsung Galaxy Alpha SM-G850F
Samsung Galaxy Beam GT-I8530;Samsung Galaxy Beam GT-I8530
Samsung Galaxy C5 Pro;Samsung Galaxy C5 Pro
Samsung Galaxy C5 SM-C5000;Samsung Galaxy C5 SM-C5000
Samsung Galaxy C7 (C7000);Samsung Galaxy C7 (C7000)
Samsung Galaxy C9 (C9 Pro);Samsung Galaxy C9
Samsung Galaxy C9;Samsung Galaxy C9
Samsung Galaxy Core 2 Duos SM-G355;Samsung Galaxy Core 2 Duos SM-G355
Samsung Galaxy Core GT-I8260GT-I8262;Samsung Galaxy Core GT-I8260GT-I8262
Samsung Galaxy Core Plus SM-G3500;Samsung Galaxy Core Plus SM-G3500
Samsung Galaxy Core Prime SM-G360H;Samsung Galaxy Core Prime SM-G360H
Samsung Galaxy E5 SM-E500HDS;Samsung Galaxy E5SM-E500F
Samsung Galaxy E5SM-E500F;Samsung Galaxy E5SM-E500F
Samsung Galaxy E7 SM-E700F;Samsung Galaxy E7E700
Samsung Galaxy E7E700;Samsung Galaxy E7E700
Samsung Galaxy Express 2 SM-G3815;Samsung Galaxy Express 2SM-G3815
Samsung Galaxy Gio (GT-S5660);Samsung Galaxy GioGT-S5660
Samsung Galaxy GioGT-S5660;Samsung Galaxy GioGT-S5660
Samsung Galaxy Grand 2 SM-G7102 SM-G7106;Samsung Galaxy Grand 2SM-G7102G7106
Samsung Galaxy Grand 2SM-G7102G7106;Samsung Galaxy Grand 2SM-G7102G7106
Samsung Galaxy Grand 3 SM-G7200;Samsung Galaxy Grand 3SM-G7200
Samsung Galaxy Grand 3SM-G7200;Samsung Galaxy Grand 3SM-G7200
Samsung Galaxy Grand GT-I9082;Samsung Galaxy Grand GT-I9082
Samsung Galaxy Grand Neo GT-I9060;Samsung Galaxy Grand NeoGT-i9060
Samsung Galaxy Grand NeoGT-i9060;Samsung Galaxy Grand NeoGT-i9060
Samsung Galaxy Grand Prime SM-G530H;Samsung Galaxy Grand PrimeSM-G530
Samsung Galaxy Grand PrimeSM-G530;Samsung Galaxy Grand PrimeSM-G530
Samsung Galaxy J1 (2016) SM-J120;Samsung Galaxy J1 (2016) SM-J120
Samsung Galaxy J1 Ace Duos J110;Samsung Galaxy J1 Ace Duos J110
Samsung Galaxy J1 mini Prime (2017) (J106F);Samsung Galaxy J1 mini Prime
Samsung Galaxy J1 mini Prime;Samsung Galaxy J1 mini Prime
Samsung Galaxy J1 Mini SM-J105H;Samsung Galaxy J1 Mini SM-J105H
Samsung Galaxy J1 SM-J100H;Samsung Galaxy J1SM-J100
Samsung Galaxy J1SM-J100;Samsung Galaxy J1SM-J100
Samsung Galaxy J2 (Pro)(2018);Samsung Galaxy J2 (Pro)(2018)
Samsung Galaxy J2 Core SM-J260F;Samsung Galaxy J2 Core
Samsung Galaxy J2 Core;Samsung Galaxy J2 Core
Samsung Galaxy J2 Duos SM-J200;Samsung Galaxy J2 Duos SM-J200
Samsung Galaxy J2 Prime (SM-G532F);Samsung Galaxy J2 Prime (SM-G532F)
Samsung Galaxy J3 (2017) (Emerge);Samsung Galaxy J3 (2017) (Emerge)
Samsung Galaxy J3 (2018);Samsung Galaxy J3 (2018)
Samsung Galaxy J3 2018;Samsung Galaxy J3 (2018)
Samsung Galaxy J3 Duos SM-J320F;Samsung Galaxy J3 Duos SM-J320F
Samsung Galaxy J4 2018 (SM-J400);Samsung Galaxy J4 2018 (SM-J400)
Samsung Galaxy J4 Core;Samsung Galaxy J4 Core
Samsung Galaxy J4 Plus (2018)(SM-J415F);Samsung Galaxy J4 Plus 2018
Samsung Galaxy J4 Plus 2018;Samsung Galaxy J4 Plus 2018
Samsung Galaxy J5 (2016) SM-J510F;Samsung Galaxy J5 (2016) SM-J510F
Samsung Galaxy J5 (2017) SM-J530F;Samsung Galaxy J5 (2017) SM-J530F
Samsung Galaxy J5 Prime (SM-G570F);Samsung Galaxy J5 Prime (SM-G570F)
Samsung Galaxy J5 SM-J500F;Samsung Galaxy J5 SM-J500F
Samsung Galaxy J6 2018 (SM-J600);Samsung Galaxy J6 2018 (SM-J600)
Samsung Galaxy J6 Plus (2018)(SM-J610);Samsung Galaxy J6 Plus 2018
Samsung Galaxy J6 Plus 2018;Samsung Galaxy J6 Plus 2018
Samsung Galaxy J7 (2016) SM-J710F;Samsung Galaxy J7 (2016) SM-J710F
Samsung Galaxy J7 (2017) (SM-J730F);Samsung Galaxy J7 (2017) (SM-J730F)
Samsung Galaxy J7 (2018);Samsung Galaxy J7 (2018)
Samsung Galaxy J7 (J700H);Samsung Galaxy J7J700H
Samsung Galaxy J7 (Neo) (SM-J700701FDS);Samsung Galaxy J7 (Neo) (SM-J700701FDS)
Samsung Galaxy J7 2018 (SM-J737);Samsung Galaxy J7 (2018)
Samsung Galaxy J7 Neo (SM-J701FDS);Samsung Galaxy J7 (Neo) (SM-J700701FDS)
Samsung Galaxy J7 Prime;Samsung Galaxy J7 Prime
Samsung Galaxy J7J700H;Samsung Galaxy J7J700H
Samsung Galaxy J8 2018 (SM-J810);Samsung Galaxy J8 2018
Samsung Galaxy J8 2018;Samsung Galaxy J8 2018
Samsung Galaxy M10;Samsung Galaxy M10
Samsung Galaxy M20;Samsung Galaxy M20
Samsung Galaxy M30S;Samsung Galaxy M30S
Samsung Galaxy Mega 2 Duos SM-G7508Q;Samsung Galaxy Mega 2SM-G7508
Samsung Galaxy Mega 2SM-G7508;Samsung Galaxy Mega 2SM-G7508
Samsung Galaxy Mega 5.8 GT-I9152;Samsung Galaxy Mega 5.8GT-i9150i9152
Samsung Galaxy Mega 6.3 GT-I9200;Samsung Galaxy Mega 6.3GT-i9200i9205
Samsung Galaxy Mega 6.3GT-i9200i9205;Samsung Galaxy Mega 6.3GT-i9200i9205
Samsung Galaxy Mini GT-S5570;Samsung Galaxy MiniGT-S5570
Samsung Galaxy MiniGT-S5570;Samsung Galaxy MiniGT-S5570
Samsung Galaxy Note 10 Pro;Samsung Galaxy Note 10 Pro
Samsung Galaxy Note 10;Samsung Galaxy Note 10
Samsung Galaxy Note 2 GT-N7100;Samsung Galaxy Note 2GT-N7100
Samsung Galaxy Note 2GT-N7100;Samsung Galaxy Note 2GT-N7100
Samsung Galaxy Note 3 Neo SM-N7505;Samsung Galaxy Note 3 NeoSM-N7505N750
Samsung Galaxy Note 3 NeoSM-N7505N750;Samsung Galaxy Note 3 NeoSM-N7505N750
Samsung Galaxy Note 3 SM-N9000;Samsung Galaxy Note 3SM-N900N9005
Samsung Galaxy Note 4 SM-N910C;Samsung Galaxy Note 4SM-N910
Samsung Galaxy Note 4SM-N910;Samsung Galaxy Note 4SM-N910
Samsung Galaxy Note 5 SM-N920;Samsung Galaxy Note 5 SM-N920
Samsung Galaxy Note 7;Samsung Galaxy Note 7
Samsung Galaxy Note 8;Samsung Galaxy Note 8
Samsung Galaxy Note 9;Samsung Galaxy Note 9
Samsung Galaxy Note GT-N70009220;Samsung Galaxy Note GT-N70009220
Samsung Galaxy On5 SM-G550F;Samsung Galaxy On5
Samsung Galaxy On5;Samsung Galaxy On5
Samsung Galaxy On7 SM-G6000;Samsung Galaxy On7
Samsung Galaxy On7;Samsung Galaxy On7
Samsung Galaxy S Advance GT-I9070;Samsung Galaxy S AdvanceGT-i9070
Samsung Galaxy S AdvanceGT-i9070;Samsung Galaxy S AdvanceGT-i9070
Samsung Galaxy S Duos 2 GT-S7562GT-S7582;Samsung Galaxy S Duos 2GT-S7582
Samsung Galaxy S Duos 2GT-S7582;Samsung Galaxy S Duos 2GT-S7582
Samsung Galaxy S Duos GT-S7562GT-S7560;Samsung Galaxy S DuosGT-S7562S7560
Samsung Galaxy S II LTE GT-I9210;Samsung Galaxy S2 LTEGT-i9210
Samsung Galaxy S10 Lite;Samsung Galaxy S10E
Samsung Galaxy S10 Plus;Samsung Galaxy S10 Plus
Samsung Galaxy S10;Samsung Galaxy S10
Samsung Galaxy S10E;Samsung Galaxy S10E
Samsung Galaxy S2 GT-I9100;Samsung Galaxy S2 GT-I9100
Samsung Galaxy S20 Plus;Samsung Galaxy S20 Plus
Samsung Galaxy S20 Ultra;Samsung Galaxy S20 Ultra
Samsung Galaxy S20;Samsung Galaxy S20
Samsung Galaxy S3 GT-I9300;Samsung Galaxy S3 GT-I9300
Samsung Galaxy S3 Mini GT-I8190;Samsung Galaxy S3 Mini GT-I8190
Samsung Galaxy S4 Active GT-I9295;Samsung Galaxy S4 Active GT-I9295
Samsung Galaxy S4 GT-I9500;Samsung Galaxy S4 GT-I9500
Samsung Galaxy S4 mini GT-I9190;Samsung Galaxy S4 mini GT-I9190
Samsung Galaxy S5 GT-I9600SM-G900F;Samsung Galaxy S5 GT-I9600SM-G900F
Samsung Galaxy S5 mini SM-G800F;Samsung Galaxy S5 mini SM-G800F
Samsung Galaxy S6 Active SM-G890A;Samsung Galaxy S6 ActiveSM-G890A
Samsung Galaxy S6 Edge Plus SM-G928F;Samsung Galaxy S6 Edge Plus SM-G928F
Samsung Galaxy S6 Edge SM-G925F;Samsung Galaxy S6 Edge SM-G925F
Samsung Galaxy S6 SM-G920F;Samsung Galaxy S6 SM-G920F
Samsung Galaxy S7 Edge SM-G935;Samsung Galaxy S7 Edge SM-G935
Samsung Galaxy S7 Plus;Samsung Galaxy S7 Plus
Samsung Galaxy S7 SM-G930;Samsung Galaxy S7 SM-G930
Samsung Galaxy S8 Plus;Samsung Galaxy S8 Plus
Samsung Galaxy S8;Samsung Galaxy S8
Samsung Galaxy S9 Plus;Samsung Galaxy S9 Plus
Samsung Galaxy S9;Samsung Galaxy S9
Samsung Galaxy Star 2 PlusStar AdvanceSM-G350;Samsung Galaxy Star 2 PlusStar AdvanceSM-G350
Samsung Galaxy Star Advance SM-G350E;Samsung Galaxy Star 2 PlusStar AdvanceSM-G350
Samsung Galaxy Star GT-S5282;Samsung Galaxy StarGT-S5280
Samsung Galaxy Star Plus GT-S7262;Samsung Galaxy Star PlusGT-S7260GT-S7262
Samsung Galaxy Star PlusGT-S7260GT-S7262;Samsung Galaxy Star PlusGT-S7260GT-S7262
Samsung Galaxy Trend GT-S7390;Samsung Galaxy TrendGT-S7390S7392
Samsung Galaxy TrendGT-S7390S7392;Samsung Galaxy TrendGT-S7390S7392
Samsung Galaxy W (I8150);Samsung Galaxy WGT-i8150
Samsung Galaxy Win GT-I8552;Samsung Galaxy WinGT-i8550i8552
Samsung Galaxy WinGT-i8550i8552;Samsung Galaxy WinGT-i8550i8552
Samsung Galaxy Y PlusGT-S5303GT-S5303B;Samsung Galaxy Y PlusGT-S5303GT-S5303B
Samsung Galaxy Young 2 SM-G130H;Samsung Galaxy Young 2SM-G130H
Samsung Galaxy Young 2SM-G130H;Samsung Galaxy Young 2SM-G130H
Samsung Galaxy Z1 SM-Z130H;Samsung Galaxy Z1Z130H
Samsung Galaxy Z1Z130H;Samsung Galaxy Z1Z130H
Samsung S5 Zoom;Samsung Galaxy S5 ZoomK zoom
Samsung Wave Y GT-S5380;Samsung Wave YGT-S5380
Sony Ericsson X12;Sony Ericsson X12
Sony Ericsson X8;Sony Ericsson X8
Sony Ericsson Xperia X8 (E15i);Sony Ericsson X8
Sony Xperia 1;Sony Xperia 1
Sony Xperia 10 Plus;Sony Xperia 10 Plus
Sony Xperia 10;Sony Xperia 10XA3
Sony Xperia 10XA3;Sony Xperia 10XA3
Sony Xperia 5;Sony Xperia 5
Sony Xperia Acro S (LT26w);Sony Xperia Acro S (LT26w)
Sony Xperia Arc X12 (LT15i);Sony Ericsson X12
Sony Xperia C (S39hC2305);Sony Xperia C (S39hC2305)
Sony Xperia C3 (DualD2502D2533);Sony Xperia C3 (DualD2502D2533)
Sony Xperia C4 (DualE5303);Sony Xperia C4 (DualE5303)
Sony Xperia C5 (C5 Ultra);Sony Xperia C5 (C5 Ultra)
Sony Xperia E (DualC1505C1605);Sony Xperia E (DualC1505C1605)
Sony Xperia E1 (D2005D2105);Sony Xperia E1 (D2005D2105)
Sony Xperia E2;Sony Xperia E2
Sony Xperia E3 (DualD2203D2212);Sony Xperia E3 (DualD2203D2212)
Sony Xperia E4 (DualE2105E2115);Sony Xperia E4 (DualE2105E2115)
Sony Xperia E4g (DualE2033);Sony Xperia E4g (DualE2033)
Sony Xperia E5 (F3311);Sony Xperia E5 (F3311)
Sony Xperia Ion (LT28hLT28i);Sony Xperia Ion (LT28hLT28i)
Sony Xperia J (ST26i);Sony Xperia J (ST26i)
Sony Xperia L (C2105);Sony Xperia L (C2105)
Sony Xperia L1 (Dual);Sony Xperia L1 (Dual)
Sony Xperia L2 (Dual);Sony Xperia L2 (Dual)
Sony Xperia L3 (Dual);Sony Xperia L3 (Dual)
Sony Xperia L3;Sony Xperia L3 (Dual)
Sony Xperia M (DualC1905C2005);Sony Xperia M (DualC1905C2005)
Sony Xperia M2 (M2 Aqua);Sony Xperia M2 (M2 Aqua)
Sony Xperia M4 (M4 Aqua);Sony Xperia M4 (M4 Aqua)
Sony Xperia M5 (Dual);Sony Xperia M5 (Dual)
Sony Xperia Miro (ST23i);Sony Xperia Miro (ST23i)
Sony Xperia Neo L (MT25i);Sony Xperia Neo L (MT25i)
Sony Xperia P (LT22i);Sony Xperia P (LT22i)
Sony Xperia S (LT26i);Sony Xperia S (LT26i)
Sony Xperia Sola (MT27i);Sony Xperia Sola (MT27i)
Sony Xperia SP (C5303);Sony Xperia SP (C5303)
Sony Xperia SP;Sony Xperia SP (C5303)
Sony Xperia T (LT30P);Sony Xperia T (LT30P)
Sony Xperia T2 (T2 Ultra);Sony Xperia T2 (T2 Ultra)
Sony Xperia T3 (D5103);Sony Xperia T3 (D5103)
Sony Xperia Tipo (ST21i);Sony Xperia Tipo (ST21i)
Sony Xperia TX (LT29i);Sony Xperia TX (LT29i)
Sony Xperia U (ST25i);Sony Xperia U (ST25i)
Sony Xperia X (DualF5121F5122);Sony Xperia X (DualF5121F5122)
Sony Xperia X Compact (F5321);Sony Xperia X Compact (F5321)
Sony Xperia X Performance (DualF8132);Sony Xperia X Performance (DualF8132)
Sony Xperia XA (DualF3112F3111);Sony Xperia XA (DualF3112F3111)
Sony Xperia XA Ultra (F3211F3212);Sony Xperia XA Ultra (F3211F3212)
Sony Xperia XA1 (DualG3112);Sony Xperia XA1 (DualG3112)
Sony Xperia XA1 Plus;Sony Xperia XA1 Plus
Sony Xperia XA1 Ultra;Sony Xperia XA1 Ultra
Sony Xperia XA2 Plus;Sony Xperia XA2 Plus
Sony Xperia XA2 Ultra;Sony Xperia XA2 Ultra
Sony Xperia XA2;Sony Xperia XA2
Sony Xperia XA3 Ultra;Sony Xperia XA3 Ultra
Sony Xperia XZ (Dual);Sony Xperia XZ (Dual)
Sony Xperia XZ Premium (Dual);Sony Xperia XZ Premium (Dual)
Sony Xperia XZ1 Compact;Sony Xperia XZ1 Compact
Sony Xperia XZ1;Sony Xperia XZ1
Sony Xperia XZ2 Compact;Sony Xperia XZ2 Compact
Sony Xperia XZ2 Premium;Sony Xperia XZ2 Premium
Sony Xperia XZ2;Sony Xperia XZ2
Sony Xperia XZ3;Sony Xperia XZ3
Sony Xperia XZs;Sony Xperia XZs
Sony Xperia Z (L36hC6602C6603);Sony Xperia Z (L36hC6602C6603)
Sony Xperia Z1 (L39hC6902C6903);Sony Xperia Z1 (L39hC6902C6903)
Sony Xperia Z1 Compact (D5503);Sony Xperia Z1 Compact (D5503)
Sony Xperia Z2 (D6503);Sony Xperia Z2 (D6503)
Sony Xperia Z2 Compact;Sony Xperia Z2 Compact
Sony Xperia Z3 (DualD6603D6633);Sony Xperia Z3 (DualD6603D6633)
Sony Xperia Z3 Compact (D5803E5803);Sony Xperia Z3 Compact (D5803E5803)
Sony Xperia Z4 (Z3 Plus);Sony Xperia Z4 (Z3 Plus)
Sony Xperia Z4 Compact;Sony Xperia Z4 Compact
Sony Xperia Z4v;Sony Xperia Z4v
Sony Xperia Z5 (Dual);Sony Xperia Z5 (Dual)
Sony Xperia Z5 Compact (E5823);Sony Xperia Z5 Compact (E5823)
Sony Xperia Z5 Premium (DualE6853);Sony Xperia Z5 Premium (DualE6853)
Sony Xperia ZL (C6503C6502);Sony Xperia ZL (C6503C6502)
Tele2 Maxi 1.1;Tele2 Maxi 1.1
Tele2 Maxi LTE;Tele2 Maxi LTE
Tele2 Midi 1.1;Tele2 Midi 1.1
Tele2 Midi;Tele2 Midi
Tele2 mini 1.1;Tele2 mini 1.1
Tele2 Mini;Tele2 Mini
Vivo Nex S;Vivo Nex S
Vivo V11;Vivo V11
Vivo V11i;Vivo V11i
Vivo V15;Vivo V15
Vivo V17 Neo;Vivo V17 Neo
Vivo V7;Vivo V7
Vivo V9;Vivo V9
Vivo X20 Plus;Vivo X20 Plus
Vivo X9;Vivo X9
Vivo Y12 Y17;Vivo Y12Y17
Vivo Y19;Vivo Y19
Vivo Y53;Vivo Y53
Vivo Y71;Vivo Y71
Vivo Y81;Vivo Y81
Vivo Y85;Vivo Y85
Vivo Y91Y95;Vivo Y91
Vivo Y93Y93 Lite;Vivo Y93Y93 Lite
Xiaomi Black Shark;Xiaomi Black Shark
Xiaomi Blackshark;Xiaomi Black Shark
Xiaomi Mi 5X (Mi A1);Xiaomi Mi 5X (Mi A1)
Xiaomi Mi 6X (Mi A2);Xiaomi Mi 6X (Mi A2)
Xiaomi Mi A2 (Mi6X);Xiaomi Mi 6X (Mi A2)
Xiaomi Mi A2 Lite (Redmi 6 Pro);Xiaomi Redmi 6 ProMi A2 lite
Xiaomi Mi A3 LiteMi CC9;Xiaomi Mi A3 LiteMi CC9
Xiaomi Mi A3 MiCC9e;Xiaomi Mi A3Mi CC9e
Xiaomi Mi Max 2;Xiaomi Mi Max 2
Xiaomi Mi Max 3;Xiaomi Mi Max 3
Xiaomi Mi Max;Xiaomi Mi Max
Xiaomi Mi Mix 2;Xiaomi Mi Mix 2
Xiaomi Mi Mix 2S;Xiaomi Mi Mix 2S
Xiaomi Mi Mix 3;Xiaomi Mi Mix 3
Xiaomi Mi Mix;Xiaomi Mi Mix
Xiaomi Mi Note 2;Xiaomi Mi Note 2
Xiaomi Mi Note 3;Xiaomi Mi Note 3
Xiaomi Mi Note;Xiaomi Mi Note
Xiaomi Mi Play;Xiaomi Mi Play
Xiaomi Mi2 (Mi2S);Xiaomi Mi2 (Mi2S)
Xiaomi MI3;Xiaomi MI3
Xiaomi MI4;Xiaomi MI4
Xiaomi Mi4cMi4i;Xiaomi Mi4cMi4i
Xiaomi Mi4S;Xiaomi Mi4S
Xiaomi Mi5;Xiaomi Mi5
Xiaomi Mi5C;Xiaomi Mi5C
Xiaomi Mi5S Plus;Xiaomi Mi5S Plus
Xiaomi Mi5S;Xiaomi Mi5S
Xiaomi Mi6 Plus;Xiaomi Mi6 Plus
Xiaomi Mi6;Xiaomi Mi6
Xiaomi Mi8 Lite;Xiaomi Mi8 Lite
Xiaomi Mi8 SE;Xiaomi Mi8 SE
Xiaomi Mi8;Xiaomi Mi8
Xiaomi Mi9 SE;Xiaomi Mi9 SE
Xiaomi Mi9;Xiaomi Mi9
Xiaomi Pocophone F1;Pocophone F1
Xiaomi Red Rice 1s;Xiaomi Red Rice 1s
Xiaomi Redmi 2 (2s);Xiaomi Redmi 2 (2s)
Xiaomi Redmi 3 (3 Pro3S);Xiaomi Redmi 3 (3 Pro3S)
Xiaomi Redmi 3;Xiaomi Redmi 3 (3 Pro3S)
Xiaomi Redmi 3X;Xiaomi Redmi 3X
Xiaomi Redmi 4 (4s4 Pro4 Prime);Xiaomi Redmi 4 (4s4 Pro4 Prime)
Xiaomi Redmi 4;Xiaomi Redmi 4 (4s4 Pro4 Prime)
Xiaomi Redmi 4a;Xiaomi Redmi 4a
Xiaomi Redmi 4X;Xiaomi Redmi 4X
Xiaomi Redmi 5 Plus;Xiaomi Redmi 5 Plus
Xiaomi Redmi 5;Xiaomi Redmi 5
Xiaomi Redmi 5A;Xiaomi Redmi 5A
Xiaomi Redmi 6 ProMi A2 lite;Xiaomi Redmi 6 ProMi A2 lite
Xiaomi Redmi 6;Xiaomi Redmi 6
Xiaomi Redmi 6A;Xiaomi Redmi 6A
Xiaomi Redmi 7;Xiaomi Redmi 7
Xiaomi Redmi 8;Xiaomi Redmi 8
Xiaomi Redmi 8A;Xiaomi Redmi 8A
Xiaomi Redmi Go;Xiaomi Redmi Go
Xiaomi Redmi K20;Xiaomi Mi9TK20K20Pro
Xiaomi RedMi Note (HongMi Note);Xiaomi RedMi Note (HongMi Note)
Xiaomi Redmi Note 2;Xiaomi Redmi Note 2
Xiaomi Redmi Note 3 (Note 3 Pro);Xiaomi Redmi Note 3 (Note 3 Pro)
Xiaomi Redmi Note 4;Xiaomi Redmi Note 4
Xiaomi Redmi Note 4X;Xiaomi Redmi Note 4X
Xiaomi Redmi Note 5 Pro;Xiaomi Redmi Note 5 Pro
Xiaomi Redmi Note 5A Prime;Xiaomi Redmi Note 5A Prime
Xiaomi Redmi Note 5A;Xiaomi Redmi Note 5A
Xiaomi Redmi Note 6 (Pro);Xiaomi Redmi Note 6(Pro)
Xiaomi Redmi Note 6(Pro);Xiaomi Redmi Note 6(Pro)
Xiaomi Redmi Note 7 (Pro);Xiaomi Redmi Note 7
Xiaomi Redmi Note 7;Xiaomi Redmi Note 7
Xiaomi Redmi Note 8 Pro;Xiaomi Redmi Note 8 Pro
Xiaomi Redmi Note 8;Xiaomi Redmi Note 8
Xiaomi Redmi Note 8T;Xiaomi Redmi Note 8T
Xiaomi Redmi Pro;Xiaomi Redmi Pro
Xiaomi Redmi S2;Xiaomi Redmi S2
Xiaomi Redmi Y1 Lite;Xiaomi Redmi Y1 Lite
ZTE Axon 7 MAX;ZTE Axon 7 MAX
ZTE Axon 7 mini;ZTE Axon 7 mini
ZTE Axon mini;ZTE Axon mini
ZTE Blade A310;ZTE Blade A310
ZTE Blade A330;ZTE Blade A330
ZTE Blade A460;ZTE Blade A460
ZTE Blade A465;ZTE Blade A465
ZTE Blade A510;ZTE Blade A510
ZTE Blade A520;ZTE Blade A520
ZTE Blade A520C;ZTE Blade A520C
ZTE Blade A530;ZTE Blade A530
ZTE Blade A6 Lite;ZTE Blade A6 Lite
ZTE Blade A6;ZTE Blade A6
ZTE Blade A601;ZTE Blade A601
ZTE Blade A610 Plus;ZTE Blade A610 Plus
ZTE Blade A610;ZTE Blade A610
ZTE Blade A7 2019;ZTE Blade A7 (2019)
ZTE Blade A910;ZTE Blade A910
ZTE Blade AF3A5 (Pro);ZTE Blade AF3A5 (Pro)
ZTE Blade G (V880G);ZTE Blade G (V880G)
ZTE Blade GF3 (T320);ZTE Blade GF3 (T320)
ZTE Blade L110;ZTE Blade L110
ZTE Blade L3;ZTE Blade L3
ZTE Blade L370;ZTE Blade L370
ZTE Blade L4 Pro;ZTE Blade L4 Pro
ZTE Blade L4;ZTE Blade L4
ZTE Blade L5 (L5 Plus)(l0510);ZTE Blade L5 (L5 Plus)(l0510)
ZTE Blade L7;ZTE Blade L7
ZTE Blade L8A3 2019;ZTE Blade A3 2019L8
ZTE Blade Q Lux;ZTE Blade Q Lux
ZTE Blade S6 (S6 Lite);ZTE Blade S6 (S6 Lite)
ZTE Blade S6 Plus;ZTE Blade S6 Plus
ZTE Blade S7;ZTE Blade S7
ZTE Blade V10 Vita;ZTE Blade V10 Vita
ZTE Blade V10;ZTE Blade V10
ZTE Blade V2 Lite;ZTE Blade V2 Lite
ZTE Blade V580;ZTE Blade V580
ZTE Blade V7 Lite;ZTE Blade V7 Lite
ZTE Blade V7;ZTE Blade V7
ZTE Blade V8 mini;ZTE Blade V8 mini
ZTE Blade V8;ZTE Blade V8
ZTE Blade V9 Vita;ZTE Blade V9 Vita
ZTE Blade V9;ZTE Blade V9
ZTE Blade X3;ZTE Blade X3
ZTE Blade X5;ZTE Blade X5
ZTE Blade X7;ZTE Blade X7Z7 (Blade V6)
ZTE Blade X7Z7 (Blade V6);ZTE Blade X7Z7 (Blade V6)
ZTE Blade X9;ZTE Blade X9
ZTE Blade Z10;ZTE Blade Z10
ZTE Grand X3 (Z959);ZTE Grand X3 (Z959)
ZTE Nubia A510;ZTE Nubia A510
ZTE Nubia M2 Lite;ZTE Nubia M2 Lite
ZTE Nubia M2;ZTE Nubia M2
ZTE Nubia N1 Lite;ZTE Nubia N1 Lite
ZTE Nubia N2;ZTE Nubia N2
ZTE Nubia Prague S;ZTE Nubia Prague S
ZTE Nubia V18;ZTE Nubia V18
ZTE Nubia Z11 Max;ZTE Nubia Z11 Max
ZTE Nubia Z11 Mini S;ZTE Nubia Z11 Mini
ZTE Nubia Z11 Mini;ZTE Nubia Z11 Mini
ZTE Nubia Z11;ZTE Nubia Z11
ZTE Nubia Z17 Mini;ZTE Nubia Z17 Mini
ZTE Nubia Z18 mini;ZTE Nubia Z18 mini
ZTE Nubia Z7 Mini;ZTE Nubia Z7 Mini
ZTE Nubia Z9 max;ZTE Nubia Z9 max
ZTE Nubia Z9 mini;ZTE Nubia Z9 mini
ZTE Q529T;ZTE Q529T
ZTE S2003;ZTE S2003
ZTE V5 Max;ZTE V5 Max
