catalog_name;stuff_name;stuff_url
Маски защитные;Маска защитная двухслойная из спанбонда;https://ck-textil.ru/maski-zashitnye/maska-zashitnaya-dvuhslojnaya-iz-spanbonda.html
Летняя одежда для охоты, рыбалки и туризма;ЖИЛЕТ «СВЕТООТРАЖАЮЩИЙ» ОРАНЖЕВЫЙ;https://ck-textil.ru/letnyaya-odezhda/zhilety-1/zhilet-svetootrazhayushij-oranzhevyj.html
Летняя одежда для охоты, рыбалки и туризма;ЖИЛЕТ «СВЕТООТРАЖАЮЩИЙ» САЛАТОВЫЙ;https://ck-textil.ru/letnyaya-odezhda/zhilety-1/zhilet-svetootrazhayushij-salatovyj.html
Летняя одежда для охоты, рыбалки и туризма;ФУТБОЛКА КМФ БЕРЕЗКА;https://ck-textil.ru/letnyaya-odezhda/futbolki/futbolka-kmf-berezka.html
Летняя одежда для охоты, рыбалки и туризма;ФУТБОЛКА КМФ ЗЕЛЕНЫЙ;https://ck-textil.ru/letnyaya-odezhda/futbolki/futbolka-kmf-zelenyj.html
Летняя одежда для охоты, рыбалки и туризма;ФУТБОЛКА КМФ ЦИФРА;https://ck-textil.ru/letnyaya-odezhda/futbolki/futbolka-kmf-cifra.html
Летняя одежда для охоты, рыбалки и туризма;БРЮКИ «РАБОЧИЕ»;https://ck-textil.ru/letnyaya-odezhda/bryuki/bryuki-rabochie.html
Летняя одежда для охоты, рыбалки и туризма;БРЮКИ «ЛЕТО» КМФ 1;https://ck-textil.ru/letnyaya-odezhda/bryuki/bryuki-leto-kmf-1.html
Летняя одежда для охоты, рыбалки и туризма;БРЮКИ «ЛЕТО» КМФ 2;https://ck-textil.ru/letnyaya-odezhda/bryuki/bryuki-leto-kmf-2.html
Летняя одежда для охоты, рыбалки и туризма;БРЮКИ «ЛЕТО» КМФ 3;https://ck-textil.ru/letnyaya-odezhda/bryuki/bryuki-leto-kmf-3.html
Летняя одежда для охоты, рыбалки и туризма;БРЮКИ «ОМОН» КМФ ЗЕЛЁНЫЙ;https://ck-textil.ru/letnyaya-odezhda/bryuki/bryuki-omon-kmf-zelyonyj.html
Летняя одежда для охоты, рыбалки и туризма;БРЮКИ «ОМОН» КМФ СИНИЙ;https://ck-textil.ru/letnyaya-odezhda/bryuki/bryuki-omon-kmf-sinij.html
Летняя одежда для охоты, рыбалки и туризма;БРЮКИ «ОМОН» ЧЁРНЫЙ;https://ck-textil.ru/letnyaya-odezhda/bryuki/bryuki-omon-chyornyj.html
Летняя одежда для охоты, рыбалки и туризма;БРЮКИ «ЛЕТО» КМФ 1 ТВИЛ;https://ck-textil.ru/letnyaya-odezhda/bryuki/bryuki-leto-kmf-1-tvil.html
Летняя одежда для охоты, рыбалки и туризма;БРЮКИ «ЛЕТО» КМФ 2 ТВИЛ;https://ck-textil.ru/letnyaya-odezhda/bryuki/bryuki-leto-kmf-2-tvil.html
Летняя одежда для охоты, рыбалки и туризма;БРЮКИ «ЛЕТО» КМФ 3 ТВИЛ;https://ck-textil.ru/letnyaya-odezhda/bryuki/bryuki-leto-kmf-3-tvil.html
Летняя одежда для охоты, рыбалки и туризма;БРЮКИ «ЛЕТО» КМФ 4 ТВИЛ;https://ck-textil.ru/letnyaya-odezhda/bryuki/bryuki-leto-kmf-4-tvil.html
Летняя одежда для охоты, рыбалки и туризма;БРЮКИ «ЛЕТО» КМФ ТВИЛ;https://ck-textil.ru/letnyaya-odezhda/bryuki/bryuki-leto-kmf-tvil.html
Летняя одежда для охоты, рыбалки и туризма;БРЮКИ «ОМОН» ПАЛАТКА;https://ck-textil.ru/letnyaya-odezhda/bryuki/bryuki-omon-palatka.html
Летняя одежда для охоты, рыбалки и туризма;ЖИЛЕТ «СПАСАТЕЛЬНЫЙ» КМФ;https://ck-textil.ru/letnyaya-odezhda/zhilety-1/zhilet-spasatelnyj-kmf.html
Летняя одежда для охоты, рыбалки и туризма;ЖИЛЕТ «СПАСАТЕЛЬНЫЙ» ОРАНЖЕВЫЙ;https://ck-textil.ru/letnyaya-odezhda/zhilety-1/zhilet-spasatelnyj-oranzhevyj.html
Летняя одежда для охоты, рыбалки и туризма;ЖИЛЕТ «ОХОТА» КМФ ЛЕС;https://ck-textil.ru/letnyaya-odezhda/zhilety-1/zhilet-ohota-kmf-les.html
Летняя одежда для охоты, рыбалки и туризма;ЖИЛЕТ «ОХОТА» КМФ ЛЕС С СЕТКОЙ;https://ck-textil.ru/letnyaya-odezhda/zhilety-1/zhilet-ohota-kmf-les-s-setkoj.html
Летняя одежда для охоты, рыбалки и туризма;ЖИЛЕТ «ОХОТА» ПАЛАТКА;https://ck-textil.ru/letnyaya-odezhda/zhilety-1/zhilet-ohota-palatka.html
Летняя одежда для охоты, рыбалки и туризма;БРЮКИ «ОМОН» КМФ;https://ck-textil.ru/letnyaya-odezhda/bryuki/bryuki-omon-kmf.html
Летняя одежда для охоты, рыбалки и туризма;БРЮКИ «ОМОН» КМФ ЛЕС 1;https://ck-textil.ru/letnyaya-odezhda/bryuki/bryuki-omon-kmf-les-1.html
Летняя одежда для охоты, рыбалки и туризма;БРЮКИ «ОМОН» КМФ ЛЕС 2;https://ck-textil.ru/letnyaya-odezhda/bryuki/bryuki-omon-kmf-les-2.html
Летняя одежда для охоты, рыбалки и туризма;БРЮКИ «ОМОН» КМФ ЛЕС 3;https://ck-textil.ru/letnyaya-odezhda/bryuki/bryuki-omon-kmf-les-3.html
Летняя одежда для охоты, рыбалки и туризма;КОСТЮМ «РАБОЧИЙ»;https://ck-textil.ru/letnyaya-odezhda/kostyumy-1/kostyum-rabochij.html
Летняя одежда для охоты, рыбалки и туризма;КОСТЮМ «СПЕЦНАЗ» КМФ 3;https://ck-textil.ru/letnyaya-odezhda/kostyumy-1/kostyum-specnaz-kmf-3.html
Летняя одежда для охоты, рыбалки и туризма;КОСТЮМ «СПЕЦНАЗ» КМФ 4;https://ck-textil.ru/letnyaya-odezhda/kostyumy-1/kostyum-specnaz-kmf-4.html
Летняя одежда для охоты, рыбалки и туризма;БРЮКИ «ГОРКА-3» ХАКИ;https://ck-textil.ru/letnyaya-odezhda/bryuki/bryuki-gorka-3-haki.html
Летняя одежда для охоты, рыбалки и туризма;БРЮКИ «КОМБАТ» КМФ 1;https://ck-textil.ru/letnyaya-odezhda/bryuki/bryuki-kombat-kmf-1.html
Летняя одежда для охоты, рыбалки и туризма;БРЮКИ «КОМБАТ» КМФ 2;https://ck-textil.ru/letnyaya-odezhda/bryuki/bryuki-kombat-kmf-2.html
Летняя одежда для охоты, рыбалки и туризма;БРЮКИ «КОМБАТ» КМФ 3;https://ck-textil.ru/letnyaya-odezhda/bryuki/bryuki-kombat-kmf-3.html
Летняя одежда для охоты, рыбалки и туризма;БРЮКИ «КОМБАТ» КМФ ТВИЛ;https://ck-textil.ru/letnyaya-odezhda/bryuki/bryuki-kombat-kmf-tvil.html
Летняя одежда для охоты, рыбалки и туризма;БРЮКИ «КОМБАТ» ХАКИ;https://ck-textil.ru/letnyaya-odezhda/bryuki/bryuki-kombat-haki.html
Летняя одежда для охоты, рыбалки и туризма;КОСТЮМ «МАСТЕР» КМФ ЗЕЛЕНЫЙ;https://ck-textil.ru/letnyaya-odezhda/kostyumy-1/kostyum-master-kmf-zelenyj.html
Летняя одежда для охоты, рыбалки и туризма;КОСТЮМ «МАСТЕР» КМФ СИНИЙ;https://ck-textil.ru/letnyaya-odezhda/kostyumy-1/kostyum-master-kmf-sinij.html
Летняя одежда для охоты, рыбалки и туризма;КОСТЮМ «МАСТЕР» МУЛЬТИКАМ КМФ ЛЕС;https://ck-textil.ru/letnyaya-odezhda/kostyumy-1/kostyum-master-multikam-kmf-les.html
Летняя одежда для охоты, рыбалки и туризма;КОСТЮМ «МАСТЕР» ЧЁРНЫЙ;https://ck-textil.ru/letnyaya-odezhda/kostyumy-1/kostyum-master-chyornyj.html
Летняя одежда для охоты, рыбалки и туризма;КОСТЮМ «СПЕЦНАЗ» КМФ 1;https://ck-textil.ru/letnyaya-odezhda/kostyumy-1/kostyum-specnaz-kmf-1.html
Летняя одежда для охоты, рыбалки и туризма;КОСТЮМ «СПЕЦНАЗ» КМФ 2;https://ck-textil.ru/letnyaya-odezhda/kostyumy-1/kostyum-specnaz-kmf-2.html
Летняя одежда для охоты, рыбалки и туризма;КОСТЮМ «СПЕЦНАЗ» КМФ ЛЕС;https://ck-textil.ru/letnyaya-odezhda/kostyumy-1/kostyum-specnaz-kmf-les.html
Летняя одежда для охоты, рыбалки и туризма;КОСТЮМ «СПЕЦНАЗ» МУЛЬТИКАМ;https://ck-textil.ru/letnyaya-odezhda/kostyumy-1/kostyum-specnaz-multikam.html
Летняя одежда для охоты, рыбалки и туризма;БРЮКИ «ГОРКА-3 КМФ;https://ck-textil.ru/letnyaya-odezhda/bryuki/bryuki-gorka-3-kmf.html
Летняя одежда для охоты, рыбалки и туризма;КОСТЮМ «МАСТЕР» КМФ ЦИФРА;https://ck-textil.ru/letnyaya-odezhda/kostyumy-1/kostyum-master-kmf-cifra.html
Летняя одежда для охоты, рыбалки и туризма;КОСТЮМ «СПЕЦНАЗ» КМФ 5;https://ck-textil.ru/letnyaya-odezhda/kostyumy-1/kostyum-specnaz-kmf-5.html
Летняя одежда для охоты, рыбалки и туризма;КОСТЮМ «СПЕЦНАЗ» КМФ 6;https://ck-textil.ru/letnyaya-odezhda/kostyumy-1/kostyum-specnaz-kmf-6.html
Летняя одежда для охоты, рыбалки и туризма;КОСТЮМ «СПЕЦНАЗ» КМФ 7;https://ck-textil.ru/letnyaya-odezhda/kostyumy-1/kostyum-specnaz-kmf-7.html
Летняя одежда для охоты, рыбалки и туризма;КОСТЮМ «ПРОТИВОЭНЦЕФАЛИТНЫЙ СТОП-МАСКИТ» ОБЛЕГЧЕННЫЙ КМФ 1;https://ck-textil.ru/letnyaya-odezhda/kostyumy-1/kostyum-protivoencefalitnyj-stop-maskit-oblegchennyj-kmf-1.html
Летняя одежда для охоты, рыбалки и туризма;КОСТЮМ «ПРОТИВОЭНЦЕФАЛИТНЫЙ СТОП-МАСКИТ» ОБЛЕГЧЕННЫЙ КМФ 2;https://ck-textil.ru/letnyaya-odezhda/kostyumy-1/kostyum-protivoencefalitnyj-stop-maskit-oblegchennyj-kmf-2.html
Летняя одежда для охоты, рыбалки и туризма;КОСТЮМ «ПРОТИВОЭНЦЕФАЛИТНЫЙ СТОП-МАСКИТ» ОБЛЕГЧЕННЫЙ КМФ 3;https://ck-textil.ru/letnyaya-odezhda/kostyumy-1/kostyum-protivoencefalitnyj-stop-maskit-oblegchennyj-kmf-3.html
Летняя одежда для охоты, рыбалки и туризма;КОСТЮМ «ПРОТИВОЭНЦЕФАЛИТНЫЙ СТОП-МАСКИТ» ХАКИ;https://ck-textil.ru/letnyaya-odezhda/kostyumy-1/kostyum-protivoencefalitnyj-stop-maskit-haki.html
Летняя одежда для охоты, рыбалки и туризма;КОСТЮМ «ПРОТИВОЭНЦЕФАЛИТНЫЙ СТОП-МАСКИТ» КМФ;https://ck-textil.ru/letnyaya-odezhda/kostyumy-1/kostyum-protivoencefalitnyj-stop-maskit-kmf.html
Летняя одежда для охоты, рыбалки и туризма;КОСТЮМ «ПРОТИВОЭНЦЕФАЛИТНЫЙ СТОП-МАСКИТ» КМФ 1;https://ck-textil.ru/letnyaya-odezhda/kostyumy-1/kostyum-protivoencefalitnyj-stop-maskit-kmf-1.html
Летняя одежда для охоты, рыбалки и туризма;КОСТЮМ «ПРОТИВОЭНЦЕФАЛИТНЫЙ СТОП-МАСКИТ» КМФ 2;https://ck-textil.ru/letnyaya-odezhda/kostyumy-1/kostyum-protivoencefalitnyj-stop-maskit-kmf-2.html
Летняя одежда для охоты, рыбалки и туризма;КОСТЮМ «ПРОТИВОЭНЦЕФАЛИТНЫЙ СТОП-МАСКИТ» КМФ ЛЕС;https://ck-textil.ru/letnyaya-odezhda/kostyumy-1/kostyum-protivoencefalitnyj-stop-maskit-kmf-les.html
Летняя одежда для охоты, рыбалки и туризма;КОСТЮМ «ПРОТИВОЭНЦЕФАЛИТНЫЙ СТОП-МАСКИТ» ХАКИ-ЛЕС;https://ck-textil.ru/letnyaya-odezhda/kostyumy-1/kostyum-protivoencefalitnyj-stop-maskit-haki-les.html
Летняя одежда для охоты, рыбалки и туризма;КОСТЮМ «ПРОТИВОЭНЦЕФАЛИТНЫЙ СТОП-МАСКИТ» ХАКИ-ЛЕС 2;https://ck-textil.ru/letnyaya-odezhda/kostyumy-1/kostyum-protivoencefalitnyj-stop-maskit-haki-les-2.html
Летняя одежда для охоты, рыбалки и туризма;КОСТЮМ «ОХОТА»;https://ck-textil.ru/letnyaya-odezhda/kostyumy-1/kostyum-ohota.html
Летняя одежда для охоты, рыбалки и туризма;КОСТЮМ «ТУРИСТ» ХАКИ;https://ck-textil.ru/letnyaya-odezhda/kostyumy-1/kostyum-turist-haki.html
Летняя одежда для охоты, рыбалки и туризма;КОСТЮМ «ЭЛЬБРУС»;https://ck-textil.ru/letnyaya-odezhda/kostyumy-1/kostyum-elbrus.html
Летняя одежда для охоты, рыбалки и туризма;КОСТЮМ «ЕГЕРЬ»;https://ck-textil.ru/letnyaya-odezhda/kostyumy-1/kostyum-eger.html
Летняя одежда для охоты, рыбалки и туризма;КОСТЮМ «ОХОТА» КМФ;https://ck-textil.ru/letnyaya-odezhda/kostyumy-1/kostyum-ohota-kmf.html
Летняя одежда для охоты, рыбалки и туризма;КОСТЮМ ОХОТА КМФ;https://ck-textil.ru/letnyaya-odezhda/kostyumy-1/kostyum-ohota-kmf-1.html
Летняя одежда для охоты, рыбалки и туризма;КОСТЮМ ОХОТА КМФ 1;https://ck-textil.ru/letnyaya-odezhda/kostyumy-1/kostyum-ohota-kmf-1-1.html
Летняя одежда для охоты, рыбалки и туризма;КОСТЮМ ОХОТА КМФ 2;https://ck-textil.ru/letnyaya-odezhda/kostyumy-1/kostyum-ohota-kmf-2.html
Летняя одежда для охоты, рыбалки и туризма;КОСТЮМ ОХОТА КМФ 3;https://ck-textil.ru/letnyaya-odezhda/kostyumy-1/kostyum-ohota-kmf-3.html
Летняя одежда для охоты, рыбалки и туризма;КОСТЮМ ОХОТА КМФ 4;https://ck-textil.ru/letnyaya-odezhda/kostyumy-1/kostyum-ohota-kmf-4.html
Летняя одежда для охоты, рыбалки и туризма;КОСТЮМ ОХОТА КМФ 5;https://ck-textil.ru/letnyaya-odezhda/kostyumy-1/kostyum-ohota-kmf-5.html
Летняя одежда для охоты, рыбалки и туризма;КОСТЮМ «ЭЛЬБРУС» КМФ 1;https://ck-textil.ru/letnyaya-odezhda/kostyumy-1/kostyum-elbrus-kmf-1.html
Летняя одежда для охоты, рыбалки и туризма;КОСТЮМ «ЭЛЬБРУС» КМФ 2;https://ck-textil.ru/letnyaya-odezhda/kostyumy-1/kostyum-elbrus-kmf-2.html
Летняя одежда для охоты, рыбалки и туризма;КОСТЮМ «ЭЛЬБРУС» КМФ 3;https://ck-textil.ru/letnyaya-odezhda/kostyumy-1/kostyum-elbrus-kmf-3.html
Летняя одежда для охоты, рыбалки и туризма;КОСТЮМ «ЭЛЬБРУС» КМФ 4;https://ck-textil.ru/letnyaya-odezhda/kostyumy-1/kostyum-elbrus-kmf-4-1.html
Летняя одежда для охоты, рыбалки и туризма;КОСТЮМ «ЭЛЬБРУС» КМФ 5;https://ck-textil.ru/letnyaya-odezhda/kostyumy-1/kostyum-elbrus-kmf-5.html
Летняя одежда для охоты, рыбалки и туризма;КОСТЮМ «ЭЛЬБРУС» КМФ 6;https://ck-textil.ru/letnyaya-odezhda/kostyumy-1/kostyum-elbrus-kmf-6.html
Летняя одежда для охоты, рыбалки и туризма;КОСТЮМ «ЭЛЬБРУС» КМФ 7;https://ck-textil.ru/letnyaya-odezhda/kostyumy-1/kostyum-elbrus-kmf-7.html
Летняя одежда для охоты, рыбалки и туризма;КОСТЮМ КОМБАТ ;https://ck-textil.ru/letnyaya-odezhda/kostyumy-1/kostyum-kombat.html
Летняя одежда для охоты, рыбалки и туризма;КОСТЮМ КОМБАТ КМФ;https://ck-textil.ru/letnyaya-odezhda/kostyumy-1/kostyum-kombat-kmf.html
Летняя одежда для охоты, рыбалки и туризма;КОСТЮМ ОФИЦЕР КМФ;https://ck-textil.ru/letnyaya-odezhda/kostyumy-1/kostyum-oficer-kmf.html
Летняя одежда для охоты, рыбалки и туризма;КОСТЮМ ГОРКА-4;https://ck-textil.ru/letnyaya-odezhda/kostyumy-1/kostyum-gorka-4.html
Летняя одежда для охоты, рыбалки и туризма;КОСТЮМ «ГОРКА-8» лето;https://ck-textil.ru/letnyaya-odezhda/kostyumy-1/kostyum-gorka-8-leto.html
Летняя одежда для охоты, рыбалки и туризма;КОСТЮМ ГОРКА-3 КМФ 1;https://ck-textil.ru/letnyaya-odezhda/kostyumy-1/kostyum-gorka-3-kmf-1.html
Летняя одежда для охоты, рыбалки и туризма;КОСТЮМ ГОРКА-3 КМФ 2;https://ck-textil.ru/letnyaya-odezhda/kostyumy-1/kostyum-gorka-3-kmf-2.html
Летняя одежда для охоты, рыбалки и туризма;КОСТЮМ КОМБАТ ХАКИ;https://ck-textil.ru/letnyaya-odezhda/kostyumy-1/kostyum-kombat-haki.html
Летняя одежда для охоты, рыбалки и туризма;КОСТЮМ ОФИЦЕР ХАКИ;https://ck-textil.ru/letnyaya-odezhda/kostyumy-1/kostyum-oficer-haki.html
Летняя одежда для охоты, рыбалки и туризма;КОСТЮМ «ГОРКА-3 КМФ 3;https://ck-textil.ru/letnyaya-odezhda/kostyumy-1/kostyum-gorka-3-kmf-3.html
Летняя одежда для охоты, рыбалки и туризма;КОСТЮМ «ОФИЦЕР» КМФ 1;https://ck-textil.ru/letnyaya-odezhda/kostyumy-1/kostyum-oficer-kmf-1.html
Летняя одежда для охоты, рыбалки и туризма;КОСТЮМ «ОФИЦЕР» КМФ 2;https://ck-textil.ru/letnyaya-odezhda/kostyumy-1/kostyum-oficer-kmf-2.html
Летняя одежда для охоты, рыбалки и туризма;КОСТЮМ «ОФИЦЕР» КМФ 3;https://ck-textil.ru/letnyaya-odezhda/kostyumy-1/kostyum-oficer-kmf-3.html
Костюмы летние для охоты, рыбалки и туризма;КОСТЮМ «РАБОЧИЙ»;https://ck-textil.ru/letnyaya-odezhda/kostyumy-1/kostyum-rabochij.html
Костюмы летние для охоты, рыбалки и туризма;КОСТЮМ «СПЕЦНАЗ» КМФ 3;https://ck-textil.ru/letnyaya-odezhda/kostyumy-1/kostyum-specnaz-kmf-3.html
Костюмы летние для охоты, рыбалки и туризма;КОСТЮМ «СПЕЦНАЗ» КМФ 4;https://ck-textil.ru/letnyaya-odezhda/kostyumy-1/kostyum-specnaz-kmf-4.html
Костюмы летние для охоты, рыбалки и туризма;КОСТЮМ «МАСТЕР» КМФ ЗЕЛЕНЫЙ;https://ck-textil.ru/letnyaya-odezhda/kostyumy-1/kostyum-master-kmf-zelenyj.html
Костюмы летние для охоты, рыбалки и туризма;КОСТЮМ «МАСТЕР» КМФ СИНИЙ;https://ck-textil.ru/letnyaya-odezhda/kostyumy-1/kostyum-master-kmf-sinij.html
Костюмы летние для охоты, рыбалки и туризма;КОСТЮМ «МАСТЕР» МУЛЬТИКАМ КМФ ЛЕС;https://ck-textil.ru/letnyaya-odezhda/kostyumy-1/kostyum-master-multikam-kmf-les.html
Костюмы летние для охоты, рыбалки и туризма;КОСТЮМ «МАСТЕР» ЧЁРНЫЙ;https://ck-textil.ru/letnyaya-odezhda/kostyumy-1/kostyum-master-chyornyj.html
Костюмы летние для охоты, рыбалки и туризма;КОСТЮМ «СПЕЦНАЗ» КМФ 1;https://ck-textil.ru/letnyaya-odezhda/kostyumy-1/kostyum-specnaz-kmf-1.html
Костюмы летние для охоты, рыбалки и туризма;КОСТЮМ «СПЕЦНАЗ» КМФ 2;https://ck-textil.ru/letnyaya-odezhda/kostyumy-1/kostyum-specnaz-kmf-2.html
Костюмы летние для охоты, рыбалки и туризма;КОСТЮМ «СПЕЦНАЗ» КМФ ЛЕС;https://ck-textil.ru/letnyaya-odezhda/kostyumy-1/kostyum-specnaz-kmf-les.html
Костюмы летние для охоты, рыбалки и туризма;КОСТЮМ «СПЕЦНАЗ» МУЛЬТИКАМ;https://ck-textil.ru/letnyaya-odezhda/kostyumy-1/kostyum-specnaz-multikam.html
Костюмы летние для охоты, рыбалки и туризма;КОСТЮМ «МАСТЕР» КМФ ЦИФРА;https://ck-textil.ru/letnyaya-odezhda/kostyumy-1/kostyum-master-kmf-cifra.html
Костюмы летние для охоты, рыбалки и туризма;КОСТЮМ «СПЕЦНАЗ» КМФ 5;https://ck-textil.ru/letnyaya-odezhda/kostyumy-1/kostyum-specnaz-kmf-5.html
Костюмы летние для охоты, рыбалки и туризма;КОСТЮМ «СПЕЦНАЗ» КМФ 6;https://ck-textil.ru/letnyaya-odezhda/kostyumy-1/kostyum-specnaz-kmf-6.html
Костюмы летние для охоты, рыбалки и туризма;КОСТЮМ «СПЕЦНАЗ» КМФ 7;https://ck-textil.ru/letnyaya-odezhda/kostyumy-1/kostyum-specnaz-kmf-7.html
Костюмы летние для охоты, рыбалки и туризма;КОСТЮМ «ПРОТИВОЭНЦЕФАЛИТНЫЙ СТОП-МАСКИТ» ОБЛЕГЧЕННЫЙ КМФ 1;https://ck-textil.ru/letnyaya-odezhda/kostyumy-1/kostyum-protivoencefalitnyj-stop-maskit-oblegchennyj-kmf-1.html
Костюмы летние для охоты, рыбалки и туризма;КОСТЮМ «ПРОТИВОЭНЦЕФАЛИТНЫЙ СТОП-МАСКИТ» ОБЛЕГЧЕННЫЙ КМФ 2;https://ck-textil.ru/letnyaya-odezhda/kostyumy-1/kostyum-protivoencefalitnyj-stop-maskit-oblegchennyj-kmf-2.html
Костюмы летние для охоты, рыбалки и туризма;КОСТЮМ «ПРОТИВОЭНЦЕФАЛИТНЫЙ СТОП-МАСКИТ» ОБЛЕГЧЕННЫЙ КМФ 3;https://ck-textil.ru/letnyaya-odezhda/kostyumy-1/kostyum-protivoencefalitnyj-stop-maskit-oblegchennyj-kmf-3.html
Костюмы летние для охоты, рыбалки и туризма;КОСТЮМ «ПРОТИВОЭНЦЕФАЛИТНЫЙ СТОП-МАСКИТ» ХАКИ;https://ck-textil.ru/letnyaya-odezhda/kostyumy-1/kostyum-protivoencefalitnyj-stop-maskit-haki.html
Костюмы летние для охоты, рыбалки и туризма;КОСТЮМ «ПРОТИВОЭНЦЕФАЛИТНЫЙ СТОП-МАСКИТ» КМФ;https://ck-textil.ru/letnyaya-odezhda/kostyumy-1/kostyum-protivoencefalitnyj-stop-maskit-kmf.html
Костюмы летние для охоты, рыбалки и туризма;КОСТЮМ «ПРОТИВОЭНЦЕФАЛИТНЫЙ СТОП-МАСКИТ» КМФ 1;https://ck-textil.ru/letnyaya-odezhda/kostyumy-1/kostyum-protivoencefalitnyj-stop-maskit-kmf-1.html
Костюмы летние для охоты, рыбалки и туризма;КОСТЮМ «ПРОТИВОЭНЦЕФАЛИТНЫЙ СТОП-МАСКИТ» КМФ 2;https://ck-textil.ru/letnyaya-odezhda/kostyumy-1/kostyum-protivoencefalitnyj-stop-maskit-kmf-2.html
Костюмы летние для охоты, рыбалки и туризма;КОСТЮМ «ПРОТИВОЭНЦЕФАЛИТНЫЙ СТОП-МАСКИТ» КМФ ЛЕС;https://ck-textil.ru/letnyaya-odezhda/kostyumy-1/kostyum-protivoencefalitnyj-stop-maskit-kmf-les.html
Костюмы летние для охоты, рыбалки и туризма;КОСТЮМ «ПРОТИВОЭНЦЕФАЛИТНЫЙ СТОП-МАСКИТ» ХАКИ-ЛЕС;https://ck-textil.ru/letnyaya-odezhda/kostyumy-1/kostyum-protivoencefalitnyj-stop-maskit-haki-les.html
Костюмы летние для охоты, рыбалки и туризма;КОСТЮМ «ПРОТИВОЭНЦЕФАЛИТНЫЙ СТОП-МАСКИТ» ХАКИ-ЛЕС 2;https://ck-textil.ru/letnyaya-odezhda/kostyumy-1/kostyum-protivoencefalitnyj-stop-maskit-haki-les-2.html
Костюмы летние для охоты, рыбалки и туризма;КОСТЮМ «ОХОТА»;https://ck-textil.ru/letnyaya-odezhda/kostyumy-1/kostyum-ohota.html
Костюмы летние для охоты, рыбалки и туризма;КОСТЮМ «ТУРИСТ» ХАКИ;https://ck-textil.ru/letnyaya-odezhda/kostyumy-1/kostyum-turist-haki.html
Костюмы летние для охоты, рыбалки и туризма;КОСТЮМ «ЭЛЬБРУС»;https://ck-textil.ru/letnyaya-odezhda/kostyumy-1/kostyum-elbrus.html
Костюмы летние для охоты, рыбалки и туризма;КОСТЮМ «ЕГЕРЬ»;https://ck-textil.ru/letnyaya-odezhda/kostyumy-1/kostyum-eger.html
Костюмы летние для охоты, рыбалки и туризма;КОСТЮМ «ОХОТА» КМФ;https://ck-textil.ru/letnyaya-odezhda/kostyumy-1/kostyum-ohota-kmf.html
Костюмы летние для охоты, рыбалки и туризма;КОСТЮМ ОХОТА КМФ;https://ck-textil.ru/letnyaya-odezhda/kostyumy-1/kostyum-ohota-kmf-1.html
Костюмы летние для охоты, рыбалки и туризма;КОСТЮМ ОХОТА КМФ 1;https://ck-textil.ru/letnyaya-odezhda/kostyumy-1/kostyum-ohota-kmf-1-1.html
Костюмы летние для охоты, рыбалки и туризма;КОСТЮМ ОХОТА КМФ 2;https://ck-textil.ru/letnyaya-odezhda/kostyumy-1/kostyum-ohota-kmf-2.html
Костюмы летние для охоты, рыбалки и туризма;КОСТЮМ ОХОТА КМФ 3;https://ck-textil.ru/letnyaya-odezhda/kostyumy-1/kostyum-ohota-kmf-3.html
Костюмы летние для охоты, рыбалки и туризма;КОСТЮМ ОХОТА КМФ 4;https://ck-textil.ru/letnyaya-odezhda/kostyumy-1/kostyum-ohota-kmf-4.html
Костюмы летние для охоты, рыбалки и туризма;КОСТЮМ ОХОТА КМФ 5;https://ck-textil.ru/letnyaya-odezhda/kostyumy-1/kostyum-ohota-kmf-5.html
Костюмы летние для охоты, рыбалки и туризма;КОСТЮМ «ЭЛЬБРУС» КМФ 1;https://ck-textil.ru/letnyaya-odezhda/kostyumy-1/kostyum-elbrus-kmf-1.html
Костюмы летние для охоты, рыбалки и туризма;КОСТЮМ «ЭЛЬБРУС» КМФ 2;https://ck-textil.ru/letnyaya-odezhda/kostyumy-1/kostyum-elbrus-kmf-2.html
Костюмы летние для охоты, рыбалки и туризма;КОСТЮМ «ЭЛЬБРУС» КМФ 3;https://ck-textil.ru/letnyaya-odezhda/kostyumy-1/kostyum-elbrus-kmf-3.html
Костюмы летние для охоты, рыбалки и туризма;КОСТЮМ «ЭЛЬБРУС» КМФ 4;https://ck-textil.ru/letnyaya-odezhda/kostyumy-1/kostyum-elbrus-kmf-4-1.html
Костюмы летние для охоты, рыбалки и туризма;КОСТЮМ «ЭЛЬБРУС» КМФ 5;https://ck-textil.ru/letnyaya-odezhda/kostyumy-1/kostyum-elbrus-kmf-5.html
Костюмы летние для охоты, рыбалки и туризма;КОСТЮМ «ЭЛЬБРУС» КМФ 6;https://ck-textil.ru/letnyaya-odezhda/kostyumy-1/kostyum-elbrus-kmf-6.html
Костюмы летние для охоты, рыбалки и туризма;КОСТЮМ «ЭЛЬБРУС» КМФ 7;https://ck-textil.ru/letnyaya-odezhda/kostyumy-1/kostyum-elbrus-kmf-7.html
Костюмы летние для охоты, рыбалки и туризма;КОСТЮМ КОМБАТ ;https://ck-textil.ru/letnyaya-odezhda/kostyumy-1/kostyum-kombat.html
Костюмы летние для охоты, рыбалки и туризма;КОСТЮМ КОМБАТ КМФ;https://ck-textil.ru/letnyaya-odezhda/kostyumy-1/kostyum-kombat-kmf.html
Костюмы летние для охоты, рыбалки и туризма;КОСТЮМ ОФИЦЕР КМФ;https://ck-textil.ru/letnyaya-odezhda/kostyumy-1/kostyum-oficer-kmf.html
Костюмы летние для охоты, рыбалки и туризма;КОСТЮМ ГОРКА-4;https://ck-textil.ru/letnyaya-odezhda/kostyumy-1/kostyum-gorka-4.html
Костюмы летние для охоты, рыбалки и туризма;КОСТЮМ «ГОРКА-8» лето;https://ck-textil.ru/letnyaya-odezhda/kostyumy-1/kostyum-gorka-8-leto.html
Костюмы летние для охоты, рыбалки и туризма;КОСТЮМ ГОРКА-3 КМФ 1;https://ck-textil.ru/letnyaya-odezhda/kostyumy-1/kostyum-gorka-3-kmf-1.html
Костюмы летние для охоты, рыбалки и туризма;КОСТЮМ ГОРКА-3 КМФ 2;https://ck-textil.ru/letnyaya-odezhda/kostyumy-1/kostyum-gorka-3-kmf-2.html
Костюмы летние для охоты, рыбалки и туризма;КОСТЮМ КОМБАТ ХАКИ;https://ck-textil.ru/letnyaya-odezhda/kostyumy-1/kostyum-kombat-haki.html
Костюмы летние для охоты, рыбалки и туризма;КОСТЮМ ОФИЦЕР ХАКИ;https://ck-textil.ru/letnyaya-odezhda/kostyumy-1/kostyum-oficer-haki.html
Костюмы летние для охоты, рыбалки и туризма;КОСТЮМ «ГОРКА-3 КМФ 3;https://ck-textil.ru/letnyaya-odezhda/kostyumy-1/kostyum-gorka-3-kmf-3.html
Костюмы летние для охоты, рыбалки и туризма;КОСТЮМ «ОФИЦЕР» КМФ 1;https://ck-textil.ru/letnyaya-odezhda/kostyumy-1/kostyum-oficer-kmf-1.html
Костюмы летние для охоты, рыбалки и туризма;КОСТЮМ «ОФИЦЕР» КМФ 2;https://ck-textil.ru/letnyaya-odezhda/kostyumy-1/kostyum-oficer-kmf-2.html
Костюмы летние для охоты, рыбалки и туризма;КОСТЮМ «ОФИЦЕР» КМФ 3;https://ck-textil.ru/letnyaya-odezhda/kostyumy-1/kostyum-oficer-kmf-3.html
Брюки летние для охоты, рыбалки и туризма;БРЮКИ «РАБОЧИЕ»;https://ck-textil.ru/letnyaya-odezhda/bryuki/bryuki-rabochie.html
Брюки летние для охоты, рыбалки и туризма;БРЮКИ «ЛЕТО» КМФ 1;https://ck-textil.ru/letnyaya-odezhda/bryuki/bryuki-leto-kmf-1.html
Брюки летние для охоты, рыбалки и туризма;БРЮКИ «ЛЕТО» КМФ 2;https://ck-textil.ru/letnyaya-odezhda/bryuki/bryuki-leto-kmf-2.html
Брюки летние для охоты, рыбалки и туризма;БРЮКИ «ЛЕТО» КМФ 3;https://ck-textil.ru/letnyaya-odezhda/bryuki/bryuki-leto-kmf-3.html
Брюки летние для охоты, рыбалки и туризма;БРЮКИ «ОМОН» КМФ ЗЕЛЁНЫЙ;https://ck-textil.ru/letnyaya-odezhda/bryuki/bryuki-omon-kmf-zelyonyj.html
Брюки летние для охоты, рыбалки и туризма;БРЮКИ «ОМОН» КМФ СИНИЙ;https://ck-textil.ru/letnyaya-odezhda/bryuki/bryuki-omon-kmf-sinij.html
Брюки летние для охоты, рыбалки и туризма;БРЮКИ «ОМОН» ЧЁРНЫЙ;https://ck-textil.ru/letnyaya-odezhda/bryuki/bryuki-omon-chyornyj.html
Брюки летние для охоты, рыбалки и туризма;БРЮКИ «ЛЕТО» КМФ 1 ТВИЛ;https://ck-textil.ru/letnyaya-odezhda/bryuki/bryuki-leto-kmf-1-tvil.html
Брюки летние для охоты, рыбалки и туризма;БРЮКИ «ЛЕТО» КМФ 2 ТВИЛ;https://ck-textil.ru/letnyaya-odezhda/bryuki/bryuki-leto-kmf-2-tvil.html
Брюки летние для охоты, рыбалки и туризма;БРЮКИ «ЛЕТО» КМФ 3 ТВИЛ;https://ck-textil.ru/letnyaya-odezhda/bryuki/bryuki-leto-kmf-3-tvil.html
Брюки летние для охоты, рыбалки и туризма;БРЮКИ «ЛЕТО» КМФ 4 ТВИЛ;https://ck-textil.ru/letnyaya-odezhda/bryuki/bryuki-leto-kmf-4-tvil.html
Брюки летние для охоты, рыбалки и туризма;БРЮКИ «ЛЕТО» КМФ ТВИЛ;https://ck-textil.ru/letnyaya-odezhda/bryuki/bryuki-leto-kmf-tvil.html
Брюки летние для охоты, рыбалки и туризма;БРЮКИ «ОМОН» ПАЛАТКА;https://ck-textil.ru/letnyaya-odezhda/bryuki/bryuki-omon-palatka.html
Брюки летние для охоты, рыбалки и туризма;БРЮКИ «ОМОН» КМФ;https://ck-textil.ru/letnyaya-odezhda/bryuki/bryuki-omon-kmf.html
Брюки летние для охоты, рыбалки и туризма;БРЮКИ «ОМОН» КМФ ЛЕС 1;https://ck-textil.ru/letnyaya-odezhda/bryuki/bryuki-omon-kmf-les-1.html
Брюки летние для охоты, рыбалки и туризма;БРЮКИ «ОМОН» КМФ ЛЕС 2;https://ck-textil.ru/letnyaya-odezhda/bryuki/bryuki-omon-kmf-les-2.html
Брюки летние для охоты, рыбалки и туризма;БРЮКИ «ОМОН» КМФ ЛЕС 3;https://ck-textil.ru/letnyaya-odezhda/bryuki/bryuki-omon-kmf-les-3.html
Брюки летние для охоты, рыбалки и туризма;БРЮКИ «ГОРКА-3» ХАКИ;https://ck-textil.ru/letnyaya-odezhda/bryuki/bryuki-gorka-3-haki.html
Брюки летние для охоты, рыбалки и туризма;БРЮКИ «КОМБАТ» КМФ 1;https://ck-textil.ru/letnyaya-odezhda/bryuki/bryuki-kombat-kmf-1.html
Брюки летние для охоты, рыбалки и туризма;БРЮКИ «КОМБАТ» КМФ 2;https://ck-textil.ru/letnyaya-odezhda/bryuki/bryuki-kombat-kmf-2.html
Брюки летние для охоты, рыбалки и туризма;БРЮКИ «КОМБАТ» КМФ 3;https://ck-textil.ru/letnyaya-odezhda/bryuki/bryuki-kombat-kmf-3.html
Брюки летние для охоты, рыбалки и туризма;БРЮКИ «КОМБАТ» КМФ ТВИЛ;https://ck-textil.ru/letnyaya-odezhda/bryuki/bryuki-kombat-kmf-tvil.html
Брюки летние для охоты, рыбалки и туризма;БРЮКИ «КОМБАТ» ХАКИ;https://ck-textil.ru/letnyaya-odezhda/bryuki/bryuki-kombat-haki.html
Брюки летние для охоты, рыбалки и туризма;БРЮКИ «ГОРКА-3 КМФ;https://ck-textil.ru/letnyaya-odezhda/bryuki/bryuki-gorka-3-kmf.html
Жилеты летние для охоты, рыбалки и туризма;ЖИЛЕТ «СВЕТООТРАЖАЮЩИЙ» ОРАНЖЕВЫЙ;https://ck-textil.ru/letnyaya-odezhda/zhilety-1/zhilet-svetootrazhayushij-oranzhevyj.html
Жилеты летние для охоты, рыбалки и туризма;ЖИЛЕТ «СВЕТООТРАЖАЮЩИЙ» САЛАТОВЫЙ;https://ck-textil.ru/letnyaya-odezhda/zhilety-1/zhilet-svetootrazhayushij-salatovyj.html
Жилеты летние для охоты, рыбалки и туризма;ЖИЛЕТ «СПАСАТЕЛЬНЫЙ» КМФ;https://ck-textil.ru/letnyaya-odezhda/zhilety-1/zhilet-spasatelnyj-kmf.html
Жилеты летние для охоты, рыбалки и туризма;ЖИЛЕТ «СПАСАТЕЛЬНЫЙ» ОРАНЖЕВЫЙ;https://ck-textil.ru/letnyaya-odezhda/zhilety-1/zhilet-spasatelnyj-oranzhevyj.html
Жилеты летние для охоты, рыбалки и туризма;ЖИЛЕТ «ОХОТА» КМФ ЛЕС;https://ck-textil.ru/letnyaya-odezhda/zhilety-1/zhilet-ohota-kmf-les.html
Жилеты летние для охоты, рыбалки и туризма;ЖИЛЕТ «ОХОТА» КМФ ЛЕС С СЕТКОЙ;https://ck-textil.ru/letnyaya-odezhda/zhilety-1/zhilet-ohota-kmf-les-s-setkoj.html
Жилеты летние для охоты, рыбалки и туризма;ЖИЛЕТ «ОХОТА» ПАЛАТКА;https://ck-textil.ru/letnyaya-odezhda/zhilety-1/zhilet-ohota-palatka.html
Футболки мужские;ФУТБОЛКА КМФ БЕРЕЗКА;https://ck-textil.ru/letnyaya-odezhda/futbolki/futbolka-kmf-berezka.html
Футболки мужские;ФУТБОЛКА КМФ ЗЕЛЕНЫЙ;https://ck-textil.ru/letnyaya-odezhda/futbolki/futbolka-kmf-zelenyj.html
Футболки мужские;ФУТБОЛКА КМФ ЦИФРА;https://ck-textil.ru/letnyaya-odezhda/futbolki/futbolka-kmf-cifra.html
Демисезонная одежда для охотников, рыболовов и туристов;КУРТКА-ВЕТРОВКА «ОСЕНЬ 1»;https://ck-textil.ru/demisezonnaya-odezhda/kurtki-1/kurtka-vetrovka-osen-1.html
Демисезонная одежда для охотников, рыболовов и туристов;КУРТКА-ВЕТРОВКА «ОСЕНЬ 2»;https://ck-textil.ru/demisezonnaya-odezhda/kurtki-1/kurtka-vetrovka-osen-2.html
Демисезонная одежда для охотников, рыболовов и туристов;КУРТКА-ВЕТРОВКА «ОСЕНЬ 3»;https://ck-textil.ru/demisezonnaya-odezhda/kurtki-1/kurtka-vetrovka-osen-3.html
Демисезонная одежда для охотников, рыболовов и туристов;КУРТКА-ВЕТРОВКА «ОСЕНЬ 8»;https://ck-textil.ru/demisezonnaya-odezhda/kurtki-1/kurtka-vetrovka-osen-8.html
Демисезонная одежда для охотников, рыболовов и туристов;КУРТКА-ВЕТРОВКА «ОСЕНЬ 9»;https://ck-textil.ru/demisezonnaya-odezhda/kurtki-1/kurtka-vetrovka-osen-9.html
Демисезонная одежда для охотников, рыболовов и туристов;КУРТКА-ВЕТРОВКА «ОСЕНЬ 4»;https://ck-textil.ru/demisezonnaya-odezhda/kurtki-1/kurtka-vetrovka-osen-4.html
Демисезонная одежда для охотников, рыболовов и туристов;КУРТКА-ВЕТРОВКА «ОСЕНЬ 5»;https://ck-textil.ru/demisezonnaya-odezhda/kurtki-1/kurtka-vetrovka-osen-5.html
Демисезонная одежда для охотников, рыболовов и туристов;КУРТКА-ВЕТРОВКА «ОСЕНЬ 6»;https://ck-textil.ru/demisezonnaya-odezhda/kurtki-1/kurtka-vetrovka-osen-6.html
Демисезонная одежда для охотников, рыболовов и туристов;КУРТКА-ВЕТРОВКА «ОСЕНЬ 7»;https://ck-textil.ru/demisezonnaya-odezhda/kurtki-1/kurtka-vetrovka-osen-7.html
Демисезонная одежда для охотников, рыболовов и туристов;КОСТЮМ КОМБАТ КМФ ЛЕС;https://ck-textil.ru/demisezonnaya-odezhda/kostyumy-2/kostyum-kombat-kmf-les.html
Демисезонная одежда для охотников, рыболовов и туристов;КОСТЮМ СТРИЖ-2 КМФ ЛЕС;https://ck-textil.ru/demisezonnaya-odezhda/kostyumy-2/kostyum-strizh-2-kmf-les.html
Демисезонная одежда для охотников, рыболовов и туристов;КОСТЮМ ТАЙГА ХАКИ;https://ck-textil.ru/demisezonnaya-odezhda/kostyumy-2/kostyum-tajga-haki.html
Демисезонная одежда для охотников, рыболовов и туристов;КОСТЮМ ЭЛЬБРУС КМФ ЛЕС;https://ck-textil.ru/demisezonnaya-odezhda/kostyumy-2/kostyum-elbrus-kmf-les.html
Демисезонная одежда для охотников, рыболовов и туристов;КУРТКА-ВЕТРОВКА «ОСЕНЬ» ТАСЛАН;https://ck-textil.ru/demisezonnaya-odezhda/kurtki-1/kurtka-vetrovka-osen-taslan.html
Демисезонная одежда для охотников, рыболовов и туристов;КОСТЮМ СТРИЖ АЛОВА;https://ck-textil.ru/demisezonnaya-odezhda/kostyumy-2/kostyum-strizh-alova.html
Демисезонная одежда для охотников, рыболовов и туристов;КОСТЮМ СТРИЖ ТАСЛАН ХАКИ;https://ck-textil.ru/demisezonnaya-odezhda/kostyumy-2/kostyum-strizh-taslan-haki.html
Демисезонная одежда для охотников, рыболовов и туристов;КОСТЮМ ТУРИСТ АЛОВА;https://ck-textil.ru/demisezonnaya-odezhda/kostyumy-2/kostyum-turist-alova.html
Демисезонная одежда для охотников, рыболовов и туристов;КУРТКА «БЕРКУТ» КМФ 1;https://ck-textil.ru/demisezonnaya-odezhda/kurtki-1/kurtka-berkut-kmf-1.html
Демисезонная одежда для охотников, рыболовов и туристов;КУРТКА «БЕРКУТ» КМФ 2;https://ck-textil.ru/demisezonnaya-odezhda/kurtki-1/kurtka-berkut-kmf-2.html
Демисезонная одежда для охотников, рыболовов и туристов;КУРТКА «БЕРКУТ» КМФ 3;https://ck-textil.ru/demisezonnaya-odezhda/kurtki-1/kurtka-berkut-kmf-3.html
Демисезонная одежда для охотников, рыболовов и туристов;КОСТЮМ ФЛИСОВЫЙ СЕРЫЙ;https://ck-textil.ru/demisezonnaya-odezhda/kostyumy-2/kostyum-flisovyj-seryj.html
Демисезонная одежда для охотников, рыболовов и туристов;КОСТЮМ ФЛИСОВЫЙ ТЁМНО-ЗЕЛЁНЫЙ;https://ck-textil.ru/demisezonnaya-odezhda/kostyumy-2/kostyum-flisovyj-tyomno-zelyonyj.html
Демисезонная одежда для охотников, рыболовов и туристов;КОСТЮМ ФЛИСОВЫЙ ЧЕРНЫЙ;https://ck-textil.ru/demisezonnaya-odezhda/kostyumy-2/kostyum-flisovyj-chernyj.html
Демисезонная одежда для охотников, рыболовов и туристов;КУРТКА ВЕСНА СИНИЙ;https://ck-textil.ru/demisezonnaya-odezhda/kurtki-1/kurtka-vesna-sinij.html
Демисезонная одежда для охотников, рыболовов и туристов;КУРТКА ВЕСНА ХАКИ;https://ck-textil.ru/demisezonnaya-odezhda/kurtki-1/kurtka-vesna-haki.html
Демисезонная одежда для охотников, рыболовов и туристов;КУРТКА «ОНЕГА»;https://ck-textil.ru/demisezonnaya-odezhda/kurtki-1/kurtka-onega.html
Демисезонная одежда для охотников, рыболовов и туристов;КОСТЮМ БАРС КМФ 1;https://ck-textil.ru/demisezonnaya-odezhda/kostyumy-2/kostyum-bars-kmf-1.html
Демисезонная одежда для охотников, рыболовов и туристов;КОСТЮМ БАРС КМФ 2;https://ck-textil.ru/demisezonnaya-odezhda/kostyumy-2/kostyum-bars-kmf-2.html
Демисезонная одежда для охотников, рыболовов и туристов;КОСТЮМ БАРС КМФ 3;https://ck-textil.ru/demisezonnaya-odezhda/kostyumy-2/kostyum-bars-kmf-3.html
Демисезонная одежда для охотников, рыболовов и туристов;КОСТЮМ ЕГЕРЬ-2 КМФ 1;https://ck-textil.ru/demisezonnaya-odezhda/kostyumy-2/kostyum-eger-2-kmf-1.html
Демисезонная одежда для охотников, рыболовов и туристов;КОСТЮМ ЕГЕРЬ-2 КМФ 3;https://ck-textil.ru/demisezonnaya-odezhda/kostyumy-2/kostyum-eger-2-kmf-3.html
Демисезонная одежда для охотников, рыболовов и туристов;КОСТЮМ ЕГЕРЬ-2 КМФ 4;https://ck-textil.ru/demisezonnaya-odezhda/kostyumy-2/kostyum-eger-2-kmf-4.html
Демисезонная одежда для охотников, рыболовов и туристов;КУРТКА «СНАЙПЕР 1»;https://ck-textil.ru/demisezonnaya-odezhda/kurtki-1/kurtka-snajper-1.html
Демисезонная одежда для охотников, рыболовов и туристов;КУРТКА «СНАЙПЕР»;https://ck-textil.ru/demisezonnaya-odezhda/kurtki-1/kurtka-snajper.html
Демисезонная одежда для охотников, рыболовов и туристов;КОСТЮМ ОНЕГА ПАЛАТКА;https://ck-textil.ru/demisezonnaya-odezhda/kostyumy-2/kostyum-onega-palatka.html
Демисезонная одежда для охотников, рыболовов и туристов;КОСТЮМ ОХОТА-2 ФЛИС;https://ck-textil.ru/demisezonnaya-odezhda/kostyumy-2/kostyum-ohota-2-flis.html
Демисезонная одежда для охотников, рыболовов и туристов;КОСТЮМ ОХОТА-3 ФЛИС;https://ck-textil.ru/demisezonnaya-odezhda/kostyumy-2/kostyum-ohota-3-flis.html
Демисезонная одежда для охотников, рыболовов и туристов;КОСТЮМ ВЕСНА АЛОВА;https://ck-textil.ru/demisezonnaya-odezhda/kostyumy-2/kostyum-vesna-alova.html
Демисезонная одежда для охотников, рыболовов и туристов;КОСТЮМ ВЕСНА-ОСЕНЬ СИНИЙ;https://ck-textil.ru/demisezonnaya-odezhda/kostyumy-2/kostyum-vesna-osen-sinij.html
Демисезонная одежда для охотников, рыболовов и туристов;КОСТЮМ ВЕСНА-ОСЕНЬ ХАКИ;https://ck-textil.ru/demisezonnaya-odezhda/kostyumy-2/kostyum-vesna-osen-haki.html
Демисезонная одежда для охотников, рыболовов и туристов;КОСТЮМ ГОРКА-8 ФЛИС КМФ 1;https://ck-textil.ru/demisezonnaya-odezhda/kostyumy-2/kostyum-gorka-8-flis-kmf-1.html
Демисезонная одежда для охотников, рыболовов и туристов;КОСТЮМ ГОРКА-8 ФЛИС КМФ 2;https://ck-textil.ru/demisezonnaya-odezhda/kostyumy-2/kostyum-gorka-8-flis-kmf-2.html
Демисезонная одежда для охотников, рыболовов и туристов;КОСТЮМ ГОРКА-8 ФЛИС КМФ 3;https://ck-textil.ru/demisezonnaya-odezhda/kostyumy-2/kostyum-gorka-8-flis-kmf-3.html
Демисезонная одежда для охотников, рыболовов и туристов;КОСТЮМ ГОРКА-8 ФЛИС КМФ 4;https://ck-textil.ru/demisezonnaya-odezhda/kostyumy-2/kostyum-gorka-8-flis-kmf-4.html
Демисезонная одежда для охотников, рыболовов и туристов;КОСТЮМ ГОРКА-8 ФЛИС ПАЛАТКА;https://ck-textil.ru/demisezonnaya-odezhda/kostyumy-2/kostyum-gorka-8-flis-palatka.html
Демисезонная одежда для охотников, рыболовов и туристов;КОСТЮМ ГОРКА-8 ФЛИС ХАКИ ТЕМНЫЙ;https://ck-textil.ru/demisezonnaya-odezhda/kostyumy-2/kostyum-gorka-8-flis-haki-temnyj.html
Демисезонная одежда для охотников, рыболовов и туристов;КОСТЮМ «ГОРКА-2» КМФ 1;https://ck-textil.ru/demisezonnaya-odezhda/kostyumy-2/kostyum-gorka-2-kmf-1.html
Демисезонная одежда для охотников, рыболовов и туристов;КОСТЮМ «ГОРКА-2» КМФ 2;https://ck-textil.ru/demisezonnaya-odezhda/kostyumy-2/kostyum-gorka-2-kmf-2.html
Демисезонная одежда для охотников, рыболовов и туристов;КОСТЮМ ОНЕГА ТАСЛАН;https://ck-textil.ru/demisezonnaya-odezhda/kostyumy-2/kostyum-onega-taslan.html
Демисезонная одежда для охотников, рыболовов и туристов;КОСТЮМ «ГОРКА-2» ТАСЛАН ТЁМНО-СИНИЙ;https://ck-textil.ru/demisezonnaya-odezhda/kostyumy-2/kostyum-gorka-2-taslan-tyomno-sinij.html
Демисезонная одежда для охотников, рыболовов и туристов;КОСТЮМ «ГОРКА-2» ТАСЛАН ХАКИ;https://ck-textil.ru/demisezonnaya-odezhda/kostyumy-2/kostyum-gorka-2-taslan-haki.html
Демисезонная одежда для охотников, рыболовов и туристов;КОСТЮМ «ТУРИСТ» ЧЕРНЫЙ С КРАСНЫМИ И СЕРЫМИ ОРНАМЕНТАМИ;https://ck-textil.ru/demisezonnaya-odezhda/kostyumy-2/kostyum-turist-chernyj-s-krasnymi-i-serymi-ornamentami.html
Демисезонная одежда для охотников, рыболовов и туристов;КОСТЮМ ОНЕГА ;https://ck-textil.ru/demisezonnaya-odezhda/kostyumy-2/kostyum-onega.html
Костюмы демисезонные для охотников, рыболовов и туристов;КОСТЮМ КОМБАТ КМФ ЛЕС;https://ck-textil.ru/demisezonnaya-odezhda/kostyumy-2/kostyum-kombat-kmf-les.html
Костюмы демисезонные для охотников, рыболовов и туристов;КОСТЮМ СТРИЖ-2 КМФ ЛЕС;https://ck-textil.ru/demisezonnaya-odezhda/kostyumy-2/kostyum-strizh-2-kmf-les.html
Костюмы демисезонные для охотников, рыболовов и туристов;КОСТЮМ ТАЙГА ХАКИ;https://ck-textil.ru/demisezonnaya-odezhda/kostyumy-2/kostyum-tajga-haki.html
Костюмы демисезонные для охотников, рыболовов и туристов;КОСТЮМ ЭЛЬБРУС КМФ ЛЕС;https://ck-textil.ru/demisezonnaya-odezhda/kostyumy-2/kostyum-elbrus-kmf-les.html
Костюмы демисезонные для охотников, рыболовов и туристов;КОСТЮМ СТРИЖ АЛОВА;https://ck-textil.ru/demisezonnaya-odezhda/kostyumy-2/kostyum-strizh-alova.html
Костюмы демисезонные для охотников, рыболовов и туристов;КОСТЮМ СТРИЖ ТАСЛАН ХАКИ;https://ck-textil.ru/demisezonnaya-odezhda/kostyumy-2/kostyum-strizh-taslan-haki.html
Костюмы демисезонные для охотников, рыболовов и туристов;КОСТЮМ ТУРИСТ АЛОВА;https://ck-textil.ru/demisezonnaya-odezhda/kostyumy-2/kostyum-turist-alova.html
Костюмы демисезонные для охотников, рыболовов и туристов;КОСТЮМ ФЛИСОВЫЙ СЕРЫЙ;https://ck-textil.ru/demisezonnaya-odezhda/kostyumy-2/kostyum-flisovyj-seryj.html
Костюмы демисезонные для охотников, рыболовов и туристов;КОСТЮМ ФЛИСОВЫЙ ТЁМНО-ЗЕЛЁНЫЙ;https://ck-textil.ru/demisezonnaya-odezhda/kostyumy-2/kostyum-flisovyj-tyomno-zelyonyj.html
Костюмы демисезонные для охотников, рыболовов и туристов;КОСТЮМ ФЛИСОВЫЙ ЧЕРНЫЙ;https://ck-textil.ru/demisezonnaya-odezhda/kostyumy-2/kostyum-flisovyj-chernyj.html
Костюмы демисезонные для охотников, рыболовов и туристов;КОСТЮМ БАРС КМФ 1;https://ck-textil.ru/demisezonnaya-odezhda/kostyumy-2/kostyum-bars-kmf-1.html
Костюмы демисезонные для охотников, рыболовов и туристов;КОСТЮМ БАРС КМФ 2;https://ck-textil.ru/demisezonnaya-odezhda/kostyumy-2/kostyum-bars-kmf-2.html
Костюмы демисезонные для охотников, рыболовов и туристов;КОСТЮМ БАРС КМФ 3;https://ck-textil.ru/demisezonnaya-odezhda/kostyumy-2/kostyum-bars-kmf-3.html
Костюмы демисезонные для охотников, рыболовов и туристов;КОСТЮМ ЕГЕРЬ-2 КМФ 1;https://ck-textil.ru/demisezonnaya-odezhda/kostyumy-2/kostyum-eger-2-kmf-1.html
Костюмы демисезонные для охотников, рыболовов и туристов;КОСТЮМ ЕГЕРЬ-2 КМФ 3;https://ck-textil.ru/demisezonnaya-odezhda/kostyumy-2/kostyum-eger-2-kmf-3.html
Костюмы демисезонные для охотников, рыболовов и туристов;КОСТЮМ ЕГЕРЬ-2 КМФ 4;https://ck-textil.ru/demisezonnaya-odezhda/kostyumy-2/kostyum-eger-2-kmf-4.html
Костюмы демисезонные для охотников, рыболовов и туристов;КОСТЮМ ОНЕГА ПАЛАТКА;https://ck-textil.ru/demisezonnaya-odezhda/kostyumy-2/kostyum-onega-palatka.html
Костюмы демисезонные для охотников, рыболовов и туристов;КОСТЮМ ОХОТА-2 ФЛИС;https://ck-textil.ru/demisezonnaya-odezhda/kostyumy-2/kostyum-ohota-2-flis.html
Костюмы демисезонные для охотников, рыболовов и туристов;КОСТЮМ ОХОТА-3 ФЛИС;https://ck-textil.ru/demisezonnaya-odezhda/kostyumy-2/kostyum-ohota-3-flis.html
Костюмы демисезонные для охотников, рыболовов и туристов;КОСТЮМ ВЕСНА АЛОВА;https://ck-textil.ru/demisezonnaya-odezhda/kostyumy-2/kostyum-vesna-alova.html
Костюмы демисезонные для охотников, рыболовов и туристов;КОСТЮМ ВЕСНА-ОСЕНЬ СИНИЙ;https://ck-textil.ru/demisezonnaya-odezhda/kostyumy-2/kostyum-vesna-osen-sinij.html
Костюмы демисезонные для охотников, рыболовов и туристов;КОСТЮМ ВЕСНА-ОСЕНЬ ХАКИ;https://ck-textil.ru/demisezonnaya-odezhda/kostyumy-2/kostyum-vesna-osen-haki.html
Костюмы демисезонные для охотников, рыболовов и туристов;КОСТЮМ ГОРКА-8 ФЛИС КМФ 1;https://ck-textil.ru/demisezonnaya-odezhda/kostyumy-2/kostyum-gorka-8-flis-kmf-1.html
Костюмы демисезонные для охотников, рыболовов и туристов;КОСТЮМ ГОРКА-8 ФЛИС КМФ 2;https://ck-textil.ru/demisezonnaya-odezhda/kostyumy-2/kostyum-gorka-8-flis-kmf-2.html
Костюмы демисезонные для охотников, рыболовов и туристов;КОСТЮМ ГОРКА-8 ФЛИС КМФ 3;https://ck-textil.ru/demisezonnaya-odezhda/kostyumy-2/kostyum-gorka-8-flis-kmf-3.html
Костюмы демисезонные для охотников, рыболовов и туристов;КОСТЮМ ГОРКА-8 ФЛИС КМФ 4;https://ck-textil.ru/demisezonnaya-odezhda/kostyumy-2/kostyum-gorka-8-flis-kmf-4.html
Костюмы демисезонные для охотников, рыболовов и туристов;КОСТЮМ ГОРКА-8 ФЛИС ПАЛАТКА;https://ck-textil.ru/demisezonnaya-odezhda/kostyumy-2/kostyum-gorka-8-flis-palatka.html
Костюмы демисезонные для охотников, рыболовов и туристов;КОСТЮМ ГОРКА-8 ФЛИС ХАКИ ТЕМНЫЙ;https://ck-textil.ru/demisezonnaya-odezhda/kostyumy-2/kostyum-gorka-8-flis-haki-temnyj.html
Костюмы демисезонные для охотников, рыболовов и туристов;КОСТЮМ «ГОРКА-2» КМФ 1;https://ck-textil.ru/demisezonnaya-odezhda/kostyumy-2/kostyum-gorka-2-kmf-1.html
Костюмы демисезонные для охотников, рыболовов и туристов;КОСТЮМ «ГОРКА-2» КМФ 2;https://ck-textil.ru/demisezonnaya-odezhda/kostyumy-2/kostyum-gorka-2-kmf-2.html
Костюмы демисезонные для охотников, рыболовов и туристов;КОСТЮМ ОНЕГА ТАСЛАН;https://ck-textil.ru/demisezonnaya-odezhda/kostyumy-2/kostyum-onega-taslan.html
Костюмы демисезонные для охотников, рыболовов и туристов;КОСТЮМ «ГОРКА-2» ТАСЛАН ТЁМНО-СИНИЙ;https://ck-textil.ru/demisezonnaya-odezhda/kostyumy-2/kostyum-gorka-2-taslan-tyomno-sinij.html
Костюмы демисезонные для охотников, рыболовов и туристов;КОСТЮМ «ГОРКА-2» ТАСЛАН ХАКИ;https://ck-textil.ru/demisezonnaya-odezhda/kostyumy-2/kostyum-gorka-2-taslan-haki.html
Костюмы демисезонные для охотников, рыболовов и туристов;КОСТЮМ «ТУРИСТ» ЧЕРНЫЙ С КРАСНЫМИ И СЕРЫМИ ОРНАМЕНТАМИ;https://ck-textil.ru/demisezonnaya-odezhda/kostyumy-2/kostyum-turist-chernyj-s-krasnymi-i-serymi-ornamentami.html
Костюмы демисезонные для охотников, рыболовов и туристов;КОСТЮМ ОНЕГА ;https://ck-textil.ru/demisezonnaya-odezhda/kostyumy-2/kostyum-onega.html
Куртки демисезонные для охотников, рыболовов и туристов;КУРТКА-ВЕТРОВКА «ОСЕНЬ 1»;https://ck-textil.ru/demisezonnaya-odezhda/kurtki-1/kurtka-vetrovka-osen-1.html
Куртки демисезонные для охотников, рыболовов и туристов;КУРТКА-ВЕТРОВКА «ОСЕНЬ 2»;https://ck-textil.ru/demisezonnaya-odezhda/kurtki-1/kurtka-vetrovka-osen-2.html
Куртки демисезонные для охотников, рыболовов и туристов;КУРТКА-ВЕТРОВКА «ОСЕНЬ 3»;https://ck-textil.ru/demisezonnaya-odezhda/kurtki-1/kurtka-vetrovka-osen-3.html
Куртки демисезонные для охотников, рыболовов и туристов;КУРТКА-ВЕТРОВКА «ОСЕНЬ 8»;https://ck-textil.ru/demisezonnaya-odezhda/kurtki-1/kurtka-vetrovka-osen-8.html
Куртки демисезонные для охотников, рыболовов и туристов;КУРТКА-ВЕТРОВКА «ОСЕНЬ 9»;https://ck-textil.ru/demisezonnaya-odezhda/kurtki-1/kurtka-vetrovka-osen-9.html
Куртки демисезонные для охотников, рыболовов и туристов;КУРТКА-ВЕТРОВКА «ОСЕНЬ 4»;https://ck-textil.ru/demisezonnaya-odezhda/kurtki-1/kurtka-vetrovka-osen-4.html
Куртки демисезонные для охотников, рыболовов и туристов;КУРТКА-ВЕТРОВКА «ОСЕНЬ 5»;https://ck-textil.ru/demisezonnaya-odezhda/kurtki-1/kurtka-vetrovka-osen-5.html
Куртки демисезонные для охотников, рыболовов и туристов;КУРТКА-ВЕТРОВКА «ОСЕНЬ 6»;https://ck-textil.ru/demisezonnaya-odezhda/kurtki-1/kurtka-vetrovka-osen-6.html
Куртки демисезонные для охотников, рыболовов и туристов;КУРТКА-ВЕТРОВКА «ОСЕНЬ 7»;https://ck-textil.ru/demisezonnaya-odezhda/kurtki-1/kurtka-vetrovka-osen-7.html
Куртки демисезонные для охотников, рыболовов и туристов;КУРТКА-ВЕТРОВКА «ОСЕНЬ» ТАСЛАН;https://ck-textil.ru/demisezonnaya-odezhda/kurtki-1/kurtka-vetrovka-osen-taslan.html
Куртки демисезонные для охотников, рыболовов и туристов;КУРТКА «БЕРКУТ» КМФ 1;https://ck-textil.ru/demisezonnaya-odezhda/kurtki-1/kurtka-berkut-kmf-1.html
Куртки демисезонные для охотников, рыболовов и туристов;КУРТКА «БЕРКУТ» КМФ 2;https://ck-textil.ru/demisezonnaya-odezhda/kurtki-1/kurtka-berkut-kmf-2.html
Куртки демисезонные для охотников, рыболовов и туристов;КУРТКА «БЕРКУТ» КМФ 3;https://ck-textil.ru/demisezonnaya-odezhda/kurtki-1/kurtka-berkut-kmf-3.html
Куртки демисезонные для охотников, рыболовов и туристов;КУРТКА ВЕСНА СИНИЙ;https://ck-textil.ru/demisezonnaya-odezhda/kurtki-1/kurtka-vesna-sinij.html
Куртки демисезонные для охотников, рыболовов и туристов;КУРТКА ВЕСНА ХАКИ;https://ck-textil.ru/demisezonnaya-odezhda/kurtki-1/kurtka-vesna-haki.html
Куртки демисезонные для охотников, рыболовов и туристов;КУРТКА «ОНЕГА»;https://ck-textil.ru/demisezonnaya-odezhda/kurtki-1/kurtka-onega.html
Куртки демисезонные для охотников, рыболовов и туристов;КУРТКА «СНАЙПЕР 1»;https://ck-textil.ru/demisezonnaya-odezhda/kurtki-1/kurtka-snajper-1.html
Куртки демисезонные для охотников, рыболовов и туристов;КУРТКА «СНАЙПЕР»;https://ck-textil.ru/demisezonnaya-odezhda/kurtki-1/kurtka-snajper.html
Зимняя одежда для охоты, рыбалки и туризма;КОСТЮМ «МАСКИРОВОЧНЫЙ»;https://ck-textil.ru/aksessuary/kostyum-maskirovochnyj-1.html
Зимняя одежда для охоты, рыбалки и туризма;ЖИЛЕТ «ЧЕРНЫЙ» ;https://ck-textil.ru/zimnyaya-odezhda/zhilety/zhilet-chernyj.html
Зимняя одежда для охоты, рыбалки и туризма;ЖИЛЕТ «ХАКИ» ;https://ck-textil.ru/zimnyaya-odezhda/zhilety/zhilet-haki.html
Зимняя одежда для охоты, рыбалки и туризма;ЖИЛЕТ «МЕХ» ;https://ck-textil.ru/zimnyaya-odezhda/zhilety/zhilet-meh.html
Зимняя одежда для охоты, рыбалки и туризма;ЖИЛЕТ «УТЕПЛЁННЫЙ» ;https://ck-textil.ru/zimnyaya-odezhda/zhilety/zhilet-uteplyonnyj.html
Зимняя одежда для охоты, рыбалки и туризма;СВИТЕР ЧЕРНЫЙ;https://ck-textil.ru/zimnyaya-odezhda/kurtki/sviter-chernyj.html
Зимняя одежда для охоты, рыбалки и туризма;КУРТКА «ПИЛОТ» С МЕХОМ КМФ;https://ck-textil.ru/zimnyaya-odezhda/kurtki/kurtka-pilot-s-mehom-kmf.html
Зимняя одежда для охоты, рыбалки и туризма;КУРТКА «ПИЛОТ» С МЕХОМ ЧЕРНЫЙ;https://ck-textil.ru/zimnyaya-odezhda/kurtki/kurtka-pilot-s-mehom-chernyj.html
Зимняя одежда для охоты, рыбалки и туризма;КУРТКА «АЛЯСКА» КМФ БЕЛЫЙ ЛЕС;https://ck-textil.ru/zimnyaya-odezhda/kurtki/kurtka-alyaska-kmf-belyj-les.html
Зимняя одежда для охоты, рыбалки и туризма;КУРТКА «ТАЙГА» ХАКИ С ЧЕРНЫМИ ВСТАВКАМИ;https://ck-textil.ru/zimnyaya-odezhda/kurtki/kurtka-tajga-haki-s-chernymi-vstavkami.html
Зимняя одежда для охоты, рыбалки и туризма;КОСТЮМ ГОРКА-8 КМФ 1;https://ck-textil.ru/zimnyaya-odezhda/kostyumy/kostyum-gorka-8-kmf-1.html
Зимняя одежда для охоты, рыбалки и туризма;КОСТЮМ ГОРКА-8 КМФ 2;https://ck-textil.ru/zimnyaya-odezhda/kostyumy/kostyum-gorka-8-kmf-2.html
Зимняя одежда для охоты, рыбалки и туризма;КОСТЮМ ГОРКА-8 КМФ 3;https://ck-textil.ru/zimnyaya-odezhda/kostyumy/kostyum-gorka-8-kmf-3.html
Зимняя одежда для охоты, рыбалки и туризма;КОСТЮМ ГОРКА-8 ТЕМНЫЙ ХАКИ;https://ck-textil.ru/zimnyaya-odezhda/kostyumy/kostyum-gorka-8-temnyj-haki.html
Зимняя одежда для охоты, рыбалки и туризма;КОСТЮМ ГОРКА-8 ХАКИ;https://ck-textil.ru/zimnyaya-odezhda/kostyumy/kostyum-gorka-8-haki.html
Зимняя одежда для охоты, рыбалки и туризма;КОСТЮМ «КОСТЮМ «ГОРКА ЗИМА»;https://ck-textil.ru/zimnyaya-odezhda/kostyumy/kostyum-kostyum-gorka-zima.html
Зимняя одежда для охоты, рыбалки и туризма;КОСТЮМ «АЛЯСКА» КМФ БЕЛЫЙ ЛЕС;https://ck-textil.ru/zimnyaya-odezhda/kostyumy/kostyum-alyaska-kmf-belyj-les.html
Зимняя одежда для охоты, рыбалки и туризма;КОСТЮМ «АЛЯСКА» КМФ ЛЕС;https://ck-textil.ru/zimnyaya-odezhda/kostyumy/kostyum-alyaska-kmf-les.html
Зимняя одежда для охоты, рыбалки и туризма;КОСТЮМ «ГОРКА» ЗИМА КМФ;https://ck-textil.ru/zimnyaya-odezhda/kostyumy/kostyum-gorka-zima-kmf.html
Зимняя одежда для охоты, рыбалки и туризма;КОСТЮМ «УНИВЕРСАЛ-NEW» КРАСНЫЙ С ЧЁРНЫМИ ВСТАВКАМИ;https://ck-textil.ru/zimnyaya-odezhda/kostyumy/kostyum-universal-new-krasnyj-s-chyornymi-vstavkami.html
Зимняя одежда для охоты, рыбалки и туризма;КОСТЮМ «УНИВЕРСАЛ-NEW» СИНИЙ С ЧЕРНЫМИ ВСТАВКАМИ;https://ck-textil.ru/zimnyaya-odezhda/kostyumy/kostyum-universal-new-sinij-s-chernymi-vstavkami.html
Зимняя одежда для охоты, рыбалки и туризма;КОСТЮМ «УНИВЕРСАЛ-NEW» ХАКИ С ЧЕРНЫМИ ВСТАВКАМИ;https://ck-textil.ru/zimnyaya-odezhda/kostyumy/kostyum-universal-new-haki-s-chernymi-vstavkami.html
Зимняя одежда для охоты, рыбалки и туризма;КОСТЮМ ЗИМНИЙ «ТАЙГА» КРАСНЫЙ С ЧЁРНЫМИ ВСТАВКАМИ;https://ck-textil.ru/zimnyaya-odezhda/kostyumy/kostyum-zimnij-tajga-krasnyj-s-chyornymi-vstavkami.html
Зимняя одежда для охоты, рыбалки и туризма;КОСТЮМ ЗИМНИЙ «ТАЙГА» ХАКИ С СЕРЫМИ ВСТАВКАМИ;https://ck-textil.ru/zimnyaya-odezhda/kostyumy/kostyum-zimnij-tajga-haki-s-serymi-vstavkami.html
Зимняя одежда для охоты, рыбалки и туризма;КОСТЮМ ЗИМНИЙ «ТАЙГА» ХАКИ С ЧЁРНЫМИ ВСТАВКАМИ;https://ck-textil.ru/zimnyaya-odezhda/kostyumy/kostyum-zimnij-tajga-haki-s-chyornymi-vstavkami.html
Зимняя одежда для охоты, рыбалки и туризма;КОСТЮМ ЗИМНИЙ «ОХОТА» ХАКИ;https://ck-textil.ru/zimnyaya-odezhda/kostyumy/kostyum-zimnij-ohota-haki.html
Зимняя одежда для охоты, рыбалки и туризма;КОСТЮМ ЦК-37 ХАКИ;https://ck-textil.ru/zimnyaya-odezhda/kostyumy/kostyum-ck-37-haki.html
Костюмы зимние для охоты, рыбалки и туризма;КОСТЮМ «МАСКИРОВОЧНЫЙ»;https://ck-textil.ru/aksessuary/kostyum-maskirovochnyj-1.html
Костюмы зимние для охоты, рыбалки и туризма;КОСТЮМ ГОРКА-8 КМФ 1;https://ck-textil.ru/zimnyaya-odezhda/kostyumy/kostyum-gorka-8-kmf-1.html
Костюмы зимние для охоты, рыбалки и туризма;КОСТЮМ ГОРКА-8 КМФ 2;https://ck-textil.ru/zimnyaya-odezhda/kostyumy/kostyum-gorka-8-kmf-2.html
Костюмы зимние для охоты, рыбалки и туризма;КОСТЮМ ГОРКА-8 КМФ 3;https://ck-textil.ru/zimnyaya-odezhda/kostyumy/kostyum-gorka-8-kmf-3.html
Костюмы зимние для охоты, рыбалки и туризма;КОСТЮМ ГОРКА-8 ТЕМНЫЙ ХАКИ;https://ck-textil.ru/zimnyaya-odezhda/kostyumy/kostyum-gorka-8-temnyj-haki.html
Костюмы зимние для охоты, рыбалки и туризма;КОСТЮМ ГОРКА-8 ХАКИ;https://ck-textil.ru/zimnyaya-odezhda/kostyumy/kostyum-gorka-8-haki.html
Костюмы зимние для охоты, рыбалки и туризма;КОСТЮМ «КОСТЮМ «ГОРКА ЗИМА»;https://ck-textil.ru/zimnyaya-odezhda/kostyumy/kostyum-kostyum-gorka-zima.html
Костюмы зимние для охоты, рыбалки и туризма;КОСТЮМ «АЛЯСКА» КМФ БЕЛЫЙ ЛЕС;https://ck-textil.ru/zimnyaya-odezhda/kostyumy/kostyum-alyaska-kmf-belyj-les.html
Костюмы зимние для охоты, рыбалки и туризма;КОСТЮМ «АЛЯСКА» КМФ ЛЕС;https://ck-textil.ru/zimnyaya-odezhda/kostyumy/kostyum-alyaska-kmf-les.html
Костюмы зимние для охоты, рыбалки и туризма;КОСТЮМ «ГОРКА» ЗИМА КМФ;https://ck-textil.ru/zimnyaya-odezhda/kostyumy/kostyum-gorka-zima-kmf.html
Костюмы зимние для охоты, рыбалки и туризма;КОСТЮМ «УНИВЕРСАЛ-NEW» КРАСНЫЙ С ЧЁРНЫМИ ВСТАВКАМИ;https://ck-textil.ru/zimnyaya-odezhda/kostyumy/kostyum-universal-new-krasnyj-s-chyornymi-vstavkami.html
Костюмы зимние для охоты, рыбалки и туризма;КОСТЮМ «УНИВЕРСАЛ-NEW» СИНИЙ С ЧЕРНЫМИ ВСТАВКАМИ;https://ck-textil.ru/zimnyaya-odezhda/kostyumy/kostyum-universal-new-sinij-s-chernymi-vstavkami.html
Костюмы зимние для охоты, рыбалки и туризма;КОСТЮМ «УНИВЕРСАЛ-NEW» ХАКИ С ЧЕРНЫМИ ВСТАВКАМИ;https://ck-textil.ru/zimnyaya-odezhda/kostyumy/kostyum-universal-new-haki-s-chernymi-vstavkami.html
Костюмы зимние для охоты, рыбалки и туризма;КОСТЮМ ЗИМНИЙ «ТАЙГА» КРАСНЫЙ С ЧЁРНЫМИ ВСТАВКАМИ;https://ck-textil.ru/zimnyaya-odezhda/kostyumy/kostyum-zimnij-tajga-krasnyj-s-chyornymi-vstavkami.html
Костюмы зимние для охоты, рыбалки и туризма;КОСТЮМ ЗИМНИЙ «ТАЙГА» ХАКИ С СЕРЫМИ ВСТАВКАМИ;https://ck-textil.ru/zimnyaya-odezhda/kostyumy/kostyum-zimnij-tajga-haki-s-serymi-vstavkami.html
Костюмы зимние для охоты, рыбалки и туризма;КОСТЮМ ЗИМНИЙ «ТАЙГА» ХАКИ С ЧЁРНЫМИ ВСТАВКАМИ;https://ck-textil.ru/zimnyaya-odezhda/kostyumy/kostyum-zimnij-tajga-haki-s-chyornymi-vstavkami.html
Костюмы зимние для охоты, рыбалки и туризма;КОСТЮМ ЗИМНИЙ «ОХОТА» ХАКИ;https://ck-textil.ru/zimnyaya-odezhda/kostyumy/kostyum-zimnij-ohota-haki.html
Костюмы зимние для охоты, рыбалки и туризма;КОСТЮМ ЦК-37 ХАКИ;https://ck-textil.ru/zimnyaya-odezhda/kostyumy/kostyum-ck-37-haki.html
Куртки;СВИТЕР ЧЕРНЫЙ;https://ck-textil.ru/zimnyaya-odezhda/kurtki/sviter-chernyj.html
Куртки;КУРТКА «ПИЛОТ» С МЕХОМ КМФ;https://ck-textil.ru/zimnyaya-odezhda/kurtki/kurtka-pilot-s-mehom-kmf.html
Куртки;КУРТКА «ПИЛОТ» С МЕХОМ ЧЕРНЫЙ;https://ck-textil.ru/zimnyaya-odezhda/kurtki/kurtka-pilot-s-mehom-chernyj.html
Куртки;КУРТКА «АЛЯСКА» КМФ БЕЛЫЙ ЛЕС;https://ck-textil.ru/zimnyaya-odezhda/kurtki/kurtka-alyaska-kmf-belyj-les.html
Куртки;КУРТКА «ТАЙГА» ХАКИ С ЧЕРНЫМИ ВСТАВКАМИ;https://ck-textil.ru/zimnyaya-odezhda/kurtki/kurtka-tajga-haki-s-chernymi-vstavkami.html
Жилеты зимние для охоты, рыбалки и туризма;ЖИЛЕТ «ЧЕРНЫЙ» ;https://ck-textil.ru/zimnyaya-odezhda/zhilety/zhilet-chernyj.html
Жилеты зимние для охоты, рыбалки и туризма;ЖИЛЕТ «ХАКИ» ;https://ck-textil.ru/zimnyaya-odezhda/zhilety/zhilet-haki.html
Жилеты зимние для охоты, рыбалки и туризма;ЖИЛЕТ «МЕХ» ;https://ck-textil.ru/zimnyaya-odezhda/zhilety/zhilet-meh.html
Жилеты зимние для охоты, рыбалки и туризма;ЖИЛЕТ «УТЕПЛЁННЫЙ» ;https://ck-textil.ru/zimnyaya-odezhda/zhilety/zhilet-uteplyonnyj.html
Обувь;Сапоги женские из ПВХ арт. 98-70У;https://ck-textil.ru/obuv/sapogi-iz-eva-i-pvh/sapogi-zhenskie-iz-pvh-art-98-70u.html
Обувь;Сапоги мужские утепленные из ПВХ арт. 95-77У;https://ck-textil.ru/obuv/sapogi-iz-eva-i-pvh/sapogi-muzhskie-uteplennye-iz-pvh-art-95-77u.html
Обувь;Полусапожки детские утепленные 313 УТЛ ДЕТСКИЕ с текстильным верхом;https://ck-textil.ru/obuv/sapogi-iz-eva-i-pvh/polusapozhki-detskie-uteplennye-313-utl-detskie-s-tekstilnym.html
Обувь;Полусапожки женские утепленные 313 УТЛ с текстильным верхом;https://ck-textil.ru/obuv/sapogi-iz-eva-i-pvh/polusapozhki-zhenskie-uteplennye-313-utl-s-tekstilnym-verhom.html
Обувь;Полусапожки мужские утепленные 313 УТЛ МУЖСКИЕ с текстильным верхом олива;https://ck-textil.ru/obuv/sapogi-iz-eva-i-pvh/polusapozhki-muzhskie-uteplennye-313-utl-muzhskie-s-tekstiln.html
Обувь;Полусапожки мужские утепленные 313 УТЛ МУЖСКИЕ с текстильным верхом черные;https://ck-textil.ru/obuv/sapogi-iz-eva-i-pvh/polusapozhki-muzhskie-uteplennye-313-utl-muzhskie-s-tekstiln-1.html
Обувь;Сапожки детские утепленные из ЭВА с надставкой арт. 490НУ;https://ck-textil.ru/obuv/sapogi-iz-eva-i-pvh/sapozhki-detskie-uteplennye-iz-eva-s-nadstavkoj-art-490nu.html
Обувь;Сапоги мужские высокие утепленные из ПВХ арт. 179-70НУ;https://ck-textil.ru/obuv/sapogi-iz-eva-i-pvh/sapogi-muzhskie-vysokie-uteplennye-iz-pvh-art-179-70nu.html
Обувь;Ботильоны женские из ЭВА арт. 869У;https://ck-textil.ru/obuv/sapogi-iz-eva-i-pvh/botilony-zhenskie-iz-eva-art-869u.html
Обувь;Ботинки мужские из ЭВА арт. 969У;https://ck-textil.ru/obuv/sapogi-iz-eva-i-pvh/botinki-muzhskie-iz-eva-art-969u.html
Обувь;Сапоги мужские рыбацкие из ЭВА с манжетой арт. 915;https://ck-textil.ru/obuv/sapogi-iz-eva-i-pvh/sapogi-muzhskie-rybackie-iz-eva-s-manzhetoj-art-915.html
Обувь;Сапоги мужские рыбацкие из ПВХ арт. 179-75;https://ck-textil.ru/obuv/sapogi-iz-eva-i-pvh/sapogi-muzhskie-rybackie-iz-pvh-art-179-75.html
Обувь;БЕРЦЫ ЛЕТНИЕ;https://ck-textil.ru/obuv/bercy/bercy-letnie.html
Обувь;БЕРЦЫ ЛЕТНИЕ ПОДРОСТКОВЫЕ;https://ck-textil.ru/obuv/bercy/bercy-letnie-podrostkovye.html
Обувь;БЕРЦЫ ОБЛЕГЧЁННЫЕ;https://ck-textil.ru/obuv/bercy/bercy-oblegchyonnye.html
Обувь;Сапоги мужские рыбацкие из ЭВА с надставкой 960-40 AS;https://ck-textil.ru/obuv/sapogi-iz-eva-i-pvh/sapogi-muzhskie-rybackie-iz-eva-s-nadstavkoj-960-40.html
Обувь;БЕРЦЫ С ИСКУССТВЕННЫМ МЕХОМ;https://ck-textil.ru/obuv/bercy/bercy-s-iskusstvennym-mehom.html
Обувь;Сапоги женские из ЭВА арт. 990-45;https://ck-textil.ru/obuv/sapogi-iz-eva-i-pvh/sapogi-zhenskie-iz-eva-art-990-45.html
Обувь;Сапоги мужские рыбацкие утепленные из ЭВА с надставкой арт. 960-45;https://ck-textil.ru/obuv/sapogi-iz-eva-i-pvh/sapogi-muzhskie-rybackie-uteplennye-iz-eva-s-nadstavkoj-art.html
Обувь;БЕРЦЫ С НАТУРАЛЬНЫМ МЕХОМ;https://ck-textil.ru/obuv/bercy/bercy-s-naturalnym-mehom.html
Обувь;Полукомбинезон мужской рыбацкий из ПВХ арт. 179-85;https://ck-textil.ru/obuv/sapogi-iz-eva-i-pvh/polukombinezon-muzhskoj-rybackij-iz-pvh-art-179-85.html
Обувь;УНТЫ ЖЕНСКИЕ РЫЖИЕ;https://ck-textil.ru/obuv/unty/unty-zhenskie-ryzhie.html
Обувь;УНТЫ ЖЕНСКИЕ ЧЕРНЫЕ;https://ck-textil.ru/obuv/unty/unty-zhenskie-chernye.html
Обувь;УНТЫ ЖЕНСКИЕ ШОКОЛАДНЫЕ;https://ck-textil.ru/obuv/unty/unty-zhenskie-shokoladnye.html
Обувь;УНТЫ МУЖСКИЕ;https://ck-textil.ru/obuv/unty/unty-muzhskie.html
Сапоги из ЭВА и ПВХ;Сапоги женские из ПВХ арт. 98-70У;https://ck-textil.ru/obuv/sapogi-iz-eva-i-pvh/sapogi-zhenskie-iz-pvh-art-98-70u.html
Сапоги из ЭВА и ПВХ;Сапоги мужские утепленные из ПВХ арт. 95-77У;https://ck-textil.ru/obuv/sapogi-iz-eva-i-pvh/sapogi-muzhskie-uteplennye-iz-pvh-art-95-77u.html
Сапоги из ЭВА и ПВХ;Полусапожки детские утепленные 313 УТЛ ДЕТСКИЕ с текстильным верхом;https://ck-textil.ru/obuv/sapogi-iz-eva-i-pvh/polusapozhki-detskie-uteplennye-313-utl-detskie-s-tekstilnym.html
Сапоги из ЭВА и ПВХ;Полусапожки женские утепленные 313 УТЛ с текстильным верхом;https://ck-textil.ru/obuv/sapogi-iz-eva-i-pvh/polusapozhki-zhenskie-uteplennye-313-utl-s-tekstilnym-verhom.html
Сапоги из ЭВА и ПВХ;Полусапожки мужские утепленные 313 УТЛ МУЖСКИЕ с текстильным верхом олива;https://ck-textil.ru/obuv/sapogi-iz-eva-i-pvh/polusapozhki-muzhskie-uteplennye-313-utl-muzhskie-s-tekstiln.html
Сапоги из ЭВА и ПВХ;Полусапожки мужские утепленные 313 УТЛ МУЖСКИЕ с текстильным верхом черные;https://ck-textil.ru/obuv/sapogi-iz-eva-i-pvh/polusapozhki-muzhskie-uteplennye-313-utl-muzhskie-s-tekstiln-1.html
Сапоги из ЭВА и ПВХ;Сапожки детские утепленные из ЭВА с надставкой арт. 490НУ;https://ck-textil.ru/obuv/sapogi-iz-eva-i-pvh/sapozhki-detskie-uteplennye-iz-eva-s-nadstavkoj-art-490nu.html
Сапоги из ЭВА и ПВХ;Сапоги мужские высокие утепленные из ПВХ арт. 179-70НУ;https://ck-textil.ru/obuv/sapogi-iz-eva-i-pvh/sapogi-muzhskie-vysokie-uteplennye-iz-pvh-art-179-70nu.html
Сапоги из ЭВА и ПВХ;Ботильоны женские из ЭВА арт. 869У;https://ck-textil.ru/obuv/sapogi-iz-eva-i-pvh/botilony-zhenskie-iz-eva-art-869u.html
Сапоги из ЭВА и ПВХ;Ботинки мужские из ЭВА арт. 969У;https://ck-textil.ru/obuv/sapogi-iz-eva-i-pvh/botinki-muzhskie-iz-eva-art-969u.html
Сапоги из ЭВА и ПВХ;Сапоги мужские рыбацкие из ЭВА с манжетой арт. 915;https://ck-textil.ru/obuv/sapogi-iz-eva-i-pvh/sapogi-muzhskie-rybackie-iz-eva-s-manzhetoj-art-915.html
Сапоги из ЭВА и ПВХ;Сапоги мужские рыбацкие из ПВХ арт. 179-75;https://ck-textil.ru/obuv/sapogi-iz-eva-i-pvh/sapogi-muzhskie-rybackie-iz-pvh-art-179-75.html
Сапоги из ЭВА и ПВХ;Сапоги мужские рыбацкие из ЭВА с надставкой 960-40 AS;https://ck-textil.ru/obuv/sapogi-iz-eva-i-pvh/sapogi-muzhskie-rybackie-iz-eva-s-nadstavkoj-960-40.html
Сапоги из ЭВА и ПВХ;Сапоги женские из ЭВА арт. 990-45;https://ck-textil.ru/obuv/sapogi-iz-eva-i-pvh/sapogi-zhenskie-iz-eva-art-990-45.html
Сапоги из ЭВА и ПВХ;Сапоги мужские рыбацкие утепленные из ЭВА с надставкой арт. 960-45;https://ck-textil.ru/obuv/sapogi-iz-eva-i-pvh/sapogi-muzhskie-rybackie-uteplennye-iz-eva-s-nadstavkoj-art.html
Сапоги из ЭВА и ПВХ;Полукомбинезон мужской рыбацкий из ПВХ арт. 179-85;https://ck-textil.ru/obuv/sapogi-iz-eva-i-pvh/polukombinezon-muzhskoj-rybackij-iz-pvh-art-179-85.html
Берцы;БЕРЦЫ ЛЕТНИЕ;https://ck-textil.ru/obuv/bercy/bercy-letnie.html
Берцы;БЕРЦЫ ЛЕТНИЕ ПОДРОСТКОВЫЕ;https://ck-textil.ru/obuv/bercy/bercy-letnie-podrostkovye.html
Берцы;БЕРЦЫ ОБЛЕГЧЁННЫЕ;https://ck-textil.ru/obuv/bercy/bercy-oblegchyonnye.html
Берцы;БЕРЦЫ С ИСКУССТВЕННЫМ МЕХОМ;https://ck-textil.ru/obuv/bercy/bercy-s-iskusstvennym-mehom.html
Берцы;БЕРЦЫ С НАТУРАЛЬНЫМ МЕХОМ;https://ck-textil.ru/obuv/bercy/bercy-s-naturalnym-mehom.html
Унты;УНТЫ ЖЕНСКИЕ РЫЖИЕ;https://ck-textil.ru/obuv/unty/unty-zhenskie-ryzhie.html
Унты;УНТЫ ЖЕНСКИЕ ЧЕРНЫЕ;https://ck-textil.ru/obuv/unty/unty-zhenskie-chernye.html
Унты;УНТЫ ЖЕНСКИЕ ШОКОЛАДНЫЕ;https://ck-textil.ru/obuv/unty/unty-zhenskie-shokoladnye.html
Унты;УНТЫ МУЖСКИЕ;https://ck-textil.ru/obuv/unty/unty-muzhskie.html
Головные уборы;БАНДАНА КМФ;https://ck-textil.ru/golovnye-ubory/bandana-kmf.html
Головные уборы;БАНДАНА КМФ ЦИФРА;https://ck-textil.ru/golovnye-ubory/bandana-kmf-cifra.html
Головные уборы;КЕПКА ЛЕТНЯЯ КМФ ЗЕЛЕНЫЙ;https://ck-textil.ru/golovnye-ubory/kepka-letnyaya-kmf-zelenyj.html
Головные уборы;КЕПКА ЛЕТНЯЯ КМФ ЛЕС 1;https://ck-textil.ru/golovnye-ubory/kepka-letnyaya-kmf-les-1.html
Головные уборы;КЕПКА ЛЕТНЯЯ КМФ ЛЕС 2;https://ck-textil.ru/golovnye-ubory/kepka-letnyaya-kmf-les-2.html
Головные уборы;КЕПКА ЛЕТНЯЯ КМФ ЛЕС 3;https://ck-textil.ru/golovnye-ubory/kepka-letnyaya-kmf-les-3.html
Головные уборы;КЕПКА ЛЕТНЯЯ КМФ СЕРЫЙ;https://ck-textil.ru/golovnye-ubory/kepka-letnyaya-kmf-seryj.html
Головные уборы;КЕПКА ЛЕТНЯЯ КМФ ЦИФРА;https://ck-textil.ru/golovnye-ubory/kepka-letnyaya-kmf-cifra.html
Головные уборы;ПИЛОТКА ХАКИ;https://ck-textil.ru/golovnye-ubory/pilotka-haki.html
Головные уборы;ШАПКА ТРИКОТАЖНАЯ КМФ ЗЕЛЁНЫЙ;https://ck-textil.ru/golovnye-ubory/shapka-trikotazhnaya-kmf-zelyonyj.html
Головные уборы;ШАПКА ТРИКОТАЖНАЯ КМФ СЕРЫЙ;https://ck-textil.ru/golovnye-ubory/shapka-trikotazhnaya-kmf-seryj.html
Головные уборы;ШАПКА ТРИКОТАЖНАЯ КМФ ЦИФРА;https://ck-textil.ru/golovnye-ubory/shapka-trikotazhnaya-kmf-cifra.html
Головные уборы;ШАПКА-МАСКА (БАЛАКЛАВА) ЗЕЛЕНАЯ;https://ck-textil.ru/golovnye-ubory/shapka-maska-balaklava-zelenaya.html
Головные уборы;ШАПКА-МАСКА (БАЛАКЛАВА) ЧЕРНАЯ;https://ck-textil.ru/golovnye-ubory/shapka-maska-balaklava-chernaya.html
Головные уборы;ПАНАМА С ПРОТИВОМОСКИТНОЙ СЕТКОЙ ДВОЙНАЯ КМФ ЗЕЛЕНЫЙ;https://ck-textil.ru/golovnye-ubory/panama-s-protivomoskitnoj-setkoj-dvojnaya-kmf-zelenyj.html
Головные уборы;ПАНАМА С ПРОТИВОМОСКИТНОЙ СЕТКОЙ ДВОЙНАЯ КМФ ЛЕС;https://ck-textil.ru/golovnye-ubory/panama-s-protivomoskitnoj-setkoj-dvojnaya-kmf-les.html
Головные уборы;ШАПКА-УШАНКА КМФ ЛЕС 1;https://ck-textil.ru/golovnye-ubory/shapka-ushanka-kmf-les-1.html
Головные уборы;ШАПКА-УШАНКА КМФ ЛЕС 2;https://ck-textil.ru/golovnye-ubory/shapka-ushanka-kmf-les-2.html
Рюкзаки для туризма, рыбалки и охоты;РЮКЗАК КМФ;https://ck-textil.ru/ryukzaki/ryukzak-kmf.html
Рюкзаки для туризма, рыбалки и охоты;РЮКЗАК ЛЕС;https://ck-textil.ru/ryukzaki/ryukzak-les.html
Рюкзаки для туризма, рыбалки и охоты;РЮКЗАК ХАКИ РИПСТОП;https://ck-textil.ru/ryukzaki/ryukzak-haki-ripstop.html
Рюкзаки для туризма, рыбалки и охоты;РЮКЗАК ХАКИ;https://ck-textil.ru/ryukzaki/ryukzak-haki.html
Аксессуары;ПЕРЧАТКИ-КРАГИ  РЫБАЦКИЕ;https://ck-textil.ru/aksessuary/perchatki-kragi-rybackie.html
Аксессуары;РЕМЕНЬ КОЖАНЫЙ ЧЕРНЫЙ / КОРИЧНЕВЫЙ;https://ck-textil.ru/aksessuary/remen-kozhanyj-chernyj-korichnevyj.html
Аксессуары;КОСТЮМ «МАСКИРОВОЧНЫЙ»;https://ck-textil.ru/aksessuary/kostyum-maskirovochnyj-1.html
Аксессуары;КОСТЮМ КИКИМОРА;https://ck-textil.ru/aksessuary/kostyum-kikimora.html
