Brand;Model;UrlModel;UrlFilmCatalog
Irbis;Irbis TX10;/catalog/irbis_tx10/;https://mobi711.ru/catalog/zashchitnye_plenki_i_stekla_4529/
3Q;3Q Glaze RC7804F;/catalog/3q_glaze_rc7804f/;https://mobi711.ru/catalog/zashchitnye_plenki_i_stekla_3452/
Kakadu;Kakadu K-88;/catalog/kakadu_k_88/;https://mobi711.ru/catalog/zashchitnye_plenki_i_stekla_4824/
Teclast;Teclast Tbook 16;/catalog/teclast_tbook_16/;https://mobi711.ru/catalog/zashchitnye_plenki_i_stekla_6066/
Ainol (Ainovo);Ainol Novo7 Eos;/catalog/ainol_novo7_eos/;https://mobi711.ru/catalog/zashchitnye_plenki_i_stekla_3581/
DEXP;DEXP Ursus S110 4G;/catalog/dexp_ursus_s110_4g/;https://mobi711.ru/catalog/zashchitnye_plenki_i_stekla_3256/
Dunobil;Dunobil Eco QC 3G;/catalog/dunobil_eco_qc_3g/;https://mobi711.ru/catalog/zashchitnye_plenki_i_stekla_3938/
PiPO;PiPO W2;/catalog/pipo_w2/;https://mobi711.ru/catalog/zashchitnye_plenki_i_stekla_5349/
Prestigio;Prestigio Grace 3768 3G;/catalog/prestigio_grace_3768_3g/;https://mobi711.ru/catalog/zashchitnye_plenki_i_stekla_5418/
Archos;Archos Arnova 8;/catalog/archos_arnova_8/;https://mobi711.ru/catalog/zashchitnye_plenki_i_stekla_2809/
Irbis;Irbis TX11;/catalog/irbis_tx11/;https://mobi711.ru/catalog/zashchitnye_plenki_i_stekla_4530/
3Q;3Q Lite AC1024C;/catalog/3q_lite_ac1024c/;https://mobi711.ru/catalog/zashchitnye_plenki_i_stekla_3453/
Kakadu;Kakadu K-89;/catalog/kakadu_k_89/;https://mobi711.ru/catalog/zashchitnye_plenki_i_stekla_4825/
Teclast;Teclast Tbook 16 Power;/catalog/teclast_tbook_16_power/;https://mobi711.ru/catalog/zashchitnye_plenki_i_stekla_6067/
Ainol (Ainovo);Ainol Novo7 Fire;/catalog/ainol_novo7_fire/;https://mobi711.ru/catalog/zashchitnye_plenki_i_stekla_3582/
PiPO;PiPO W2S;/catalog/pipo_w2s/;https://mobi711.ru/catalog/zashchitnye_plenki_i_stekla_5350/
Prestigio;Prestigio Grace 3778 3G;/catalog/prestigio_grace_3778_3g/;https://mobi711.ru/catalog/zashchitnye_plenki_i_stekla_5419/
Dunobil;Dunobil Neo 7.0 3G;/catalog/dunobil_neo_7_0_3g/;https://mobi711.ru/catalog/zashchitnye_plenki_i_stekla_3939/
Archos;Archos Arnova 8 G2;/catalog/archos_arnova_8_g2/;https://mobi711.ru/catalog/zashchitnye_plenki_i_stekla_2810/
3Q;3Q Lite AC7803C;/catalog/3q_lite_ac7803c/;https://mobi711.ru/catalog/zashchitnye_plenki_i_stekla_3454/
DEXP;DEXP Ursus S169 MIX 3G;/catalog/dexp_ursus_s169_mix_3g/;https://mobi711.ru/catalog/zashchitnye_plenki_i_stekla_3257/
Irbis;Irbis TX12;/catalog/irbis_tx12/;https://mobi711.ru/catalog/zashchitnye_plenki_i_stekla_4531/
Kobo;Kobo Arc;/catalog/kobo_arc/;https://mobi711.ru/catalog/zashchitnye_plenki_i_stekla_4826/
Teclast;Teclast Tbook 16 Pro;/catalog/teclast_tbook_16_pro/;https://mobi711.ru/catalog/zashchitnye_plenki_i_stekla_6068/
Ainol (Ainovo);Ainol Novo7 Legend;/catalog/ainol_novo7_legend/;https://mobi711.ru/catalog/zashchitnye_plenki_i_stekla_3583/
PiPO;PiPO Work-W1pro;/catalog/pipo_work_w1pro/;https://mobi711.ru/catalog/zashchitnye_plenki_i_stekla_5351/
Prestigio;Prestigio Grace 3848 4G;/catalog/prestigio_grace_3848_4g/;https://mobi711.ru/catalog/zashchitnye_plenki_i_stekla_5420/
3Q;3Q Lite MT0733G;/catalog/3q_lite_mt0733g/;https://mobi711.ru/catalog/zashchitnye_plenki_i_stekla_3455/
Dunobil;Dunobil Neo S2 7.0 3G;/catalog/dunobil_neo_s2_7_0_3g/;https://mobi711.ru/catalog/zashchitnye_plenki_i_stekla_3940/
Archos;Archos Arnova 8 G3;/catalog/archos_arnova_8_g3/;https://mobi711.ru/catalog/zashchitnye_plenki_i_stekla_2811/
DEXP;DEXP Ursus S170 3G;/catalog/dexp_ursus_s170_3g/;https://mobi711.ru/catalog/zashchitnye_plenki_i_stekla_3258/
Irbis;Irbis TX14;/catalog/irbis_tx14/;https://mobi711.ru/catalog/zashchitnye_plenki_i_stekla_4532/
Teclast;Teclast Tbook 16S;/catalog/teclast_tbook_16s/;https://mobi711.ru/catalog/zashchitnye_plenki_i_stekla_6069/
Ainol (Ainovo);Ainol Novo7 Mars;/catalog/ainol_novo7_mars/;https://mobi711.ru/catalog/zashchitnye_plenki_i_stekla_3584/
Kobo;Kobo Arc 10HD;/catalog/kobo_arc_10hd/;https://mobi711.ru/catalog/zashchitnye_plenki_i_stekla_4827/
PiPO;PiPO Work-W1S;/catalog/pipo_work_w1s/;https://mobi711.ru/catalog/zashchitnye_plenki_i_stekla_5352/
Prestigio;Prestigio Grace 3868 4G;/catalog/prestigio_grace_3868_4g/;https://mobi711.ru/catalog/zashchitnye_plenki_i_stekla_5421/
3Q;3Q Meta MT0812E;/catalog/3q_meta_mt0812e/;https://mobi711.ru/catalog/zashchitnye_plenki_i_stekla_3456/
Dunobil;Dunobil Simple 7.0;/catalog/dunobil_simple_7_0/;https://mobi711.ru/catalog/zashchitnye_plenki_i_stekla_3941/
Archos;Archos Arnova 8b G3;/catalog/archos_arnova_8b_g3/;https://mobi711.ru/catalog/zashchitnye_plenki_i_stekla_2812/
Irbis;Irbis TX15;/catalog/irbis_tx15/;https://mobi711.ru/catalog/zashchitnye_plenki_i_stekla_4533/
DEXP;DEXP Ursus S170i Kid's;/catalog/dexp_ursus_s170i_kid_s/;https://mobi711.ru/catalog/zashchitnye_plenki_i_stekla_3259/
Kobo;Kobo Arc 7HD;/catalog/kobo_arc_7hd/;https://mobi711.ru/catalog/zashchitnye_plenki_i_stekla_4828/
Teclast;Teclast X10 3G;/catalog/teclast_x10_3g/;https://mobi711.ru/catalog/zashchitnye_plenki_i_stekla_6070/
Ainol (Ainovo);Ainol Novo7 Numy AX1;/catalog/ainol_novo7_numy_ax1/;https://mobi711.ru/catalog/zashchitnye_plenki_i_stekla_3585/
PiPO;PiPO Work-W2pro;/catalog/pipo_work_w2pro/;https://mobi711.ru/catalog/zashchitnye_plenki_i_stekla_5353/
Prestigio;Prestigio Grace 3878 4G;/catalog/prestigio_grace_3878_4g/;https://mobi711.ru/catalog/zashchitnye_plenki_i_stekla_5422/
3Q;3Q Meta RC7802F;/catalog/3q_meta_rc7802f/;https://mobi711.ru/catalog/zashchitnye_plenki_i_stekla_3457/
Dunobil;Dunobil Titan QC 3G;/catalog/dunobil_titan_qc_3g/;https://mobi711.ru/catalog/zashchitnye_plenki_i_stekla_3942/
Archos;Archos Arnova 8c G3;/catalog/archos_arnova_8c_g3/;https://mobi711.ru/catalog/zashchitnye_plenki_i_stekla_2813/
Irbis;Irbis TX16;/catalog/irbis_tx16/;https://mobi711.ru/catalog/zashchitnye_plenki_i_stekla_4534/
DEXP;DEXP Ursus S180 3G;/catalog/dexp_ursus_s180_3g/;https://mobi711.ru/catalog/zashchitnye_plenki_i_stekla_3260/
Ainol (Ainovo);Ainol Novo7 Paladin;/catalog/ainol_novo7_paladin/;https://mobi711.ru/catalog/zashchitnye_plenki_i_stekla_3586/
Kobo;Kobo Vox;/catalog/kobo_vox/;https://mobi711.ru/catalog/zashchitnye_plenki_i_stekla_4829/
Teclast;Teclast X10 Plus;/catalog/teclast_x10_plus/;https://mobi711.ru/catalog/zashchitnye_plenki_i_stekla_6071/
PiPO;PiPO X11s;/catalog/pipo_x11s/;https://mobi711.ru/catalog/zashchitnye_plenki_i_stekla_5354/
Prestigio;Prestigio Grace 4327 3G;/catalog/prestigio_grace_4327_3g/;https://mobi711.ru/catalog/zashchitnye_plenki_i_stekla_5423/
3Q;3Q Q-book EL72B;/catalog/3q_q_book_el72b/;https://mobi711.ru/catalog/zashchitnye_plenki_i_stekla_3458/
effire;effire CityNight;/catalog/effire_citynight/;https://mobi711.ru/catalog/zashchitnye_plenki_i_stekla_3943/
Archos;Archos Arnova 9 G2;/catalog/archos_arnova_9_g2/;https://mobi711.ru/catalog/zashchitnye_plenki_i_stekla_2814/
Irbis;Irbis TX17;/catalog/irbis_tx17/;https://mobi711.ru/catalog/zashchitnye_plenki_i_stekla_4535/
Teclast;Teclast X10 quad-core;/catalog/teclast_x10_quad_core/;https://mobi711.ru/catalog/zashchitnye_plenki_i_stekla_6072/
DEXP;DEXP Ursus S180i Kid's;/catalog/dexp_ursus_s180i_kid_s/;https://mobi711.ru/catalog/zashchitnye_plenki_i_stekla_3261/
Ainol (Ainovo);Ainol Novo7 Rainbow;/catalog/ainol_novo7_rainbow/;https://mobi711.ru/catalog/zashchitnye_plenki_i_stekla_3587/
Kodak;Kodak Tablet 10;/catalog/kodak_tablet_10/;https://mobi711.ru/catalog/zashchitnye_plenki_i_stekla_4830/
PiPO;PiPO X4;/catalog/pipo_x4/;https://mobi711.ru/catalog/zashchitnye_plenki_i_stekla_5355/
3Q;3Q Q-book ER71B;/catalog/3q_q_book_er71b/;https://mobi711.ru/catalog/zashchitnye_plenki_i_stekla_3459/
Prestigio;Prestigio Grace 4791 4G;/catalog/prestigio_grace_4791_4g/;https://mobi711.ru/catalog/zashchitnye_plenki_i_stekla_5424/
effire;effire CityNight C10 3G;/catalog/effire_citynight_c10_3g/;https://mobi711.ru/catalog/zashchitnye_plenki_i_stekla_3944/
Archos;Archos Arnova 9 G3;/catalog/archos_arnova_9_g3/;https://mobi711.ru/catalog/zashchitnye_plenki_i_stekla_2815/
Irbis;Irbis TX18;/catalog/irbis_tx18/;https://mobi711.ru/catalog/zashchitnye_plenki_i_stekla_4536/
Teclast;Teclast X16 Plus;/catalog/teclast_x16_plus/;https://mobi711.ru/catalog/zashchitnye_plenki_i_stekla_6073/
DEXP;DEXP Ursus S190 3G;/catalog/dexp_ursus_s190_3g/;https://mobi711.ru/catalog/zashchitnye_plenki_i_stekla_3262/
PiPO;PiPO X4;/catalog/pipo_x4/;https://mobi711.ru/catalog/zashchitnye_plenki_i_stekla_5355/
Ainol (Ainovo);Ainol Novo7 Rainbow II;/catalog/ainol_novo7_rainbow_ii/;https://mobi711.ru/catalog/zashchitnye_plenki_i_stekla_3588/
Kodak;Kodak Tablet 7;/catalog/kodak_tablet_7/;https://mobi711.ru/catalog/zashchitnye_plenki_i_stekla_4831/
3Q;3Q Q-lite AC0732C;/catalog/3q_q_lite_ac0732c/;https://mobi711.ru/catalog/zashchitnye_plenki_i_stekla_3460/
Prestigio;Prestigio Grace 4891 4G;/catalog/prestigio_grace_4891_4g/;https://mobi711.ru/catalog/zashchitnye_plenki_i_stekla_5425/
effire;effire CityNight C7 3G;/catalog/effire_citynight_c7_3g/;https://mobi711.ru/catalog/zashchitnye_plenki_i_stekla_3945/
Irbis;Irbis TX19;/catalog/irbis_tx19/;https://mobi711.ru/catalog/zashchitnye_plenki_i_stekla_4537/
Teclast;Teclast X16 Power;/catalog/teclast_x16_power/;https://mobi711.ru/catalog/zashchitnye_plenki_i_stekla_6074/
Archos;Archos Arnova 90 G3;/catalog/archos_arnova_90_g3/;https://mobi711.ru/catalog/zashchitnye_plenki_i_stekla_2816/
DEXP;DEXP Ursus S270 3G;/catalog/dexp_ursus_s270_3g/;https://mobi711.ru/catalog/zashchitnye_plenki_i_stekla_3263/
Pixus;Pixus Blast;/catalog/pixus_blast/;https://mobi711.ru/catalog/zashchitnye_plenki_i_stekla_5356/
3Q;3Q Q-lite RC0719H;/catalog/3q_q_lite_rc0719h/;https://mobi711.ru/catalog/zashchitnye_plenki_i_stekla_3461/
KREZ;KREZ TL801W4;/catalog/krez_tl801w4/;https://mobi711.ru/catalog/zashchitnye_plenki_i_stekla_4832/
Ainol (Ainovo);Ainol Novo7 Sword;/catalog/ainol_novo7_sword/;https://mobi711.ru/catalog/zashchitnye_plenki_i_stekla_3589/
effire;effire CityNight C8;/catalog/effire_citynight_c8/;https://mobi711.ru/catalog/zashchitnye_plenki_i_stekla_3946/
Prestigio;Prestigio Grace 4991 4G;/catalog/prestigio_grace_4991_4g/;https://mobi711.ru/catalog/zashchitnye_plenki_i_stekla_5426/
Irbis;Irbis TX21;/catalog/irbis_tx21/;https://mobi711.ru/catalog/zashchitnye_plenki_i_stekla_4538/
Teclast;Teclast X16 Pro;/catalog/teclast_x16_pro/;https://mobi711.ru/catalog/zashchitnye_plenki_i_stekla_6075/
Archos;Archos Arnova 90 G4;/catalog/archos_arnova_90_g4/;https://mobi711.ru/catalog/zashchitnye_plenki_i_stekla_2817/
DEXP;DEXP Ursus S270i Kid's;/catalog/dexp_ursus_s270i_kid_s/;https://mobi711.ru/catalog/zashchitnye_plenki_i_stekla_3264/
3Q;3Q Q-lite RC0743H;/catalog/3q_q_lite_rc0743h/;https://mobi711.ru/catalog/zashchitnye_plenki_i_stekla_3462/
KREZ;KREZ TM1001S8 3G;/catalog/krez_tm1001s8_3g/;https://mobi711.ru/catalog/zashchitnye_plenki_i_stekla_4833/
Pixus;Pixus blaze 10.1 3G;/catalog/pixus_blaze_10_1_3g/;https://mobi711.ru/catalog/zashchitnye_plenki_i_stekla_5357/
Ainol (Ainovo);Ainol Novo7 Tornados;/catalog/ainol_novo7_tornados/;https://mobi711.ru/catalog/zashchitnye_plenki_i_stekla_3590/
effire;effire CityNight D10 3G;/catalog/effire_citynight_d10_3g/;https://mobi711.ru/catalog/zashchitnye_plenki_i_stekla_3947/
Prestigio;Prestigio Grace 5588 4G;/catalog/prestigio_grace_5588_4g/;https://mobi711.ru/catalog/zashchitnye_plenki_i_stekla_5427/
Irbis;Irbis TX22;/catalog/irbis_tx22/;https://mobi711.ru/catalog/zashchitnye_plenki_i_stekla_4539/
Teclast;Teclast X16HD;/catalog/teclast_x16hd/;https://mobi711.ru/catalog/zashchitnye_plenki_i_stekla_6076/
Archos;Archos Arnova 97 G4;/catalog/archos_arnova_97_g4/;https://mobi711.ru/catalog/zashchitnye_plenki_i_stekla_2818/
3Q;3Q Q-note TS0807B;/catalog/3q_q_note_ts0807b/;https://mobi711.ru/catalog/zashchitnye_plenki_i_stekla_3463/
DEXP;DEXP Ursus S280 3G;/catalog/dexp_ursus_s280_3g/;https://mobi711.ru/catalog/zashchitnye_plenki_i_stekla_3265/
Pixus;Pixus hiMAX 3G;/catalog/pixus_himax_3g/;https://mobi711.ru/catalog/zashchitnye_plenki_i_stekla_5358/
KREZ;KREZ TM1002S8 3G;/catalog/krez_tm1002s8_3g/;https://mobi711.ru/catalog/zashchitnye_plenki_i_stekla_4834/
Ainol (Ainovo);Ainol Novo7 Venus;/catalog/ainol_novo7_venus/;https://mobi711.ru/catalog/zashchitnye_plenki_i_stekla_3591/
effire;effire CityNight D7 3G;/catalog/effire_citynight_d7_3g/;https://mobi711.ru/catalog/zashchitnye_plenki_i_stekla_3948/
Prestigio;Prestigio Grace 57185778 4G;/catalog/prestigio_grace_57185778_4g/;https://mobi711.ru/catalog/zashchitnye_plenki_i_stekla_5428/
Irbis;Irbis TX24;/catalog/irbis_tx24/;https://mobi711.ru/catalog/zashchitnye_plenki_i_stekla_4540/
Archos;Archos Arnova FamilyPad;/catalog/archos_arnova_familypad/;https://mobi711.ru/catalog/zashchitnye_plenki_i_stekla_2819/
Teclast;Teclast X2 Pro;/catalog/teclast_x2_pro/;https://mobi711.ru/catalog/zashchitnye_plenki_i_stekla_6077/
3Q;3Q q-pad BC9710A;/catalog/3q_q_pad_bc9710a/;https://mobi711.ru/catalog/zashchitnye_plenki_i_stekla_3464/
DEXP;DEXP Ursus S290 3G;/catalog/dexp_ursus_s290_3g/;https://mobi711.ru/catalog/zashchitnye_plenki_i_stekla_3266/
Pixus;Pixus hiPower;/catalog/pixus_hipower/;https://mobi711.ru/catalog/zashchitnye_plenki_i_stekla_5359/
KREZ;KREZ TM1003B32 3G;/catalog/krez_tm1003b32_3g/;https://mobi711.ru/catalog/zashchitnye_plenki_i_stekla_4835/
Ainol (Ainovo);Ainol Novo8 Discover;/catalog/ainol_novo8_discover/;https://mobi711.ru/catalog/zashchitnye_plenki_i_stekla_3592/
effire;effire CityNight D8;/catalog/effire_citynight_d8/;https://mobi711.ru/catalog/zashchitnye_plenki_i_stekla_3949/
Prestigio;Prestigio Grace 5771 4G;/catalog/prestigio_grace_5771_4g/;https://mobi711.ru/catalog/zashchitnye_plenki_i_stekla_5429/
Irbis;Irbis TX25;/catalog/irbis_tx25/;https://mobi711.ru/catalog/zashchitnye_plenki_i_stekla_4541/
Archos;Archos ChildPad;/catalog/archos_childpad/;https://mobi711.ru/catalog/zashchitnye_plenki_i_stekla_2820/
DEXP;Dexp Ursus S370 3G;/catalog/dexp_ursus_s370_3g/;https://mobi711.ru/catalog/zashchitnye_plenki_i_stekla_3267/
Teclast;Teclast X3 Plus;/catalog/teclast_x3_plus/;https://mobi711.ru/catalog/zashchitnye_plenki_i_stekla_6078/
3Q;3Q Q-pad BC9710AM;/catalog/3q_q_pad_bc9710am/;https://mobi711.ru/catalog/zashchitnye_plenki_i_stekla_3465/
KREZ;KREZ TM1004B16 3G;/catalog/krez_tm1004b16_3g/;https://mobi711.ru/catalog/zashchitnye_plenki_i_stekla_4836/
Pixus;Pixus Joker;/catalog/pixus_joker/;https://mobi711.ru/catalog/zashchitnye_plenki_i_stekla_5360/
Ainol (Ainovo);Ainol Novo8 Dream;/catalog/ainol_novo8_dream/;https://mobi711.ru/catalog/zashchitnye_plenki_i_stekla_3593/
effire;effire CityNight D8;/catalog/effire_citynight_d8/;https://mobi711.ru/catalog/zashchitnye_plenki_i_stekla_3949/
Prestigio;Prestigio Grace 5791 4G;/catalog/prestigio_grace_5791_4g/;https://mobi711.ru/catalog/zashchitnye_plenki_i_stekla_5430/
Irbis;Irbis TX26;/catalog/irbis_tx26/;https://mobi711.ru/catalog/zashchitnye_plenki_i_stekla_4542/
Archos;Archos Core 101 3G;/catalog/archos_core_101_3g/;https://mobi711.ru/catalog/zashchitnye_plenki_i_stekla_2821/
3Q;3Q Q-pad IC0707A;/catalog/3q_q_pad_ic0707a/;https://mobi711.ru/catalog/zashchitnye_plenki_i_stekla_3466/
DEXP;DEXP Ursus S380 3G;/catalog/dexp_ursus_s380_3g/;https://mobi711.ru/catalog/zashchitnye_plenki_i_stekla_3268/
Teclast;Teclast X3 Pro;/catalog/teclast_x3_pro/;https://mobi711.ru/catalog/zashchitnye_plenki_i_stekla_6079/
Ainol (Ainovo);Ainol Novo8 Talos;/catalog/ainol_novo8_talos/;https://mobi711.ru/catalog/zashchitnye_plenki_i_stekla_3594/
Pixus;Pixus play three 7 v3.1 3G;/catalog/pixus_play_three_7_v3_1_3g/;https://mobi711.ru/catalog/zashchitnye_plenki_i_stekla_5361/
KREZ;KREZ TM1004B32 3G;/catalog/krez_tm1004b32_3g/;https://mobi711.ru/catalog/zashchitnye_plenki_i_stekla_4837/
Ejuk;Ejuk Nova 7;/catalog/ejuk_nova_7/;https://mobi711.ru/catalog/zashchitnye_plenki_i_stekla_3950/
Prestigio;Prestigio Grace 7781 4G;/catalog/prestigio_grace_7781_4g/;https://mobi711.ru/catalog/zashchitnye_plenki_i_stekla_5431/
Irbis;Irbis TX27;/catalog/irbis_tx27/;https://mobi711.ru/catalog/zashchitnye_plenki_i_stekla_4543/
Archos;Archos Core 101 3G Ultra;/catalog/archos_core_101_3g_ultra/;https://mobi711.ru/catalog/zashchitnye_plenki_i_stekla_2822/
3Q;3Q q-pad LC0705A;/catalog/3q_q_pad_lc0705a/;https://mobi711.ru/catalog/zashchitnye_plenki_i_stekla_3467/
DEXP;DEXP Ursus S470 MIX 3G;/catalog/dexp_ursus_s470_mix_3g/;https://mobi711.ru/catalog/zashchitnye_plenki_i_stekla_3269/
Teclast;Teclast X4;/catalog/teclast_x4/;https://mobi711.ru/catalog/zashchitnye_plenki_i_stekla_6080/
Pixus;Pixus Ride 3G;/catalog/pixus_ride_3g/;https://mobi711.ru/catalog/zashchitnye_plenki_i_stekla_5362/
Ejuk;Ejuk Nova 9.7;/catalog/ejuk_nova_9_7/;https://mobi711.ru/catalog/zashchitnye_plenki_i_stekla_3951/
Ainol (Ainovo);Ainol Novo9 Spark;/catalog/ainol_novo9_spark/;https://mobi711.ru/catalog/zashchitnye_plenki_i_stekla_3595/
Prestigio;Prestigio Grace 7788 4G;/catalog/prestigio_grace_7788_4g/;https://mobi711.ru/catalog/zashchitnye_plenki_i_stekla_5432/
KREZ;KREZ TM1004B32 3G GPS;/catalog/krez_tm1004b32_3g_gps/;https://mobi711.ru/catalog/zashchitnye_plenki_i_stekla_4838/
Irbis;Irbis TX28;/catalog/irbis_tx28/;https://mobi711.ru/catalog/zashchitnye_plenki_i_stekla_4544/
Archos;Archos Core 101 3G V2;/catalog/archos_core_101_3g_v2/;https://mobi711.ru/catalog/zashchitnye_plenki_i_stekla_2823/
3Q;3Q q-pad LC0706B;/catalog/3q_q_pad_lc0706b/;https://mobi711.ru/catalog/zashchitnye_plenki_i_stekla_3468/
DEXP;DEXP Ursus S570 MIX 3G;/catalog/dexp_ursus_s570_mix_3g/;https://mobi711.ru/catalog/zashchitnye_plenki_i_stekla_3270/
Teclast;Teclast X5 Pro;/catalog/teclast_x5_pro/;https://mobi711.ru/catalog/zashchitnye_plenki_i_stekla_6081/
Eken;Eken A90;/catalog/eken_a90/;https://mobi711.ru/catalog/zashchitnye_plenki_i_stekla_3952/
Pixus;Pixus Ride 4G;/catalog/pixus_ride_4g/;https://mobi711.ru/catalog/zashchitnye_plenki_i_stekla_5363/
Ainol (Ainovo);Ainol Novo9 Spark;/catalog/ainol_novo9_spark/;https://mobi711.ru/catalog/zashchitnye_plenki_i_stekla_3595/
Prestigio;Prestigio MultiPad 10.1 Ultimate (7100D);/catalog/prestigio_multipad_10_1_ultimate_7100d/;https://mobi711.ru/catalog/zashchitnye_plenki_i_stekla_5433/
KREZ;KREZ TM1005 Slim;/catalog/krez_tm1005_slim/;https://mobi711.ru/catalog/zashchitnye_plenki_i_stekla_4839/
Archos;Archos Core 101 4G;/catalog/archos_core_101_4g/;https://mobi711.ru/catalog/zashchitnye_plenki_i_stekla_2824/
Irbis;Irbis TX29;/catalog/irbis_tx29/;https://mobi711.ru/catalog/zashchitnye_plenki_i_stekla_4545/
3Q;3Q Q-pad LC0720C;/catalog/3q_q_pad_lc0720c/;https://mobi711.ru/catalog/zashchitnye_plenki_i_stekla_3469/
DEXP;DEXP Ursus S670 MIX 3G;/catalog/dexp_ursus_s670_mix_3g/;https://mobi711.ru/catalog/zashchitnye_plenki_i_stekla_3271/
Teclast;Teclast X6 pro;/catalog/teclast_x6_pro/;https://mobi711.ru/catalog/zashchitnye_plenki_i_stekla_6082/
Pixus;Pixus Sprint;/catalog/pixus_sprint/;https://mobi711.ru/catalog/zashchitnye_plenki_i_stekla_5364/
Ergo;Ergo Tab Mars;/catalog/ergo_tab_mars/;https://mobi711.ru/catalog/zashchitnye_plenki_i_stekla_3953/
Dell;Dell Latitude 10;/catalog/dell_latitude_10/;https://mobi711.ru/catalog/zashchitnye_plenki_i_stekla_3715/
Prestigio;Prestigio MultiPad 10.1 Ultimate 3G (7100D3G);/catalog/prestigio_multipad_10_1_ultimate_3g_7100d3g/;https://mobi711.ru/catalog/zashchitnye_plenki_i_stekla_5434/
KREZ;KREZ TM1033B Pro;/catalog/krez_tm1033b_pro/;https://mobi711.ru/catalog/zashchitnye_plenki_i_stekla_4840/
Archos;Archos Core 70 3G;/catalog/archos_core_70_3g/;https://mobi711.ru/catalog/zashchitnye_plenki_i_stekla_2825/
Irbis;Irbis TX32;/catalog/irbis_tx32/;https://mobi711.ru/catalog/zashchitnye_plenki_i_stekla_4546/
3Q;3Q Q-pad LC0723B;/catalog/3q_q_pad_lc0723b/;https://mobi711.ru/catalog/zashchitnye_plenki_i_stekla_3470/
DEXP;DEXP Ursus S770 Kid's;/catalog/dexp_ursus_s770_kid_s/;https://mobi711.ru/catalog/zashchitnye_plenki_i_stekla_3272/
Teclast;Teclast X70 R 3G;/catalog/teclast_x70_r_3g/;https://mobi711.ru/catalog/zashchitnye_plenki_i_stekla_6083/
Etuline;Etuline City T752G;/catalog/etuline_city_t752g/;https://mobi711.ru/catalog/zashchitnye_plenki_i_stekla_3954/
Pixus;Pixus touch 10.1 3G;/catalog/pixus_touch_10_1_3g/;https://mobi711.ru/catalog/zashchitnye_plenki_i_stekla_5365/
Prestigio;Prestigio MultiPad 2 Prime Duo 8.0 (5780D);/catalog/prestigio_multipad_2_prime_duo_8_0_5780d/;https://mobi711.ru/catalog/zashchitnye_plenki_i_stekla_5435/
Dell;Dell Latitude 10 Essentials;/catalog/dell_latitude_10_essentials/;https://mobi711.ru/catalog/zashchitnye_plenki_i_stekla_3716/
KREZ;KREZ TM1040;/catalog/krez_tm1040/;https://mobi711.ru/catalog/zashchitnye_plenki_i_stekla_4841/
Archos;Archos Core 70 3G V2;/catalog/archos_core_70_3g_v2/;https://mobi711.ru/catalog/zashchitnye_plenki_i_stekla_2826/
Irbis;Irbis TX33;/catalog/irbis_tx33/;https://mobi711.ru/catalog/zashchitnye_plenki_i_stekla_4547/
3Q;3Q Q-pad LC0725B;/catalog/3q_q_pad_lc0725b/;https://mobi711.ru/catalog/zashchitnye_plenki_i_stekla_3471/
DEXP;DEXP Ursus TS110 4G;/catalog/dexp_ursus_ts110_4g/;https://mobi711.ru/catalog/zashchitnye_plenki_i_stekla_3273/
Etuline;Etuline Perfecta T882G;/catalog/etuline_perfecta_t882g/;https://mobi711.ru/catalog/zashchitnye_plenki_i_stekla_3955/
Teclast;Teclast X80 Plus;/catalog/teclast_x80_plus/;https://mobi711.ru/catalog/zashchitnye_plenki_i_stekla_6084/
Pixus;Pixus touch 10.1 3G v2.0;/catalog/pixus_touch_10_1_3g_v2_0/;https://mobi711.ru/catalog/zashchitnye_plenki_i_stekla_5366/
Prestigio;Prestigio MultiPad 2 Pro Duo 7.0 (5670C);/catalog/prestigio_multipad_2_pro_duo_7_0_5670c/;https://mobi711.ru/catalog/zashchitnye_plenki_i_stekla_5436/
KREZ;KREZ TM1041;/catalog/krez_tm1041/;https://mobi711.ru/catalog/zashchitnye_plenki_i_stekla_4842/
Dell;Dell Latitude 11 5000;/catalog/dell_latitude_11_5000/;https://mobi711.ru/catalog/zashchitnye_plenki_i_stekla_3717/
Archos;Archos Core 80 WiFi;/catalog/archos_core_80_wifi/;https://mobi711.ru/catalog/zashchitnye_plenki_i_stekla_2827/
Irbis;Irbis TX34;/catalog/irbis_tx34/;https://mobi711.ru/catalog/zashchitnye_plenki_i_stekla_4548/
3Q;3Q Q-pad LC0804B;/catalog/3q_q_pad_lc0804b/;https://mobi711.ru/catalog/zashchitnye_plenki_i_stekla_3472/
DEXP;DEXP Ursus TS170 4G;/catalog/dexp_ursus_ts170_4g/;https://mobi711.ru/catalog/zashchitnye_plenki_i_stekla_3274/
Etuline;Etuline T711;/catalog/etuline_t711/;https://mobi711.ru/catalog/zashchitnye_plenki_i_stekla_3956/
Pixus;Pixus touch 7 3G (HD);/catalog/pixus_touch_7_3g_hd/;https://mobi711.ru/catalog/zashchitnye_plenki_i_stekla_5367/
Prestigio;Prestigio MultiPad 2 Pro Duo 8.0 3G (7380D3G);/catalog/prestigio_multipad_2_pro_duo_8_0_3g_7380d3g/;https://mobi711.ru/catalog/zashchitnye_plenki_i_stekla_5437/
Teclast;Teclast X80 Power;/catalog/teclast_x80_power/;https://mobi711.ru/catalog/zashchitnye_plenki_i_stekla_6085/
KREZ;KREZ TM1101S32 3G;/catalog/krez_tm1101s32_3g/;https://mobi711.ru/catalog/zashchitnye_plenki_i_stekla_4843/
Dell;Dell Latitude 12 7000;/catalog/dell_latitude_12_7000/;https://mobi711.ru/catalog/zashchitnye_plenki_i_stekla_3718/
Irbis;Irbis TX35;/catalog/irbis_tx35/;https://mobi711.ru/catalog/zashchitnye_plenki_i_stekla_4549/
Archos;Archos Diamond Tab (2017);/catalog/archos_diamond_tab_2017/;https://mobi711.ru/catalog/zashchitnye_plenki_i_stekla_2828/
3Q;3Q q-pad LC0809B;/catalog/3q_q_pad_lc0809b/;https://mobi711.ru/catalog/zashchitnye_plenki_i_stekla_3473/
DEXP;DEXP Ursus TS180 4G;/catalog/dexp_ursus_ts180_4g/;https://mobi711.ru/catalog/zashchitnye_plenki_i_stekla_3275/
Etuline;Etuline T720G;/catalog/etuline_t720g/;https://mobi711.ru/catalog/zashchitnye_plenki_i_stekla_3957/
Pixus;Pixus touch 8 3G;/catalog/pixus_touch_8_3g/;https://mobi711.ru/catalog/zashchitnye_plenki_i_stekla_5368/
Prestigio;Prestigio MultiPad 2 Ultra Duo 8.0 (7280C);/catalog/prestigio_multipad_2_ultra_duo_8_0_7280c/;https://mobi711.ru/catalog/zashchitnye_plenki_i_stekla_5438/
Teclast;Teclast X80 Pro;/catalog/teclast_x80_pro/;https://mobi711.ru/catalog/zashchitnye_plenki_i_stekla_6086/
KREZ;KREZ TM1102B32 Ninja;/catalog/krez_tm1102b32_ninja/;https://mobi711.ru/catalog/zashchitnye_plenki_i_stekla_4844/
Irbis;Irbis TX37;/catalog/irbis_tx37/;https://mobi711.ru/catalog/zashchitnye_plenki_i_stekla_4550/
Dell;Dell Latitude 12 Rugged Tablet;/catalog/dell_latitude_12_rugged_tablet/;https://mobi711.ru/catalog/zashchitnye_plenki_i_stekla_3719/
Archos;Archos Diamond Tab 4G;/catalog/archos_diamond_tab_4g/;https://mobi711.ru/catalog/zashchitnye_plenki_i_stekla_2829/
3Q;3Q Q-pad LC0810C;/catalog/3q_q_pad_lc0810c/;https://mobi711.ru/catalog/zashchitnye_plenki_i_stekla_3474/
DEXP;DEXP Ursus TS197 Navis 3G;/catalog/dexp_ursus_ts197_navis_3g/;https://mobi711.ru/catalog/zashchitnye_plenki_i_stekla_3276/
Etuline;Etuline T723G;/catalog/etuline_t723g/;https://mobi711.ru/catalog/zashchitnye_plenki_i_stekla_3958/
Pixus;Pixus Vision;/catalog/pixus_vision/;https://mobi711.ru/catalog/zashchitnye_plenki_i_stekla_5369/
Prestigio;Prestigio MultiPad 2 Ultra Duo 8.0 3G (7280C3G);/catalog/prestigio_multipad_2_ultra_duo_8_0_3g_7280c3g/;https://mobi711.ru/catalog/zashchitnye_plenki_i_stekla_5439/
Teclast;Teclast X80HD;/catalog/teclast_x80hd/;https://mobi711.ru/catalog/zashchitnye_plenki_i_stekla_6087/
3Q;3Q Q-pad LC0816C;/catalog/3q_q_pad_lc0816c/;https://mobi711.ru/catalog/zashchitnye_plenki_i_stekla_3475/
Irbis;Irbis TX41;/catalog/irbis_tx41/;https://mobi711.ru/catalog/zashchitnye_plenki_i_stekla_4551/
KREZ;KREZ TM701S4 3G;/catalog/krez_tm701s4_3g/;https://mobi711.ru/catalog/zashchitnye_plenki_i_stekla_4845/
Dell;Dell Streak 7 Wi-Fi;/catalog/dell_streak_7_wi_fi/;https://mobi711.ru/catalog/zashchitnye_plenki_i_stekla_3720/
Archos;Archos FamilyPad 2;/catalog/archos_familypad_2/;https://mobi711.ru/catalog/zashchitnye_plenki_i_stekla_2830/
Pixus;Pixus Vision;/catalog/pixus_vision/;https://mobi711.ru/catalog/zashchitnye_plenki_i_stekla_5369/
Etuline;Etuline T740G;/catalog/etuline_t740g/;https://mobi711.ru/catalog/zashchitnye_plenki_i_stekla_3959/
DEXP;DEXP Ursus TS210 3G;/catalog/dexp_ursus_ts210_3g/;https://mobi711.ru/catalog/zashchitnye_plenki_i_stekla_3277/
Prestigio;Prestigio MultiPad 3770 (3770B);/catalog/prestigio_multipad_3770_3770b/;https://mobi711.ru/catalog/zashchitnye_plenki_i_stekla_5440/
Teclast;Teclast X89 Kindow;/catalog/teclast_x89_kindow/;https://mobi711.ru/catalog/zashchitnye_plenki_i_stekla_6088/
3Q;3Q Q-pad LC0901D;/catalog/3q_q_pad_lc0901d/;https://mobi711.ru/catalog/zashchitnye_plenki_i_stekla_3476/
Irbis;Irbis TX42;/catalog/irbis_tx42/;https://mobi711.ru/catalog/zashchitnye_plenki_i_stekla_4552/
KREZ;KREZ TM702B4 3G;/catalog/krez_tm702b4_3g/;https://mobi711.ru/catalog/zashchitnye_plenki_i_stekla_4846/
Dell;Dell Streak 7 Wi-Fi + 3G;/catalog/dell_streak_7_wi_fi_3g/;https://mobi711.ru/catalog/zashchitnye_plenki_i_stekla_3721/
Archos;Archos GamePad;/catalog/archos_gamepad/;https://mobi711.ru/catalog/zashchitnye_plenki_i_stekla_2831/
Teclast;Teclast X98 Air 3G;/catalog/teclast_x98_air_3g/;https://mobi711.ru/catalog/zashchitnye_plenki_i_stekla_6089/
PlayPad;PlayPad 2;/catalog/playpad_2/;https://mobi711.ru/catalog/zashchitnye_plenki_i_stekla_5370/
Prestigio;Prestigio MultiPad 4 Diamond 10.1 3G (7177, 7110);/catalog/prestigio_multipad_4_diamond_10_1_3g_7177_7110/;https://mobi711.ru/catalog/zashchitnye_plenki_i_stekla_5441/
Etuline;Etuline T750;/catalog/etuline_t750/;https://mobi711.ru/catalog/zashchitnye_plenki_i_stekla_3960/
3Q;3Q Q-pad LC1016C;/catalog/3q_q_pad_lc1016c/;https://mobi711.ru/catalog/zashchitnye_plenki_i_stekla_3477/
DEXP;DEXP Ursus TS270 Star 4G;/catalog/dexp_ursus_ts270_star_4g/;https://mobi711.ru/catalog/zashchitnye_plenki_i_stekla_3278/
Irbis;Irbis TX44;/catalog/irbis_tx44/;https://mobi711.ru/catalog/zashchitnye_plenki_i_stekla_4553/
KREZ;KREZ TM802B16 3G;/catalog/krez_tm802b16_3g/;https://mobi711.ru/catalog/zashchitnye_plenki_i_stekla_4847/
Archos;Archos GamePad 2;/catalog/archos_gamepad_2/;https://mobi711.ru/catalog/zashchitnye_plenki_i_stekla_2832/
Dell;Dell Venue 10 7000;/catalog/dell_venue_10_7000/;https://mobi711.ru/catalog/zashchitnye_plenki_i_stekla_3722/
Teclast;Teclast X98 Air III;/catalog/teclast_x98_air_iii/;https://mobi711.ru/catalog/zashchitnye_plenki_i_stekla_6090/
PlayPad;PlayPad 3 2014;/catalog/playpad_3_2014/;https://mobi711.ru/catalog/zashchitnye_plenki_i_stekla_5371/
Etuline;Etuline T850;/catalog/etuline_t850/;https://mobi711.ru/catalog/zashchitnye_plenki_i_stekla_3961/
Prestigio;Prestigio MultiPad 4 Diamond 7.0 3G;/catalog/prestigio_multipad_4_diamond_7_0_3g/;https://mobi711.ru/catalog/zashchitnye_plenki_i_stekla_5442/
3Q;3Q Q-pad LC9721C;/catalog/3q_q_pad_lc9721c/;https://mobi711.ru/catalog/zashchitnye_plenki_i_stekla_3478/
DEXP;DEXP Ursus TS310 3G;/catalog/dexp_ursus_ts310_3g/;https://mobi711.ru/catalog/zashchitnye_plenki_i_stekla_3279/
Dell;Dell Venue 10 Pro 5000 (5055);/catalog/dell_venue_10_pro_5000_5055/;https://mobi711.ru/catalog/zashchitnye_plenki_i_stekla_3723/
Irbis;Irbis TX45;/catalog/irbis_tx45/;https://mobi711.ru/catalog/zashchitnye_plenki_i_stekla_4554/
Teclast;Teclast X98 Plus;/catalog/teclast_x98_plus/;https://mobi711.ru/catalog/zashchitnye_plenki_i_stekla_6091/
KREZ;KREZ TM802B16 3G;/catalog/krez_tm802b16_3g/;https://mobi711.ru/catalog/zashchitnye_plenki_i_stekla_4847/
Archos;Archos Hello 10;/catalog/archos_hello_10/;https://mobi711.ru/catalog/zashchitnye_plenki_i_stekla_2833/
PlayPad;PlayPad 3 New;/catalog/playpad_3_new/;https://mobi711.ru/catalog/zashchitnye_plenki_i_stekla_5372/
Etuline;Etuline T880G;/catalog/etuline_t880g/;https://mobi711.ru/catalog/zashchitnye_plenki_i_stekla_3962/
3Q;3Q Q-pad MT0724B;/catalog/3q_q_pad_mt0724b/;https://mobi711.ru/catalog/zashchitnye_plenki_i_stekla_3479/
Prestigio;Prestigio MultiPad 4 Diamond 7.85 (7079D);/catalog/prestigio_multipad_4_diamond_7_85_7079d/;https://mobi711.ru/catalog/zashchitnye_plenki_i_stekla_5443/
DEXP;DEXP Ursus TS370 4G;/catalog/dexp_ursus_ts370_4g/;https://mobi711.ru/catalog/zashchitnye_plenki_i_stekla_3280/
Dell;Dell Venue 10 Pro 5000 (5056);/catalog/dell_venue_10_pro_5000_5056/;https://mobi711.ru/catalog/zashchitnye_plenki_i_stekla_3724/
Irbis;Irbis TX46;/catalog/irbis_tx46/;https://mobi711.ru/catalog/zashchitnye_plenki_i_stekla_4555/
Archos;Archos Hello 5;/catalog/archos_hello_5/;https://mobi711.ru/catalog/zashchitnye_plenki_i_stekla_2834/
Teclast;Teclast X98 Plus II;/catalog/teclast_x98_plus_ii/;https://mobi711.ru/catalog/zashchitnye_plenki_i_stekla_6092/
KS-is;KS-is Domox KS-157;/catalog/ks_is_domox_ks_157/;https://mobi711.ru/catalog/zashchitnye_plenki_i_stekla_4848/
Pocket Rocket;Pocket Rocket AG-100;/catalog/pocket_rocket_ag_100/;https://mobi711.ru/catalog/zashchitnye_plenki_i_stekla_5373/
Etuline;Etuline T970;/catalog/etuline_t970/;https://mobi711.ru/catalog/zashchitnye_plenki_i_stekla_3963/
Prestigio;Prestigio MultiPad 4 Diamond 7.85 3G (7079,7077);/catalog/prestigio_multipad_4_diamond_7_85_3g_7079_7077/;https://mobi711.ru/catalog/zashchitnye_plenki_i_stekla_5444/
3Q;3Q Q-pad MT0729B;/catalog/3q_q_pad_mt0729b/;https://mobi711.ru/catalog/zashchitnye_plenki_i_stekla_3480/
DEXP;DEXP Ursus VA110 3G;/catalog/dexp_ursus_va110_3g/;https://mobi711.ru/catalog/zashchitnye_plenki_i_stekla_3281/
Dell;Dell Venue 11 Pro;/catalog/dell_venue_11_pro/;https://mobi711.ru/catalog/zashchitnye_plenki_i_stekla_3725/
Irbis;Irbis TX47;/catalog/irbis_tx47/;https://mobi711.ru/catalog/zashchitnye_plenki_i_stekla_4556/
Archos;Archos Hello 7;/catalog/archos_hello_7/;https://mobi711.ru/catalog/zashchitnye_plenki_i_stekla_2835/
Teclast;Teclast X98 Pro;/catalog/teclast_x98_pro/;https://mobi711.ru/catalog/zashchitnye_plenki_i_stekla_6093/
KS-is;KS-is JamX KS-171;/catalog/ks_is_jamx_ks_171/;https://mobi711.ru/catalog/zashchitnye_plenki_i_stekla_4849/
Pocket Rocket;Pocket Rocket AG-30;/catalog/pocket_rocket_ag_30/;https://mobi711.ru/catalog/zashchitnye_plenki_i_stekla_5374/
Prestigio;Prestigio MultiPad 4 Pro Quad 8.0 3G;/catalog/prestigio_multipad_4_pro_quad_8_0_3g/;https://mobi711.ru/catalog/zashchitnye_plenki_i_stekla_5445/
3Q;3Q Q-pad MT0729D;/catalog/3q_q_pad_mt0729d/;https://mobi711.ru/catalog/zashchitnye_plenki_i_stekla_3481/
DEXP;DEXP Ursus VA170;/catalog/dexp_ursus_va170/;https://mobi711.ru/catalog/zashchitnye_plenki_i_stekla_3282/
Etuline;Etuline T980;/catalog/etuline_t980/;https://mobi711.ru/catalog/zashchitnye_plenki_i_stekla_3964/
Dell;Dell Venue 11 Pro 7000;/catalog/dell_venue_11_pro_7000/;https://mobi711.ru/catalog/zashchitnye_plenki_i_stekla_3726/
Irbis;Irbis TX50;/catalog/irbis_tx50/;https://mobi711.ru/catalog/zashchitnye_plenki_i_stekla_4557/
Teclast;Teclast X98 Pro;/catalog/teclast_x98_pro/;https://mobi711.ru/catalog/zashchitnye_plenki_i_stekla_6093/
Archos;Archos Junior Tab;/catalog/archos_junior_tab/;https://mobi711.ru/catalog/zashchitnye_plenki_i_stekla_2836/
KS-is;KS-is Manshet KS-122;/catalog/ks_is_manshet_ks_122/;https://mobi711.ru/catalog/zashchitnye_plenki_i_stekla_4850/
Pocket Rocket;Pocket Rocket AG-300;/catalog/pocket_rocket_ag_300/;https://mobi711.ru/catalog/zashchitnye_plenki_i_stekla_5375/
Prestigio;Prestigio MultiPad 4 Quantum 10.1;/catalog/prestigio_multipad_4_quantum_10_1/;https://mobi711.ru/catalog/zashchitnye_plenki_i_stekla_5446/
DEXP;DEXP Ursus VA210 3G;/catalog/dexp_ursus_va210_3g/;https://mobi711.ru/catalog/zashchitnye_plenki_i_stekla_3283/
3Q;3Q Q-pad MT0736C;/catalog/3q_q_pad_mt0736c/;https://mobi711.ru/catalog/zashchitnye_plenki_i_stekla_3482/
Etuline;Etuline Tegra Note 7;/catalog/etuline_tegra_note_7/;https://mobi711.ru/catalog/zashchitnye_plenki_i_stekla_3965/
Dell;Dell Venue 7;/catalog/dell_venue_7_1/;https://mobi711.ru/catalog/zashchitnye_plenki_i_stekla_3727/
Irbis;Irbis TX51;/catalog/irbis_tx51/;https://mobi711.ru/catalog/zashchitnye_plenki_i_stekla_4558/
Telefunken;Telefunken TF-MID1001G;/catalog/telefunken_tf_mid1001g/;https://mobi711.ru/catalog/zashchitnye_plenki_i_stekla_6094/
Archos;Archos Oxygen 101 4G;/catalog/archos_oxygen_101_4g/;https://mobi711.ru/catalog/zashchitnye_plenki_i_stekla_2837/
Pocket Rocket;Pocket Rocket AG-500;/catalog/pocket_rocket_ag_500/;https://mobi711.ru/catalog/zashchitnye_plenki_i_stekla_5376/
KS-is;KS-is Voox KS-163;/catalog/ks_is_voox_ks_163/;https://mobi711.ru/catalog/zashchitnye_plenki_i_stekla_4851/
Prestigio;Prestigio MultiPad 4 Quantum 7.85 (5785C);/catalog/prestigio_multipad_4_quantum_7_85_5785c/;https://mobi711.ru/catalog/zashchitnye_plenki_i_stekla_5447/
DEXP;DEXP Ursus Z110 Apollo;/catalog/dexp_ursus_z110_apollo/;https://mobi711.ru/catalog/zashchitnye_plenki_i_stekla_3284/
3Q;3Q Q-pad MT0739D;/catalog/3q_q_pad_mt0739d/;https://mobi711.ru/catalog/zashchitnye_plenki_i_stekla_3483/
Etuline;Etuline Tegra Note 7;/catalog/etuline_tegra_note_7/;https://mobi711.ru/catalog/zashchitnye_plenki_i_stekla_3965/
Dell;Dell Venue 7 3000 (3740);/catalog/dell_venue_7_3000_3740/;https://mobi711.ru/catalog/zashchitnye_plenki_i_stekla_3728/
Irbis;Irbis TX52;/catalog/irbis_tx52/;https://mobi711.ru/catalog/zashchitnye_plenki_i_stekla_4559/
PocketBook;PocketBook A10;/catalog/pocketbook_a10/;https://mobi711.ru/catalog/zashchitnye_plenki_i_stekla_5377/
Telefunken;Telefunken TF-MID1002G;/catalog/telefunken_tf_mid1002g/;https://mobi711.ru/catalog/zashchitnye_plenki_i_stekla_6095/
Archos;Archos Oxygen 101 S;/catalog/archos_oxygen_101_s/;https://mobi711.ru/catalog/zashchitnye_plenki_i_stekla_2838/
3Q;3Q Q-pad MT0811B;/catalog/3q_q_pad_mt0811b/;https://mobi711.ru/catalog/zashchitnye_plenki_i_stekla_3484/
DEXP;DEXP Ursus Z110i Apollo;/catalog/dexp_ursus_z110i_apollo/;https://mobi711.ru/catalog/zashchitnye_plenki_i_stekla_3285/
KS-is;KS-is Wooji KS-123;/catalog/ks_is_wooji_ks_123/;https://mobi711.ru/catalog/zashchitnye_plenki_i_stekla_4852/
Prestigio;Prestigio MultiPad 4 Quantum 7.85 3G;/catalog/prestigio_multipad_4_quantum_7_85_3g/;https://mobi711.ru/catalog/zashchitnye_plenki_i_stekla_5448/
4Good;4Good Light AT200;/catalog/4good_light_at200/;https://mobi711.ru/catalog/zashchitnye_plenki_i_stekla_2483/
Dell;Dell Venue 8;/catalog/dell_venue_8_1/;https://mobi711.ru/catalog/zashchitnye_plenki_i_stekla_3729/
Irbis;Irbis TX54;/catalog/irbis_tx54/;https://mobi711.ru/catalog/zashchitnye_plenki_i_stekla_4560/
PocketBook;PocketBook A10 3G;/catalog/pocketbook_a10_3g/;https://mobi711.ru/catalog/zashchitnye_plenki_i_stekla_5378/
Archos;Archos Play Tab;/catalog/archos_play_tab/;https://mobi711.ru/catalog/zashchitnye_plenki_i_stekla_2839/
Telefunken;Telefunken TF-MID1005G;/catalog/telefunken_tf_mid1005g/;https://mobi711.ru/catalog/zashchitnye_plenki_i_stekla_6096/
3Q;3Q Q-pad QS0708B;/catalog/3q_q_pad_qs0708b/;https://mobi711.ru/catalog/zashchitnye_plenki_i_stekla_3485/
Kurio;Kurio 7S;/catalog/kurio_7s/;https://mobi711.ru/catalog/zashchitnye_plenki_i_stekla_4853/
DEXP;DEXP Ursus Z111 Skyline;/catalog/dexp_ursus_z111_skyline/;https://mobi711.ru/catalog/zashchitnye_plenki_i_stekla_3286/
Prestigio;Prestigio MultiPad 4 Quantum 8.0 3G (5487);/catalog/prestigio_multipad_4_quantum_8_0_3g_5487/;https://mobi711.ru/catalog/zashchitnye_plenki_i_stekla_5449/
Dell;Dell Venue 8 7000 (7840);/catalog/dell_venue_8_7000_7840/;https://mobi711.ru/catalog/zashchitnye_plenki_i_stekla_3730/
4Good;4Good Light AT300;/catalog/4good_light_at300/;https://mobi711.ru/catalog/zashchitnye_plenki_i_stekla_2484/
Irbis;Irbis TX55;/catalog/irbis_tx55/;https://mobi711.ru/catalog/zashchitnye_plenki_i_stekla_4561/
PocketBook;PocketBook A7;/catalog/pocketbook_a7/;https://mobi711.ru/catalog/zashchitnye_plenki_i_stekla_5379/
Archos;Archos Sense 101X;/catalog/archos_sense_101x/;https://mobi711.ru/catalog/zashchitnye_plenki_i_stekla_2840/
Telefunken;Telefunken TF-MID1006;/catalog/telefunken_tf_mid1006/;https://mobi711.ru/catalog/zashchitnye_plenki_i_stekla_6097/
3Q;3Q Q-pad QS0715C;/catalog/3q_q_pad_qs0715c/;https://mobi711.ru/catalog/zashchitnye_plenki_i_stekla_3486/
Land Rover;Land Rover 18T;/catalog/land_rover_18t/;https://mobi711.ru/catalog/zashchitnye_plenki_i_stekla_4854/
Dell;Dell Venue 8 Pro;/catalog/dell_venue_8_pro/;https://mobi711.ru/catalog/zashchitnye_plenki_i_stekla_3731/
Archos;Archos Smart Home;/catalog/archos_smart_home/;https://mobi711.ru/catalog/zashchitnye_plenki_i_stekla_2841/
DEXP;DEXP Ursus Z170 Kid's;/catalog/dexp_ursus_z170_kid_s/;https://mobi711.ru/catalog/zashchitnye_plenki_i_stekla_3287/
Prestigio;Prestigio MultiPad 4 Quantum 9.7 (5297C);/catalog/prestigio_multipad_4_quantum_9_7_5297c/;https://mobi711.ru/catalog/zashchitnye_plenki_i_stekla_5450/
PocketBook;PocketBook A7 3G;/catalog/pocketbook_a7_3g/;https://mobi711.ru/catalog/zashchitnye_plenki_i_stekla_5380/
4Good;4Good People AT100;/catalog/4good_people_at100/;https://mobi711.ru/catalog/zashchitnye_plenki_i_stekla_2485/
Irbis;Irbis TX56;/catalog/irbis_tx56/;https://mobi711.ru/catalog/zashchitnye_plenki_i_stekla_4562/
Telefunken;Telefunken TF-MID1007G;/catalog/telefunken_tf_mid1007g/;https://mobi711.ru/catalog/zashchitnye_plenki_i_stekla_6098/
3Q;3Q q-pad QS0716D;/catalog/3q_q_pad_qs0716d/;https://mobi711.ru/catalog/zashchitnye_plenki_i_stekla_3487/
Land Rover;Land Rover P300;/catalog/land_rover_p300/;https://mobi711.ru/catalog/zashchitnye_plenki_i_stekla_4855/
Dell;Dell Venue 8 Pro 5000 (5855);/catalog/dell_venue_8_pro_5000_5855/;https://mobi711.ru/catalog/zashchitnye_plenki_i_stekla_3732/
DEXP;DEXP Ursus Z180 3G;/catalog/dexp_ursus_z180_3g/;https://mobi711.ru/catalog/zashchitnye_plenki_i_stekla_3288/
Prestigio;Prestigio MultiPad 4 Ultimate 10.1 3G (7100D3G);/catalog/prestigio_multipad_4_ultimate_10_1_3g_7100d3g/;https://mobi711.ru/catalog/zashchitnye_plenki_i_stekla_5451/
Irbis;Irbis TX57;/catalog/irbis_tx57/;https://mobi711.ru/catalog/zashchitnye_plenki_i_stekla_4563/
Telefunken;Telefunken TF-MID1010G;/catalog/telefunken_tf_mid1010g/;https://mobi711.ru/catalog/zashchitnye_plenki_i_stekla_6099/
Archos;Archos T101 4G;/catalog/archos_t101_4g/;https://mobi711.ru/catalog/zashchitnye_plenki_i_stekla_2842/
PocketBook;PocketBook SURFpad 2;/catalog/pocketbook_surfpad_2/;https://mobi711.ru/catalog/zashchitnye_plenki_i_stekla_5381/
4Good;4Good People Gm500 3G;/catalog/4good_people_gm500_3g/;https://mobi711.ru/catalog/zashchitnye_plenki_i_stekla_2486/
3Q;3Q Q-pad QS0717D;/catalog/3q_q_pad_qs0717d/;https://mobi711.ru/catalog/zashchitnye_plenki_i_stekla_3488/
Leagoo;Leagoo Leapad 7;/catalog/leagoo_leapad_7/;https://mobi711.ru/catalog/zashchitnye_plenki_i_stekla_4856/
Dell;Dell XPS 10;/catalog/dell_xps_10/;https://mobi711.ru/catalog/zashchitnye_plenki_i_stekla_3733/
DEXP;DEXP Ursus Z190 3G;/catalog/dexp_ursus_z190_3g/;https://mobi711.ru/catalog/zashchitnye_plenki_i_stekla_3289/
Archos;Archos T101x 4G;/catalog/archos_t101x_4g/;https://mobi711.ru/catalog/zashchitnye_plenki_i_stekla_2843/
Irbis;Irbis TX58;/catalog/irbis_tx58/;https://mobi711.ru/catalog/zashchitnye_plenki_i_stekla_4564/
PocketBook;PocketBook SURFpad 3 (10.1);/catalog/pocketbook_surfpad_3_10_1/;https://mobi711.ru/catalog/zashchitnye_plenki_i_stekla_5382/
Telefunken;Telefunken TF-MID701G;/catalog/telefunken_tf_mid701g/;https://mobi711.ru/catalog/zashchitnye_plenki_i_stekla_6100/
Prestigio;Prestigio MultiPad 4 Ultimate 8.0 3G (7480D3G);/catalog/prestigio_multipad_4_ultimate_8_0_3g_7480d3g/;https://mobi711.ru/catalog/zashchitnye_plenki_i_stekla_5452/
Dell;Dell XPS 10;/catalog/dell_xps_10/;https://mobi711.ru/catalog/zashchitnye_plenki_i_stekla_3733/
4Good;4Good People GT300 3G;/catalog/4good_people_gt300_3g/;https://mobi711.ru/catalog/zashchitnye_plenki_i_stekla_2487/
3Q;3Q Q-pad QS0728C;/catalog/3q_q_pad_qs0728c/;https://mobi711.ru/catalog/zashchitnye_plenki_i_stekla_3489/
Lexand;Lexand A1002;/catalog/lexand_a1002/;https://mobi711.ru/catalog/zashchitnye_plenki_i_stekla_4948/
DEXP;DEXP Ursus Z210 3G;/catalog/dexp_ursus_z210_3g/;https://mobi711.ru/catalog/zashchitnye_plenki_i_stekla_3290/
Archos;Archos T80 WiFi;/catalog/archos_t80_wifi/;https://mobi711.ru/catalog/zashchitnye_plenki_i_stekla_2844/
PocketBook;PocketBook SURFpad 3 (7.85);/catalog/pocketbook_surfpad_3_7_85/;https://mobi711.ru/catalog/zashchitnye_plenki_i_stekla_5383/
Irbis;Irbis TX59;/catalog/irbis_tx59/;https://mobi711.ru/catalog/zashchitnye_plenki_i_stekla_4565/
Prestigio;Prestigio Multipad 4 Ultra Quad 8.0 3G (7280C3G, 7287C3G);/catalog/prestigio_multipad_4_ultra_quad_8_0_3g_7280c3g_7287c3g/;https://mobi711.ru/catalog/zashchitnye_plenki_i_stekla_5453/
Atlas;Atlas TAB R97;/catalog/atlas_tab_r97/;https://mobi711.ru/catalog/zashchitnye_plenki_i_stekla_3596/
3Q;3Q q-pad QS0730C;/catalog/3q_q_pad_qs0730c/;https://mobi711.ru/catalog/zashchitnye_plenki_i_stekla_3490/
Telefunken;Telefunken TF-MID702G;/catalog/telefunken_tf_mid702g/;https://mobi711.ru/catalog/zashchitnye_plenki_i_stekla_6101/
4Good;4Good T100i;/catalog/4good_t100i/;https://mobi711.ru/catalog/zashchitnye_plenki_i_stekla_2488/
DEXP;DEXP Ursus Z280 3G;/catalog/dexp_ursus_z280_3g/;https://mobi711.ru/catalog/zashchitnye_plenki_i_stekla_3291/
Lexand;Lexand A702;/catalog/lexand_a702/;https://mobi711.ru/catalog/zashchitnye_plenki_i_stekla_4949/
Archos;Archos T80 WiFi;/catalog/archos_t80_wifi/;https://mobi711.ru/catalog/zashchitnye_plenki_i_stekla_2844/
PocketBook;PocketBook SURFpad 4 L;/catalog/pocketbook_surfpad_4_l/;https://mobi711.ru/catalog/zashchitnye_plenki_i_stekla_5384/
Irbis;Irbis TX60;/catalog/irbis_tx60/;https://mobi711.ru/catalog/zashchitnye_plenki_i_stekla_4566/
Prestigio;Prestigio MultiPad 5080 Pro (5080C);/catalog/prestigio_multipad_5080_pro_5080c/;https://mobi711.ru/catalog/zashchitnye_plenki_i_stekla_5454/
bb-mobile;bb-mobile FirstTab;/catalog/bb_mobile_firsttab/;https://mobi711.ru/catalog/zashchitnye_plenki_i_stekla_3597/
Telefunken;Telefunken TF-MID706G;/catalog/telefunken_tf_mid706g/;https://mobi711.ru/catalog/zashchitnye_plenki_i_stekla_6102/
3Q;3Q q-pad QS0803B;/catalog/3q_q_pad_qs0803b/;https://mobi711.ru/catalog/zashchitnye_plenki_i_stekla_3491/
4Good;4Good T100m;/catalog/4good_t100m/;https://mobi711.ru/catalog/zashchitnye_plenki_i_stekla_2489/
Globex;Globex GU104C;/catalog/globex_gu104c/;https://mobi711.ru/catalog/zashchitnye_plenki_i_stekla_4184/
Lexand;Lexand A711;/catalog/lexand_a711/;https://mobi711.ru/catalog/zashchitnye_plenki_i_stekla_4950/
PocketBook;PocketBook SURFpad 4 M;/catalog/pocketbook_surfpad_4_m/;https://mobi711.ru/catalog/zashchitnye_plenki_i_stekla_5385/
DEXP;DEXP Ursus Z310 4G;/catalog/dexp_ursus_z310_4g/;https://mobi711.ru/catalog/zashchitnye_plenki_i_stekla_3292/
Irbis;Irbis TX61;/catalog/irbis_tx61/;https://mobi711.ru/catalog/zashchitnye_plenki_i_stekla_4567/
Prestigio;Prestigio MultiPad 7.0 HD (3970B);/catalog/prestigio_multipad_7_0_hd_3970b/;https://mobi711.ru/catalog/zashchitnye_plenki_i_stekla_5455/
Telefunken;Telefunken TF-MID707G;/catalog/telefunken_tf_mid707g/;https://mobi711.ru/catalog/zashchitnye_plenki_i_stekla_6103/
bb-mobile;bb-mobile Techno 10.1 3G TM056Z;/catalog/bb_mobile_techno_10_1_3g_tm056z/;https://mobi711.ru/catalog/zashchitnye_plenki_i_stekla_3598/
3Q;3Q Q-pad QS0815C;/catalog/3q_q_pad_qs0815c/;https://mobi711.ru/catalog/zashchitnye_plenki_i_stekla_3492/
4Good;4Good T101i;/catalog/4good_t101i/;https://mobi711.ru/catalog/zashchitnye_plenki_i_stekla_2490/
Globex;Globex GU7014C;/catalog/globex_gu7014c/;https://mobi711.ru/catalog/zashchitnye_plenki_i_stekla_4185/
DEXP;DEXP Ursus Z380 3G;/catalog/dexp_ursus_z380_3g/;https://mobi711.ru/catalog/zashchitnye_plenki_i_stekla_3293/
PocketBook;PocketBook SURFpad 4 S;/catalog/pocketbook_surfpad_4_s/;https://mobi711.ru/catalog/zashchitnye_plenki_i_stekla_5386/
Lexand;Lexand A802;/catalog/lexand_a802/;https://mobi711.ru/catalog/zashchitnye_plenki_i_stekla_4951/
Irbis;Irbis TX68;/catalog/irbis_tx68/;https://mobi711.ru/catalog/zashchitnye_plenki_i_stekla_4568/
Prestigio;Prestigio MultiPad 7.0 HD+ (3870C);/catalog/prestigio_multipad_7_0_hd_3870c/;https://mobi711.ru/catalog/zashchitnye_plenki_i_stekla_5456/
bb-mobile;bb-mobile Techno 10.1 LTE TQ060X;/catalog/bb_mobile_techno_10_1_lte_tq060x/;https://mobi711.ru/catalog/zashchitnye_plenki_i_stekla_3599/
Telefunken;Telefunken TF-MID708G;/catalog/telefunken_tf_mid708g/;https://mobi711.ru/catalog/zashchitnye_plenki_i_stekla_6104/
4Good;4Good T103i 3G;/catalog/4good_t103i_3g/;https://mobi711.ru/catalog/zashchitnye_plenki_i_stekla_2491/
3Q;3Q Q-pad QS9718C;/catalog/3q_q_pad_qs9718c/;https://mobi711.ru/catalog/zashchitnye_plenki_i_stekla_3493/
Globex;Globex GU7814;/catalog/globex_gu7814/;https://mobi711.ru/catalog/zashchitnye_plenki_i_stekla_4186/
DEXP;DEXP Ursus Z380 3G;/catalog/dexp_ursus_z380_3g/;https://mobi711.ru/catalog/zashchitnye_plenki_i_stekla_3293/
PocketBook;PocketBook U7 SURFpad;/catalog/pocketbook_u7_surfpad/;https://mobi711.ru/catalog/zashchitnye_plenki_i_stekla_5387/
Lexand;Lexand A811;/catalog/lexand_a811/;https://mobi711.ru/catalog/zashchitnye_plenki_i_stekla_4952/
Irbis;Irbis TX69;/catalog/irbis_tx69/;https://mobi711.ru/catalog/zashchitnye_plenki_i_stekla_4569/
Prestigio;Prestigio MultiPad 7.0 Prime (3270B);/catalog/prestigio_multipad_7_0_prime_3270b/;https://mobi711.ru/catalog/zashchitnye_plenki_i_stekla_5457/
Telefunken;Telefunken TF-MID7805G;/catalog/telefunken_tf_mid7805g/;https://mobi711.ru/catalog/zashchitnye_plenki_i_stekla_6105/
Globex;Globex GU802;/catalog/globex_gu802/;https://mobi711.ru/catalog/zashchitnye_plenki_i_stekla_4187/
bb-mobile;bb-mobile Techno 7.0 3G Kalash TM759K;/catalog/bb_mobile_techno_7_0_3g_kalash_tm759k/;https://mobi711.ru/catalog/zashchitnye_plenki_i_stekla_3600/
3Q;3Q Q-pad RC0704B;/catalog/3q_q_pad_rc0704b/;https://mobi711.ru/catalog/zashchitnye_plenki_i_stekla_3494/
4Good;4Good T700i 3G;/catalog/4good_t700i_3g/;https://mobi711.ru/catalog/zashchitnye_plenki_i_stekla_2492/
iRiver;iRiver ITQ701 WOW;/catalog/iriver_itq701_wow/;https://mobi711.ru/catalog/zashchitnye_plenki_i_stekla_4729/
Lexand;Lexand SA7 Pro HD;/catalog/lexand_sa7_pro_hd/;https://mobi711.ru/catalog/zashchitnye_plenki_i_stekla_4953/
PocketBook;PocketBook U7 SURFpad;/catalog/pocketbook_u7_surfpad/;https://mobi711.ru/catalog/zashchitnye_plenki_i_stekla_5387/
Irbis;Irbis TX70;/catalog/irbis_tx70/;https://mobi711.ru/catalog/zashchitnye_plenki_i_stekla_4570/
Prestigio;Prestigio MultiPad 7.0 Prime Duo (5770D);/catalog/prestigio_multipad_7_0_prime_duo_5770d/;https://mobi711.ru/catalog/zashchitnye_plenki_i_stekla_5458/
Globex;Globex GU903C;/catalog/globex_gu903c/;https://mobi711.ru/catalog/zashchitnye_plenki_i_stekla_4188/
Telefunken;Telefunken TF-MID801G;/catalog/telefunken_tf_mid801g/;https://mobi711.ru/catalog/zashchitnye_plenki_i_stekla_6106/
bb-mobile;bb-mobile Techno 7.0 3G Molotoff TB756C;/catalog/bb_mobile_techno_7_0_3g_molotoff_tb756c/;https://mobi711.ru/catalog/zashchitnye_plenki_i_stekla_3601/
3Q;3Q Q-pad RC0709B;/catalog/3q_q_pad_rc0709b/;https://mobi711.ru/catalog/zashchitnye_plenki_i_stekla_3495/
4Good;4Good T700m 3G;/catalog/4good_t700m_3g/;https://mobi711.ru/catalog/zashchitnye_plenki_i_stekla_2493/
Lexand;Lexand SB5 HD;/catalog/lexand_sb5_hd/;https://mobi711.ru/catalog/zashchitnye_plenki_i_stekla_4954/
Point of View;Point of View Mobii 1045;/catalog/point_of_view_mobii_1045/;https://mobi711.ru/catalog/zashchitnye_plenki_i_stekla_5388/
iRU;iRU A701W;/catalog/iru_a701w/;https://mobi711.ru/catalog/zashchitnye_plenki_i_stekla_4730/
Irbis;Irbis TX71;/catalog/irbis_tx71/;https://mobi711.ru/catalog/zashchitnye_plenki_i_stekla_4571/
Prestigio;Prestigio MultiPad 7.0 Prime Duo 3G (7170B3G);/catalog/prestigio_multipad_7_0_prime_duo_3g_7170b3g/;https://mobi711.ru/catalog/zashchitnye_plenki_i_stekla_5459/
bb-mobile;bb-mobile Techno 7.0 3G TM756A;/catalog/bb_mobile_techno_7_0_3g_tm756a/;https://mobi711.ru/catalog/zashchitnye_plenki_i_stekla_3602/
GlobusGPS;GlobusGPS GL-700 Android;/catalog/globusgps_gl_700_android/;https://mobi711.ru/catalog/zashchitnye_plenki_i_stekla_4189/
Telefunken;Telefunken TF-MID802G;/catalog/telefunken_tf_mid802g/;https://mobi711.ru/catalog/zashchitnye_plenki_i_stekla_6107/
4Good;4Good T701m 3G;/catalog/4good_t701m_3g/;https://mobi711.ru/catalog/zashchitnye_plenki_i_stekla_2494/
3Q;3Q Q-pad RC0710B;/catalog/3q_q_pad_rc0710b/;https://mobi711.ru/catalog/zashchitnye_plenki_i_stekla_3496/
iRU;iRU B1001GD;/catalog/iru_b1001gd/;https://mobi711.ru/catalog/zashchitnye_plenki_i_stekla_4731/
Lexand;Lexand SB5 PRO HDR;/catalog/lexand_sb5_pro_hdr/;https://mobi711.ru/catalog/zashchitnye_plenki_i_stekla_4955/
Point of View;Point of View Mobii 701;/catalog/point_of_view_mobii_701/;https://mobi711.ru/catalog/zashchitnye_plenki_i_stekla_5389/
Irbis;Irbis TX72;/catalog/irbis_tx72/;https://mobi711.ru/catalog/zashchitnye_plenki_i_stekla_4572/
Prestigio;Prestigio MultiPad 7.0 Prime Plus (3470B);/catalog/prestigio_multipad_7_0_prime_plus_3470b/;https://mobi711.ru/catalog/zashchitnye_plenki_i_stekla_5460/
bb-mobile;bb-mobile Techno 7.0 3G TM758AB;/catalog/bb_mobile_techno_7_0_3g_tm758ab/;https://mobi711.ru/catalog/zashchitnye_plenki_i_stekla_3603/
Telefunken;Telefunken TF-MID804G;/catalog/telefunken_tf_mid804g/;https://mobi711.ru/catalog/zashchitnye_plenki_i_stekla_6108/
GlobusGPS;GlobusGPS GL-700QUAD;/catalog/globusgps_gl_700quad/;https://mobi711.ru/catalog/zashchitnye_plenki_i_stekla_4190/
4Good;4Good T703m 3G;/catalog/4good_t703m_3g/;https://mobi711.ru/catalog/zashchitnye_plenki_i_stekla_2495/
3Q;3Q q-pad RC0712B;/catalog/3q_q_pad_rc0712b/;https://mobi711.ru/catalog/zashchitnye_plenki_i_stekla_3497/
iRU;iRU B1001GW;/catalog/iru_b1001gw/;https://mobi711.ru/catalog/zashchitnye_plenki_i_stekla_4732/
Lexand;Lexand SB7 HD;/catalog/lexand_sb7_hd/;https://mobi711.ru/catalog/zashchitnye_plenki_i_stekla_4956/
Point of View;Point of View Mobii 825;/catalog/point_of_view_mobii_825/;https://mobi711.ru/catalog/zashchitnye_plenki_i_stekla_5390/
Irbis;Irbis TX73;/catalog/irbis_tx73/;https://mobi711.ru/catalog/zashchitnye_plenki_i_stekla_4573/
Prestigio;Prestigio MultiPad 7.0 Pro (3170B);/catalog/prestigio_multipad_7_0_pro_3170b/;https://mobi711.ru/catalog/zashchitnye_plenki_i_stekla_5461/
Telefunken;Telefunken TF-MID806G;/catalog/telefunken_tf_mid806g/;https://mobi711.ru/catalog/zashchitnye_plenki_i_stekla_6109/
bb-mobile;bb-mobile Techno 7.0 3G TM759E;/catalog/bb_mobile_techno_7_0_3g_tm759e/;https://mobi711.ru/catalog/zashchitnye_plenki_i_stekla_3604/
Gmini;Gmini MagicPad H702WS;/catalog/gmini_magicpad_h702ws/;https://mobi711.ru/catalog/zashchitnye_plenki_i_stekla_4191/
3Q;3Q Q-pad RC0713B;/catalog/3q_q_pad_rc0713b/;https://mobi711.ru/catalog/zashchitnye_plenki_i_stekla_3498/
4Good;4Good T704m 3G;/catalog/4good_t704m_3g/;https://mobi711.ru/catalog/zashchitnye_plenki_i_stekla_2496/
iRU;iRU B1002GW;/catalog/iru_b1002gw/;https://mobi711.ru/catalog/zashchitnye_plenki_i_stekla_4733/
Lexand;Lexand SB7 Pro HD;/catalog/lexand_sb7_pro_hd/;https://mobi711.ru/catalog/zashchitnye_plenki_i_stekla_4957/
Point of View;Point of View Mobii 945;/catalog/point_of_view_mobii_945/;https://mobi711.ru/catalog/zashchitnye_plenki_i_stekla_5391/
Irbis;Irbis TX74;/catalog/irbis_tx74/;https://mobi711.ru/catalog/zashchitnye_plenki_i_stekla_4574/
Prestigio;Prestigio MultiPad 7.0 Pro Duo (5570C);/catalog/prestigio_multipad_7_0_pro_duo_5570c/;https://mobi711.ru/catalog/zashchitnye_plenki_i_stekla_5462/
Gmini;Gmini MagicPad H704WS;/catalog/gmini_magicpad_h704ws/;https://mobi711.ru/catalog/zashchitnye_plenki_i_stekla_4192/
3Q;3Q Q-pad RC0714B;/catalog/3q_q_pad_rc0714b/;https://mobi711.ru/catalog/zashchitnye_plenki_i_stekla_3499/
Telefunken;Telefunken TF-MID9701G;/catalog/telefunken_tf_mid9701g/;https://mobi711.ru/catalog/zashchitnye_plenki_i_stekla_6110/
bb-mobile;bb-mobile Techno 7.0 3G  S700BF;/catalog/bb_mobile_techno_7_0_3g_pioner_s700bf/;https://mobi711.ru/catalog/zashchitnye_plenki_i_stekla_3605/
4Good;4Good T800i;/catalog/4good_t800i/;https://mobi711.ru/catalog/zashchitnye_plenki_i_stekla_2497/
iRU;iRU B1002W;/catalog/iru_b1002w/;https://mobi711.ru/catalog/zashchitnye_plenki_i_stekla_4734/
Lexand;Lexand SC7 Pro HD;/catalog/lexand_sc7_pro_hd/;https://mobi711.ru/catalog/zashchitnye_plenki_i_stekla_4958/
Irbis;Irbis TX75;/catalog/irbis_tx75/;https://mobi711.ru/catalog/zashchitnye_plenki_i_stekla_4575/
Point of View;Point of View Mobii Tablet 7 Wi-Fi;/catalog/point_of_view_mobii_tablet_7_wi_fi/;https://mobi711.ru/catalog/zashchitnye_plenki_i_stekla_5392/
Prestigio;Prestigio MultiPad 7.0 Ultra (3370B);/catalog/prestigio_multipad_7_0_ultra_3370b/;https://mobi711.ru/catalog/zashchitnye_plenki_i_stekla_5463/
Gmini;Gmini MagicPad H807S;/catalog/gmini_magicpad_h807s/;https://mobi711.ru/catalog/zashchitnye_plenki_i_stekla_4193/
3Q;3Q Q-pad RC0718C;/catalog/3q_q_pad_rc0718c/;https://mobi711.ru/catalog/zashchitnye_plenki_i_stekla_3500/
Telefunken;Telefunken TF-MID9702;/catalog/telefunken_tf_mid9702/;https://mobi711.ru/catalog/zashchitnye_plenki_i_stekla_6111/
Lexand;Lexand SC7 Pro HD;/catalog/lexand_sc7_pro_hd/;https://mobi711.ru/catalog/zashchitnye_plenki_i_stekla_4958/
bb-mobile;bb-mobile Techno 7.0 LTE Kalash TQ763I;/catalog/bb_mobile_techno_7_0_lte_kalash_tq763i/;https://mobi711.ru/catalog/zashchitnye_plenki_i_stekla_3606/
4Good;4Good T800m;/catalog/4good_t800m/;https://mobi711.ru/catalog/zashchitnye_plenki_i_stekla_2498/
iRU;iRU B1003GW;/catalog/iru_b1003gw/;https://mobi711.ru/catalog/zashchitnye_plenki_i_stekla_4735/
Irbis;Irbis TX76;/catalog/irbis_tx76/;https://mobi711.ru/catalog/zashchitnye_plenki_i_stekla_4576/
Point of View;Point of View Mobii Tablet 7 Wi-Fi + 3G;/catalog/point_of_view_mobii_tablet_7_wi_fi_3g/;https://mobi711.ru/catalog/zashchitnye_plenki_i_stekla_5393/
Prestigio;Prestigio MultiPad 7.0 Ultra Duo (5870C);/catalog/prestigio_multipad_7_0_ultra_duo_5870c/;https://mobi711.ru/catalog/zashchitnye_plenki_i_stekla_5464/
Gmini;Gmini MagicPad L701W;/catalog/gmini_magicpad_l701w/;https://mobi711.ru/catalog/zashchitnye_plenki_i_stekla_4194/
3Q;3Q Q-pad RC0726B;/catalog/3q_q_pad_rc0726b/;https://mobi711.ru/catalog/zashchitnye_plenki_i_stekla_3501/
Telefunken;Telefunken TF-MID9703G;/catalog/telefunken_tf_mid9703g/;https://mobi711.ru/catalog/zashchitnye_plenki_i_stekla_6112/
Lexibook;Lexibook Tablet Master 2;/catalog/lexibook_tablet_master_2/;https://mobi711.ru/catalog/zashchitnye_plenki_i_stekla_4959/
bb-mobile;bb-mobile Techno 7.0 LTE  TQ763J;/catalog/bb_mobile_techno_7_0_lte_pioner_tq763j/;https://mobi711.ru/catalog/zashchitnye_plenki_i_stekla_3607/
4Good;4Good T801i 3G;/catalog/4good_t801i_3g/;https://mobi711.ru/catalog/zashchitnye_plenki_i_stekla_2499/
iRU;iRU B704;/catalog/iru_b704/;https://mobi711.ru/catalog/zashchitnye_plenki_i_stekla_4736/
Irbis;Irbis TX77;/catalog/irbis_tx77/;https://mobi711.ru/catalog/zashchitnye_plenki_i_stekla_4577/
Prestigio;Prestigio MultiPad 7.0 Ultra+ (3570C, 3670B);/catalog/prestigio_multipad_7_0_ultra_3570c_3670b/;https://mobi711.ru/catalog/zashchitnye_plenki_i_stekla_5465/
Gmini;Gmini MagicPad L703W;/catalog/gmini_magicpad_l703w/;https://mobi711.ru/catalog/zashchitnye_plenki_i_stekla_4195/
Point of View;Point of View Mobii TEGRA Tablet 10.1 Wi-Fi;/catalog/point_of_view_mobii_tegra_tablet_10_1_wi_fi/;https://mobi711.ru/catalog/zashchitnye_plenki_i_stekla_5394/
3Q;3Q Q-pad RC0738C;/catalog/3q_q_pad_rc0738c/;https://mobi711.ru/catalog/zashchitnye_plenki_i_stekla_3502/
Telefunken;Telefunken TF-MID9704G;/catalog/telefunken_tf_mid9704g/;https://mobi711.ru/catalog/zashchitnye_plenki_i_stekla_6113/
Linx;Linx 7;/catalog/linx_7/;https://mobi711.ru/catalog/zashchitnye_plenki_i_stekla_4982/
bb-mobile;bb-mobile Techno 7.85 3G;/catalog/bb_mobile_techno_7_85_3g/;https://mobi711.ru/catalog/zashchitnye_plenki_i_stekla_3608/
4Good;4Good T803i 3G;/catalog/4good_t803i_3g/;https://mobi711.ru/catalog/zashchitnye_plenki_i_stekla_2500/
iRU;iRU B705;/catalog/iru_b705/;https://mobi711.ru/catalog/zashchitnye_plenki_i_stekla_4737/
Irbis;Irbis TX79;/catalog/irbis_tx79/;https://mobi711.ru/catalog/zashchitnye_plenki_i_stekla_4578/
Prestigio;Prestigio MultiPad 8.0 3G Note (7880D3G);/catalog/prestigio_multipad_8_0_3g_note_7880d3g/;https://mobi711.ru/catalog/zashchitnye_plenki_i_stekla_5466/
Gmini;Gmini MagicPad L971S;/catalog/gmini_magicpad_l971s/;https://mobi711.ru/catalog/zashchitnye_plenki_i_stekla_4196/
Point of View;Point of View Mobii TEGRA Tablet 10.1 Wi-Fi + 3G;/catalog/point_of_view_mobii_tegra_tablet_10_1_wi_fi_3g/;https://mobi711.ru/catalog/zashchitnye_plenki_i_stekla_5395/
Telefunken;Telefunken TF-MID9705RG;/catalog/telefunken_tf_mid9705rg/;https://mobi711.ru/catalog/zashchitnye_plenki_i_stekla_6114/
livtec;livtec LT1001;/catalog/livtec_lt1001/;https://mobi711.ru/catalog/zashchitnye_plenki_i_stekla_4983/
3Q;3Q q-pad RC0801B;/catalog/3q_q_pad_rc0801b/;https://mobi711.ru/catalog/zashchitnye_plenki_i_stekla_3503/
bb-mobile;bb-mobile Techno 7.85 3G Slim M785AN;/catalog/bb_mobile_techno_7_85_3g_slim_m785an/;https://mobi711.ru/catalog/zashchitnye_plenki_i_stekla_3609/
iRU;iRU B705G;/catalog/iru_b705g/;https://mobi711.ru/catalog/zashchitnye_plenki_i_stekla_4738/
4Good;4Good T890i 3G;/catalog/4good_t890i_3g/;https://mobi711.ru/catalog/zashchitnye_plenki_i_stekla_2501/
Irbis;Irbis TX80;/catalog/irbis_tx80/;https://mobi711.ru/catalog/zashchitnye_plenki_i_stekla_4579/
Prestigio;Prestigio MultiPad 8.0 HD (5587,5588);/catalog/prestigio_multipad_8_0_hd_5587_5588/;https://mobi711.ru/catalog/zashchitnye_plenki_i_stekla_5467/
Gmini;Gmini MagicPad L972S;/catalog/gmini_magicpad_l972s/;https://mobi711.ru/catalog/zashchitnye_plenki_i_stekla_4197/
Point of View;Point of View Mobii WinTab 1000W;/catalog/point_of_view_mobii_wintab_1000w/;https://mobi711.ru/catalog/zashchitnye_plenki_i_stekla_5396/
livtec;livtec LT70;/catalog/livtec_lt70/;https://mobi711.ru/catalog/zashchitnye_plenki_i_stekla_4984/
Telefunken;Telefunken TF-MID9707G;/catalog/telefunken_tf_mid9707g/;https://mobi711.ru/catalog/zashchitnye_plenki_i_stekla_6115/
3Q;3Q q-pad RC0805B;/catalog/3q_q_pad_rc0805b/;https://mobi711.ru/catalog/zashchitnye_plenki_i_stekla_3504/
bb-mobile;bb-mobile Techno 7.85 3G Slim TM859N;/catalog/bb_mobile_techno_7_85_3g_slim_tm859n/;https://mobi711.ru/catalog/zashchitnye_plenki_i_stekla_3610/
iRU;iRU B706;/catalog/iru_b706/;https://mobi711.ru/catalog/zashchitnye_plenki_i_stekla_4739/
4Good;4Good T890i 3G;/catalog/4good_t890i_3g/;https://mobi711.ru/catalog/zashchitnye_plenki_i_stekla_2501/
Irbis;Irbis TX81;/catalog/irbis_tx81/;https://mobi711.ru/catalog/zashchitnye_plenki_i_stekla_4580/
Prestigio;Prestigio MultiPad 8.0 Pro Duo (5580C);/catalog/prestigio_multipad_8_0_pro_duo_5580c/;https://mobi711.ru/catalog/zashchitnye_plenki_i_stekla_5468/
Gmini;Gmini MagicPad L972S;/catalog/gmini_magicpad_l972s/;https://mobi711.ru/catalog/zashchitnye_plenki_i_stekla_4197/
Point of View;Point of View Mobii WinTab 800W;/catalog/point_of_view_mobii_wintab_800w/;https://mobi711.ru/catalog/zashchitnye_plenki_i_stekla_5397/
livtec;livtec LT701;/catalog/livtec_lt701/;https://mobi711.ru/catalog/zashchitnye_plenki_i_stekla_4985/
Telefunken;Telefunken TF-MID9707G;/catalog/telefunken_tf_mid9707g/;https://mobi711.ru/catalog/zashchitnye_plenki_i_stekla_6115/
3Q;3Q q-pad RC0806B;/catalog/3q_q_pad_rc0806b/;https://mobi711.ru/catalog/zashchitnye_plenki_i_stekla_3505/
bb-mobile;bb-mobile Techno 8.0 3G TM859H;/catalog/bb_mobile_techno_8_0_3g_tm859h/;https://mobi711.ru/catalog/zashchitnye_plenki_i_stekla_3611/
iRU;iRU B707;/catalog/iru_b707/;https://mobi711.ru/catalog/zashchitnye_plenki_i_stekla_4740/
EVGA;EVGA Tegra Note 7;/catalog/evga_tegra_note_7/;https://mobi711.ru/catalog/zashchitnye_plenki_i_stekla_3966/
Irbis;Irbis TX88;/catalog/irbis_tx88/;https://mobi711.ru/catalog/zashchitnye_plenki_i_stekla_4581/
Prestigio;Prestigio MultiPad 8.0 Ultra Duo (5880D);/catalog/prestigio_multipad_8_0_ultra_duo_5880d/;https://mobi711.ru/catalog/zashchitnye_plenki_i_stekla_5469/
GoClever;GoClever Aries 101;/catalog/goclever_aries_101/;https://mobi711.ru/catalog/zashchitnye_plenki_i_stekla_4198/
Point of View;Point of View Onyx 517;/catalog/point_of_view_onyx_517/;https://mobi711.ru/catalog/zashchitnye_plenki_i_stekla_5398/
teXet;teXet TB-723A;/catalog/texet_tb_723a/;https://mobi711.ru/catalog/zashchitnye_plenki_i_stekla_6167/
livtec;livtec LT702G;/catalog/livtec_lt702g/;https://mobi711.ru/catalog/zashchitnye_plenki_i_stekla_4986/
3Q;3Q Q-pad RC0813C;/catalog/3q_q_pad_rc0813c/;https://mobi711.ru/catalog/zashchitnye_plenki_i_stekla_3506/
bb-mobile;bb-mobile Techno 8.0 3G Topol' TM859AC;/catalog/bb_mobile_techno_8_0_3g_topol_tm859ac/;https://mobi711.ru/catalog/zashchitnye_plenki_i_stekla_3612/
iRU;iRU B708;/catalog/iru_b708/;https://mobi711.ru/catalog/zashchitnye_plenki_i_stekla_4741/
Irbis;Irbis TX89;/catalog/irbis_tx89/;https://mobi711.ru/catalog/zashchitnye_plenki_i_stekla_4582/
EXEQ;EXEQ P-1001;/catalog/exeq_p_1001/;https://mobi711.ru/catalog/zashchitnye_plenki_i_stekla_3967/
Prestigio;Prestigio Multipad 9.7 Pro (5097C);/catalog/prestigio_multipad_9_7_pro_5097c/;https://mobi711.ru/catalog/zashchitnye_plenki_i_stekla_5470/
GoClever;GoClever Aries 70;/catalog/goclever_aries_70/;https://mobi711.ru/catalog/zashchitnye_plenki_i_stekla_4199/
Point of View;Point of View Onyx 527;/catalog/point_of_view_onyx_527/;https://mobi711.ru/catalog/zashchitnye_plenki_i_stekla_5399/
teXet;teXet TB-725A;/catalog/texet_tb_725a/;https://mobi711.ru/catalog/zashchitnye_plenki_i_stekla_6168/
3Q;3Q Q-pad RC0813CM;/catalog/3q_q_pad_rc0813cm/;https://mobi711.ru/catalog/zashchitnye_plenki_i_stekla_3507/
livtec;livtec LT70N;/catalog/livtec_lt70n/;https://mobi711.ru/catalog/zashchitnye_plenki_i_stekla_4987/
bb-mobile;bb-mobile Techno 8.0 Topol LTE TQ863Q;/catalog/bb_mobile_techno_8_0_topol_lte_tq863q/;https://mobi711.ru/catalog/zashchitnye_plenki_i_stekla_3613/
iRU;iRU B709;/catalog/iru_b709/;https://mobi711.ru/catalog/zashchitnye_plenki_i_stekla_4742/
EXEQ;EXEQ P-1011 ;/catalog/exeq_p_1011_fiksitab/;https://mobi711.ru/catalog/zashchitnye_plenki_i_stekla_3968/
Irbis;Irbis TX90;/catalog/irbis_tx90/;https://mobi711.ru/catalog/zashchitnye_plenki_i_stekla_4583/
GoClever;GoClever Insignia 800M;/catalog/goclever_insignia_800m/;https://mobi711.ru/catalog/zashchitnye_plenki_i_stekla_4200/
Prestigio;Prestigio MultiPad 9.7 Ultra (5197D);/catalog/prestigio_multipad_9_7_ultra_5197d/;https://mobi711.ru/catalog/zashchitnye_plenki_i_stekla_5471/
Point of View;Point of View PROTAB 2 IPS;/catalog/point_of_view_protab_2_ips/;https://mobi711.ru/catalog/zashchitnye_plenki_i_stekla_5400/
teXet;teXet TB-772A;/catalog/texet_tb_772a/;https://mobi711.ru/catalog/zashchitnye_plenki_i_stekla_6169/
livtec;livtec LT801;/catalog/livtec_lt801/;https://mobi711.ru/catalog/zashchitnye_plenki_i_stekla_4988/
3Q;3Q Q-pad RC0817C;/catalog/3q_q_pad_rc0817c/;https://mobi711.ru/catalog/zashchitnye_plenki_i_stekla_3508/
iRU;iRU B710B;/catalog/iru_b710b/;https://mobi711.ru/catalog/zashchitnye_plenki_i_stekla_4743/
bb-mobile;bb-mobile Techno 9.0 3G TM959D;/catalog/bb_mobile_techno_9_0_3g_tm959d/;https://mobi711.ru/catalog/zashchitnye_plenki_i_stekla_3614/
EXEQ;EXEQ P-1021;/catalog/exeq_p_1021/;https://mobi711.ru/catalog/zashchitnye_plenki_i_stekla_3969/
Irbis;Irbis TX95;/catalog/irbis_tx95/;https://mobi711.ru/catalog/zashchitnye_plenki_i_stekla_4584/
GoClever;GoClever Libra 97;/catalog/goclever_libra_97/;https://mobi711.ru/catalog/zashchitnye_plenki_i_stekla_4201/
teXet;teXet TM-1020;/catalog/texet_tm_1020/;https://mobi711.ru/catalog/zashchitnye_plenki_i_stekla_6170/
Prestigio;Prestigio MultiPad 9.7 Ultra Duo (5597D);/catalog/prestigio_multipad_9_7_ultra_duo_5597d/;https://mobi711.ru/catalog/zashchitnye_plenki_i_stekla_5472/
Point of View;Point of View PROTAB 25;/catalog/point_of_view_protab_25/;https://mobi711.ru/catalog/zashchitnye_plenki_i_stekla_5401/
livtec;livtec LT901;/catalog/livtec_lt901/;https://mobi711.ru/catalog/zashchitnye_plenki_i_stekla_4989/
3Q;3Q Q-pad RC1012B;/catalog/3q_q_pad_rc1012b/;https://mobi711.ru/catalog/zashchitnye_plenki_i_stekla_3509/
iRU;iRU B712G;/catalog/iru_b712g/;https://mobi711.ru/catalog/zashchitnye_plenki_i_stekla_4744/
bb-mobile;bb-mobile Techno 9.0 LTE TM963F;/catalog/bb_mobile_techno_9_0_lte_tm963f/;https://mobi711.ru/catalog/zashchitnye_plenki_i_stekla_3615/
EXEQ;EXEQ P-1040;/catalog/exeq_p_1040/;https://mobi711.ru/catalog/zashchitnye_plenki_i_stekla_3970/
Irbis;Irbis TX96;/catalog/irbis_tx96/;https://mobi711.ru/catalog/zashchitnye_plenki_i_stekla_4585/
GoClever;GoClever Orion 101;/catalog/goclever_orion_101/;https://mobi711.ru/catalog/zashchitnye_plenki_i_stekla_4202/
Prestigio;Prestigio MultiPad Color 10.1 3G;/catalog/prestigio_multipad_color_10_1_3g/;https://mobi711.ru/catalog/zashchitnye_plenki_i_stekla_5473/
teXet;teXet TM-1046 X-pad NAVI 10 3G;/catalog/texet_tm_1046_x_pad_navi_10_3g/;https://mobi711.ru/catalog/zashchitnye_plenki_i_stekla_6171/
livtec;livtec LT901;/catalog/livtec_lt901/;https://mobi711.ru/catalog/zashchitnye_plenki_i_stekla_4989/
Point of View;Point of View PROTAB 25XXL;/catalog/point_of_view_protab_25xxl/;https://mobi711.ru/catalog/zashchitnye_plenki_i_stekla_5402/
3Q;3Q Q-pad RC1018C;/catalog/3q_q_pad_rc1018c/;https://mobi711.ru/catalog/zashchitnye_plenki_i_stekla_3510/
iRU;iRU B801G;/catalog/iru_b801g/;https://mobi711.ru/catalog/zashchitnye_plenki_i_stekla_4745/
EXEQ;EXEQ P-700;/catalog/exeq_p_700/;https://mobi711.ru/catalog/zashchitnye_plenki_i_stekla_3971/
bb-mobile;bb-mobile Techno 9.7 3G TM056U;/catalog/bb_mobile_techno_9_7_3g_tm056u/;https://mobi711.ru/catalog/zashchitnye_plenki_i_stekla_3616/
Irbis;Irbis TX97;/catalog/irbis_tx97/;https://mobi711.ru/catalog/zashchitnye_plenki_i_stekla_4586/
GoClever;GoClever TAB A73;/catalog/goclever_tab_a73/;https://mobi711.ru/catalog/zashchitnye_plenki_i_stekla_4203/
Prestigio;Prestigio MultiPad Color 2 3G (3777);/catalog/prestigio_multipad_color_2_3g_3777/;https://mobi711.ru/catalog/zashchitnye_plenki_i_stekla_5474/
teXet;teXet TM-1049 X-pad Quad 10 3G;/catalog/texet_tm_1049_x_pad_quad_10_3g/;https://mobi711.ru/catalog/zashchitnye_plenki_i_stekla_6172/
Logic Instrument;Logic Instrument Fieldbook K122;/catalog/logic_instrument_fieldbook_k122/;https://mobi711.ru/catalog/zashchitnye_plenki_i_stekla_4990/
3Q;3Q Q-pad RC1301C;/catalog/3q_q_pad_rc1301c/;https://mobi711.ru/catalog/zashchitnye_plenki_i_stekla_3511/
Point of View;Point of View PROTAB 26;/catalog/point_of_view_protab_26/;https://mobi711.ru/catalog/zashchitnye_plenki_i_stekla_5403/
iRU;iRU B802G;/catalog/iru_b802g/;https://mobi711.ru/catalog/zashchitnye_plenki_i_stekla_4746/
GoClever;GoClever TAB A73;/catalog/goclever_tab_a73/;https://mobi711.ru/catalog/zashchitnye_plenki_i_stekla_4203/
EXEQ;EXEQ P-701;/catalog/exeq_p_701/;https://mobi711.ru/catalog/zashchitnye_plenki_i_stekla_3972/
bb-mobile;bb-mobile Techno Mozg 10.1 I101BI;/catalog/bb_mobile_techno_mozg_10_1_i101bi/;https://mobi711.ru/catalog/zashchitnye_plenki_i_stekla_3617/
Irbis;Irbis TZ01TZ02;/catalog/irbis_tz01tz02/;https://mobi711.ru/catalog/zashchitnye_plenki_i_stekla_4587/
Prestigio;Prestigio MultiPad Color 7.0 3G (5777);/catalog/prestigio_multipad_color_7_0_3g_5777/;https://mobi711.ru/catalog/zashchitnye_plenki_i_stekla_5475/
teXet;teXet TM-1057;/catalog/texet_tm_1057/;https://mobi711.ru/catalog/zashchitnye_plenki_i_stekla_6173/
Logic Instrument;Logic Instrument Fieldbook Ks80;/catalog/logic_instrument_fieldbook_ks80/;https://mobi711.ru/catalog/zashchitnye_plenki_i_stekla_4991/
Point of View;Point of View PROTAB 26XL;/catalog/point_of_view_protab_26xl/;https://mobi711.ru/catalog/zashchitnye_plenki_i_stekla_5404/
3Q;3Q q-pad RC9711B;/catalog/3q_q_pad_rc9711b/;https://mobi711.ru/catalog/zashchitnye_plenki_i_stekla_3512/
Google;Asus Google Nexus 7;/catalog/asus_google_nexus_7_1/;https://mobi711.ru/catalog/zashchitnye_plenki_i_stekla_4204/
iRU;iRU B9701G;/catalog/iru_b9701g/;https://mobi711.ru/catalog/zashchitnye_plenki_i_stekla_4747/
EXEQ;EXEQ P-702;/catalog/exeq_p_702/;https://mobi711.ru/catalog/zashchitnye_plenki_i_stekla_3973/
Irbis;Irbis TZ03TZ04;/catalog/irbis_tz03tz04/;https://mobi711.ru/catalog/zashchitnye_plenki_i_stekla_4588/
bb-mobile;bb-mobile Techno Mozg 7.0 I700AJ;/catalog/bb_mobile_techno_mozg_7_0_i700aj/;https://mobi711.ru/catalog/zashchitnye_plenki_i_stekla_3618/
Luckystar;Luckystar M15G;/catalog/luckystar_m15g/;https://mobi711.ru/catalog/zashchitnye_plenki_i_stekla_4992/
Prestigio;Prestigio MultiPad Color 8.0 3G (5887);/catalog/prestigio_multipad_color_8_0_3g_5887/;https://mobi711.ru/catalog/zashchitnye_plenki_i_stekla_5476/
Point of View;Point of View PROTAB 26XXL IPS;/catalog/point_of_view_protab_26xxl_ips/;https://mobi711.ru/catalog/zashchitnye_plenki_i_stekla_5405/
teXet;teXet TM-1058 X-force 10 3G;/catalog/texet_tm_1058_x_force_10_3g/;https://mobi711.ru/catalog/zashchitnye_plenki_i_stekla_6174/
3Q;3Q Q-pad RC9712C;/catalog/3q_q_pad_rc9712c/;https://mobi711.ru/catalog/zashchitnye_plenki_i_stekla_3513/
iRU;iRu C1101;/catalog/iru_c1101/;https://mobi711.ru/catalog/zashchitnye_plenki_i_stekla_4748/
Google;Asus Google Nexus 7 2013 Mobile;/catalog/asus_google_nexus_7_2013_mobile_1/;https://mobi711.ru/catalog/zashchitnye_plenki_i_stekla_4205/
EXEQ;EXEQ P-703;/catalog/exeq_p_703/;https://mobi711.ru/catalog/zashchitnye_plenki_i_stekla_3974/
bb-mobile;bb-mobile Techno Mozg 7.85 I785AP;/catalog/bb_mobile_techno_mozg_7_85_i785ap/;https://mobi711.ru/catalog/zashchitnye_plenki_i_stekla_3619/
Irbis;Irbis TZ05TZ06;/catalog/irbis_tz05tz06/;https://mobi711.ru/catalog/zashchitnye_plenki_i_stekla_4589/
Luckystar;Luckystar M26;/catalog/luckystar_m26/;https://mobi711.ru/catalog/zashchitnye_plenki_i_stekla_4993/
Prestigio;Prestigio MultiPad Consul 7008 4G;/catalog/prestigio_multipad_consul_7008_4g/;https://mobi711.ru/catalog/zashchitnye_plenki_i_stekla_5477/
3Q;3Q q-pad RC9713B;/catalog/3q_q_pad_rc9713b/;https://mobi711.ru/catalog/zashchitnye_plenki_i_stekla_3514/
teXet;teXet TM-1067;/catalog/texet_tm_1067/;https://mobi711.ru/catalog/zashchitnye_plenki_i_stekla_6175/
Point of View;Point of View PROTAB 27;/catalog/point_of_view_protab_27/;https://mobi711.ru/catalog/zashchitnye_plenki_i_stekla_5406/
Google;Asus Google Nexus 7 2013 Wi-Fi;/catalog/asus_google_nexus_7_2013_wi_fi_1/;https://mobi711.ru/catalog/zashchitnye_plenki_i_stekla_4206/
iRU;iRU C1101D;/catalog/iru_c1101d/;https://mobi711.ru/catalog/zashchitnye_plenki_i_stekla_4749/
EXEQ;EXEQ P-704;/catalog/exeq_p_704/;https://mobi711.ru/catalog/zashchitnye_plenki_i_stekla_3975/
bb-mobile;bb-mobile Techno Mozg 8.0 X800BJ;/catalog/bb_mobile_techno_mozg_8_0_x800bj/;https://mobi711.ru/catalog/zashchitnye_plenki_i_stekla_3620/
Irbis;Irbis TZ07;/catalog/irbis_tz07/;https://mobi711.ru/catalog/zashchitnye_plenki_i_stekla_4590/
Luckystar;Luckystar M30PN;/catalog/luckystar_m30pn/;https://mobi711.ru/catalog/zashchitnye_plenki_i_stekla_4994/
Prestigio;Prestigio MultiPad Journey 7.0 3G;/catalog/prestigio_multipad_journey_7_0_3g/;https://mobi711.ru/catalog/zashchitnye_plenki_i_stekla_5478/
3Q;3Q Q-pad RC9717B;/catalog/3q_q_pad_rc9717b/;https://mobi711.ru/catalog/zashchitnye_plenki_i_stekla_3515/
Point of View;Point of View PROTAB 3 IPS;/catalog/point_of_view_protab_3_ips/;https://mobi711.ru/catalog/zashchitnye_plenki_i_stekla_5407/
teXet;teXet TM-6906;/catalog/texet_tm_6906/;https://mobi711.ru/catalog/zashchitnye_plenki_i_stekla_6176/
Google;Asus Google Nexus 7 Mobile;/catalog/asus_google_nexus_7_mobile_1/;https://mobi711.ru/catalog/zashchitnye_plenki_i_stekla_4207/
iRU;iRU C1101W;/catalog/iru_c1101w/;https://mobi711.ru/catalog/zashchitnye_plenki_i_stekla_4750/
EXEQ;EXEQ P-720;/catalog/exeq_p_720/;https://mobi711.ru/catalog/zashchitnye_plenki_i_stekla_3976/
Irbis;Irbis TZ08;/catalog/irbis_tz08/;https://mobi711.ru/catalog/zashchitnye_plenki_i_stekla_4591/
Prestigio;Prestigio MultiPad Muze 500150115021 3G;/catalog/prestigio_multipad_muze_500150115021_3g/;https://mobi711.ru/catalog/zashchitnye_plenki_i_stekla_5479/
bb-mobile;bb-mobile Techno W10.1 M101AU;/catalog/bb_mobile_techno_w10_1_m101au/;https://mobi711.ru/catalog/zashchitnye_plenki_i_stekla_3621/
Luckystar;Luckystar M33G;/catalog/luckystar_m33g/;https://mobi711.ru/catalog/zashchitnye_plenki_i_stekla_4995/
3Q;3Q Q-pad RC9724C;/catalog/3q_q_pad_rc9724c/;https://mobi711.ru/catalog/zashchitnye_plenki_i_stekla_3516/
teXet;teXet TM-7010;/catalog/texet_tm_7010/;https://mobi711.ru/catalog/zashchitnye_plenki_i_stekla_6177/
Point of View;Point of View PROTAB 3XXL IPS;/catalog/point_of_view_protab_3xxl_ips/;https://mobi711.ru/catalog/zashchitnye_plenki_i_stekla_5408/
Google;Google Pixel C;/catalog/google_pixel_c/;https://mobi711.ru/catalog/zashchitnye_plenki_i_stekla_4208/
iRU;iRU C1101WP;/catalog/iru_c1101wp/;https://mobi711.ru/catalog/zashchitnye_plenki_i_stekla_4751/
EXEQ;EXEQ P-722;/catalog/exeq_p_722/;https://mobi711.ru/catalog/zashchitnye_plenki_i_stekla_3977/
Irbis;Irbis TZ10;/catalog/irbis_tz10/;https://mobi711.ru/catalog/zashchitnye_plenki_i_stekla_4592/
Prestigio;Prestigio MultiPad Muze 50085018 3G;/catalog/prestigio_multipad_muze_50085018_3g/;https://mobi711.ru/catalog/zashchitnye_plenki_i_stekla_5480/
bb-mobile;bb-mobile Techno W10.1 X101BZ;/catalog/bb_mobile_techno_w10_1_x101bz/;https://mobi711.ru/catalog/zashchitnye_plenki_i_stekla_3622/
3Q;3Q Q-pad RC9726C;/catalog/3q_q_pad_rc9726c/;https://mobi711.ru/catalog/zashchitnye_plenki_i_stekla_3517/
Point of View;Point of View PROTAB 3XXL IPS;/catalog/point_of_view_protab_3xxl_ips/;https://mobi711.ru/catalog/zashchitnye_plenki_i_stekla_5408/
Luckystar;Luckystar M716G;/catalog/luckystar_m716g/;https://mobi711.ru/catalog/zashchitnye_plenki_i_stekla_4996/
teXet;teXet TM-7011;/catalog/texet_tm_7011/;https://mobi711.ru/catalog/zashchitnye_plenki_i_stekla_6178/
Google;Google Pixel Slate;/catalog/google_pixel_slate/;https://mobi711.ru/catalog/zashchitnye_plenki_i_stekla_4209/
iRU;iRU M1001G;/catalog/iru_m1001g/;https://mobi711.ru/catalog/zashchitnye_plenki_i_stekla_4752/
Irbis;Irbis TZ100;/catalog/irbis_tz100/;https://mobi711.ru/catalog/zashchitnye_plenki_i_stekla_4593/
EXEQ;EXEQ P-740;/catalog/exeq_p_740/;https://mobi711.ru/catalog/zashchitnye_plenki_i_stekla_3978/
Prestigio;Prestigio MultiPad PMP3074B;/catalog/prestigio_multipad_pmp3074b/;https://mobi711.ru/catalog/zashchitnye_plenki_i_stekla_5481/
bb-mobile;bb-mobile Techno W11.6 I900BH;/catalog/bb_mobile_techno_w11_6_i900bh/;https://mobi711.ru/catalog/zashchitnye_plenki_i_stekla_3623/
3Q;3Q Q-pad RC9727C;/catalog/3q_q_pad_rc9727c/;https://mobi711.ru/catalog/zashchitnye_plenki_i_stekla_3518/
Prology;Prology Evolution Note-700;/catalog/prology_evolution_note_700/;https://mobi711.ru/catalog/zashchitnye_plenki_i_stekla_5566/
Luckystar;Luckystar M71GS;/catalog/luckystar_m71gs/;https://mobi711.ru/catalog/zashchitnye_plenki_i_stekla_4997/
teXet;teXet TM-7016;/catalog/texet_tm_7016/;https://mobi711.ru/catalog/zashchitnye_plenki_i_stekla_6179/
Google;HTC Google Nexus 9;/catalog/htc_google_nexus_9/;https://mobi711.ru/catalog/zashchitnye_plenki_i_stekla_4210/
iRU;iRU M1002G;/catalog/iru_m1002g/;https://mobi711.ru/catalog/zashchitnye_plenki_i_stekla_4753/
EXEQ;EXEQ P-742;/catalog/exeq_p_742/;https://mobi711.ru/catalog/zashchitnye_plenki_i_stekla_3979/
Irbis;Irbis TZ101;/catalog/irbis_tz101/;https://mobi711.ru/catalog/zashchitnye_plenki_i_stekla_4594/
Prestigio;Prestigio MultiPad PMP3084B;/catalog/prestigio_multipad_pmp3084b/;https://mobi711.ru/catalog/zashchitnye_plenki_i_stekla_5482/
bb-mobile;bb-mobile Techno W8.0 3G I800AZ;/catalog/bb_mobile_techno_w8_0_3g_i800az/;https://mobi711.ru/catalog/zashchitnye_plenki_i_stekla_3624/
Luckystar;Luckystar M71GS;/catalog/luckystar_m71gs/;https://mobi711.ru/catalog/zashchitnye_plenki_i_stekla_4997/
3Q;3Q Q-pad RC9727F;/catalog/3q_q_pad_rc9727f/;https://mobi711.ru/catalog/zashchitnye_plenki_i_stekla_3519/
Prology;Prology Evolution Note-700 GPS;/catalog/prology_evolution_note_700_gps/;https://mobi711.ru/catalog/zashchitnye_plenki_i_stekla_5567/
Google;Samsung P8110 Google Nexus 10;/catalog/samsung_p8110_google_nexus_10/;https://mobi711.ru/catalog/zashchitnye_plenki_i_stekla_4211/
teXet;teXet TM-7020;/catalog/texet_tm_7020/;https://mobi711.ru/catalog/zashchitnye_plenki_i_stekla_6180/
iRU;iRU M1003G;/catalog/iru_m1003g/;https://mobi711.ru/catalog/zashchitnye_plenki_i_stekla_4754/
EXEQ;EXEQ P-744;/catalog/exeq_p_744/;https://mobi711.ru/catalog/zashchitnye_plenki_i_stekla_3980/
Irbis;Irbis TZ102;/catalog/irbis_tz102/;https://mobi711.ru/catalog/zashchitnye_plenki_i_stekla_4595/
Prestigio;Prestigio MultiPad PMP3384B;/catalog/prestigio_multipad_pmp3384b/;https://mobi711.ru/catalog/zashchitnye_plenki_i_stekla_5483/
bb-mobile;bb-mobile Techno W8.0 3G Q800AY;/catalog/bb_mobile_techno_w8_0_3g_q800ay/;https://mobi711.ru/catalog/zashchitnye_plenki_i_stekla_3625/
M-way;M-way Commander-948G;/catalog/m_way_commander_948g/;https://mobi711.ru/catalog/zashchitnye_plenki_i_stekla_4998/
3Q;3Q Q-pad RC9730C;/catalog/3q_q_pad_rc9730c/;https://mobi711.ru/catalog/zashchitnye_plenki_i_stekla_3520/
Prology;Prology Evolution Tab-750;/catalog/prology_evolution_tab_750/;https://mobi711.ru/catalog/zashchitnye_plenki_i_stekla_5568/
Google;Samsung P8110 Google Nexus 10;/catalog/samsung_p8110_google_nexus_10/;https://mobi711.ru/catalog/zashchitnye_plenki_i_stekla_4211/
teXet;teXet TM-7021;/catalog/texet_tm_7021/;https://mobi711.ru/catalog/zashchitnye_plenki_i_stekla_6181/
iRU;iRU M704G;/catalog/iru_m704g/;https://mobi711.ru/catalog/zashchitnye_plenki_i_stekla_4755/
Prestigio;Prestigio MultiPad PMP5070C;/catalog/prestigio_multipad_pmp5070c/;https://mobi711.ru/catalog/zashchitnye_plenki_i_stekla_5484/
Irbis;Irbis TZ104;/catalog/irbis_tz104/;https://mobi711.ru/catalog/zashchitnye_plenki_i_stekla_4596/
EXEQ;EXEQ P-746;/catalog/exeq_p_746/;https://mobi711.ru/catalog/zashchitnye_plenki_i_stekla_3981/
bb-mobile;bb-mobile Techno W8.9 3G I890BG;/catalog/bb_mobile_techno_w8_9_3g_i890bg/;https://mobi711.ru/catalog/zashchitnye_plenki_i_stekla_3626/
M-way;M-way Lidero-848;/catalog/m_way_lidero_848/;https://mobi711.ru/catalog/zashchitnye_plenki_i_stekla_4999/
Prology;Prology Evolution Tab-900 3G HD;/catalog/prology_evolution_tab_900_3g_hd/;https://mobi711.ru/catalog/zashchitnye_plenki_i_stekla_5569/
3Q;3Q Q-pad RC9731C;/catalog/3q_q_pad_rc9731c/;https://mobi711.ru/catalog/zashchitnye_plenki_i_stekla_3521/
GOTVIEW;GOTVIEW Smart 10 IPS METAL;/catalog/gotview_smart_10_ips_metal/;https://mobi711.ru/catalog/zashchitnye_plenki_i_stekla_4212/
teXet;teXet TM-7022;/catalog/texet_tm_7022/;https://mobi711.ru/catalog/zashchitnye_plenki_i_stekla_6182/
iRU;iRU M705G;/catalog/iru_m705g/;https://mobi711.ru/catalog/zashchitnye_plenki_i_stekla_4756/
Prestigio;Prestigio MultiPad PMP5080B;/catalog/prestigio_multipad_pmp5080b/;https://mobi711.ru/catalog/zashchitnye_plenki_i_stekla_5485/
EXEQ;EXEQ P-800;/catalog/exeq_p_800/;https://mobi711.ru/catalog/zashchitnye_plenki_i_stekla_3982/
bb-mobile;bb-mobile Techno W8.9 3G I890BG;/catalog/bb_mobile_techno_w8_9_3g_i890bg/;https://mobi711.ru/catalog/zashchitnye_plenki_i_stekla_3626/
Irbis;Irbis TZ11TZ12;/catalog/irbis_tz11tz12/;https://mobi711.ru/catalog/zashchitnye_plenki_i_stekla_4597/
M-way;M-way MD-001H;/catalog/m_way_md_001h/;https://mobi711.ru/catalog/zashchitnye_plenki_i_stekla_5000/
Prology;Prology Evolution Tab-970;/catalog/prology_evolution_tab_970/;https://mobi711.ru/catalog/zashchitnye_plenki_i_stekla_5570/
3Q;3Q Q-pad TC0703B;/catalog/3q_q_pad_tc0703b/;https://mobi711.ru/catalog/zashchitnye_plenki_i_stekla_3522/
GOTVIEW;GOTVIEW Smart 10 IPS SLIM;/catalog/gotview_smart_10_ips_slim/;https://mobi711.ru/catalog/zashchitnye_plenki_i_stekla_4213/
teXet;teXet TM-7023;/catalog/texet_tm_7023/;https://mobi711.ru/catalog/zashchitnye_plenki_i_stekla_6183/
iRU;iRU M706G;/catalog/iru_m706g/;https://mobi711.ru/catalog/zashchitnye_plenki_i_stekla_4757/
Prestigio;Prestigio MultiPad PMP5100C;/catalog/prestigio_multipad_pmp5100c/;https://mobi711.ru/catalog/zashchitnye_plenki_i_stekla_5486/
EXEQ;EXEQ P-801;/catalog/exeq_p_801/;https://mobi711.ru/catalog/zashchitnye_plenki_i_stekla_3983/
Irbis;Irbis TZ13TZ14;/catalog/irbis_tz13tz14/;https://mobi711.ru/catalog/zashchitnye_plenki_i_stekla_4598/
HTC;HTC Flyer;/catalog/htc_flyer/;https://mobi711.ru/catalog/zashchitnye_plenki_i_stekla_34/
Pulwin;Pulwin Baby;/catalog/pulwin_baby/;https://mobi711.ru/catalog/zashchitnye_plenki_i_stekla_5571/
M-way;M-way MD-002;/catalog/m_way_md_002/;https://mobi711.ru/catalog/zashchitnye_plenki_i_stekla_5001/
3Q;3Q Q-pad VM1017A;/catalog/3q_q_pad_vm1017a/;https://mobi711.ru/catalog/zashchitnye_plenki_i_stekla_3523/
GOTVIEW;GOTVIEW Smart 7-3G;/catalog/gotview_smart_7_3g/;https://mobi711.ru/catalog/zashchitnye_plenki_i_stekla_4214/
Prestigio;Prestigio MultiPad PMP7070C;/catalog/prestigio_multipad_pmp7070c/;https://mobi711.ru/catalog/zashchitnye_plenki_i_stekla_5487/
iRU;iRU M707G;/catalog/iru_m707g/;https://mobi711.ru/catalog/zashchitnye_plenki_i_stekla_4758/
teXet;teXet TM-7024;/catalog/texet_tm_7024/;https://mobi711.ru/catalog/zashchitnye_plenki_i_stekla_6184/
EXEQ;EXEQ P-822;/catalog/exeq_p_822/;https://mobi711.ru/catalog/zashchitnye_plenki_i_stekla_3984/
Irbis;Irbis TZ141142143144;/catalog/irbis_tz141142143144/;https://mobi711.ru/catalog/zashchitnye_plenki_i_stekla_4599/
HTC;HTC EVO View 4G CDMA;/catalog/htc_evo_view_4g_cdma/;https://mobi711.ru/catalog/zashchitnye_plenki_i_stekla_4261/
Pulwin;Pulwin Baby New;/catalog/pulwin_baby_new/;https://mobi711.ru/catalog/zashchitnye_plenki_i_stekla_5572/
M-way;M-way MD-003;/catalog/m_way_md_003/;https://mobi711.ru/catalog/zashchitnye_plenki_i_stekla_5002/
3Q;3Q Surf AN1008A;/catalog/3q_surf_an1008a/;https://mobi711.ru/catalog/zashchitnye_plenki_i_stekla_3524/
Haier;Haier D71;/catalog/haier_d71/;https://mobi711.ru/catalog/zashchitnye_plenki_i_stekla_4215/
Prestigio;Prestigio MultiPad PMP7074B 3G;/catalog/prestigio_multipad_pmp7074b_3g/;https://mobi711.ru/catalog/zashchitnye_plenki_i_stekla_5488/
iRU;iRU M708G;/catalog/iru_m708g/;https://mobi711.ru/catalog/zashchitnye_plenki_i_stekla_4759/
teXet;teXet TM-7025;/catalog/texet_tm_7025/;https://mobi711.ru/catalog/zashchitnye_plenki_i_stekla_6185/
Irbis;Irbis TZ15;/catalog/irbis_tz15/;https://mobi711.ru/catalog/zashchitnye_plenki_i_stekla_4600/
EXEQ;EXEQ P-842;/catalog/exeq_p_842/;https://mobi711.ru/catalog/zashchitnye_plenki_i_stekla_3985/
HTC;HTC Google Nexus 9;/catalog/htc_google_nexus_9_1/;https://mobi711.ru/catalog/zashchitnye_plenki_i_stekla_4262/
M-way;M-way MD-007;/catalog/m_way_md_007/;https://mobi711.ru/catalog/zashchitnye_plenki_i_stekla_5003/
Pulwin;Pulwin School;/catalog/pulwin_school/;https://mobi711.ru/catalog/zashchitnye_plenki_i_stekla_5573/
3Q;3Q Surf AZ1006A;/catalog/3q_surf_az1006a/;https://mobi711.ru/catalog/zashchitnye_plenki_i_stekla_3525/
Haier;Haier D85;/catalog/haier_d85/;https://mobi711.ru/catalog/zashchitnye_plenki_i_stekla_4216/
Prestigio;Prestigio MultiPad PMP7100C;/catalog/prestigio_multipad_pmp7100c/;https://mobi711.ru/catalog/zashchitnye_plenki_i_stekla_5489/
iRU;iRU M709G;/catalog/iru_m709g/;https://mobi711.ru/catalog/zashchitnye_plenki_i_stekla_4760/
teXet;teXet TM-7026;/catalog/texet_tm_7026/;https://mobi711.ru/catalog/zashchitnye_plenki_i_stekla_6186/
Irbis;Irbis TZ150;/catalog/irbis_tz150/;https://mobi711.ru/catalog/zashchitnye_plenki_i_stekla_4601/
EXEQ;EXEQ P-941;/catalog/exeq_p_941/;https://mobi711.ru/catalog/zashchitnye_plenki_i_stekla_3986/
HTC;HTC Jetstream;/catalog/htc_jetstream/;https://mobi711.ru/catalog/zashchitnye_plenki_i_stekla_4263/
M-way;M-way MD-017G;/catalog/m_way_md_017g/;https://mobi711.ru/catalog/zashchitnye_plenki_i_stekla_5004/
Ramos;Ramos W17 Pro;/catalog/ramos_w17_pro/;https://mobi711.ru/catalog/zashchitnye_plenki_i_stekla_5606/
Haier;Haier G781;/catalog/haier_g781/;https://mobi711.ru/catalog/zashchitnye_plenki_i_stekla_4217/
3Q;3Q Surf AZ1007A;/catalog/3q_surf_az1007a/;https://mobi711.ru/catalog/zashchitnye_plenki_i_stekla_3526/
Prestigio;Prestigio MultiPad Ranger 7.0 3G;/catalog/prestigio_multipad_ranger_7_0_3g/;https://mobi711.ru/catalog/zashchitnye_plenki_i_stekla_5490/
iRU;iRU M710G;/catalog/iru_m710g/;https://mobi711.ru/catalog/zashchitnye_plenki_i_stekla_4761/
teXet;teXet TM-7027W;/catalog/texet_tm_7027w/;https://mobi711.ru/catalog/zashchitnye_plenki_i_stekla_6187/
Irbis;Irbis TZ151;/catalog/irbis_tz151/;https://mobi711.ru/catalog/zashchitnye_plenki_i_stekla_4602/
EXEQ;EXEQ P-970;/catalog/exeq_p_970/;https://mobi711.ru/catalog/zashchitnye_plenki_i_stekla_3987/
Huawei;Huawei MediaPad Pro (10,8);/catalog/huawei_mediapad_pro_10_8/;https://mobi711.ru/catalog/zashchitnye_plenki_i_stekla_1672/
M-way;M-way MD-027G;/catalog/m_way_md_027g/;https://mobi711.ru/catalog/zashchitnye_plenki_i_stekla_5005/
Ramos;Ramos W41;/catalog/ramos_w41/;https://mobi711.ru/catalog/zashchitnye_plenki_i_stekla_5607/
Haier;Haier G800;/catalog/haier_g800/;https://mobi711.ru/catalog/zashchitnye_plenki_i_stekla_4218/
3Q;3Q Surf AZ9701A;/catalog/3q_surf_az9701a/;https://mobi711.ru/catalog/zashchitnye_plenki_i_stekla_3527/
Prestigio;Prestigio MultiPad Ranger 8.0 3G;/catalog/prestigio_multipad_ranger_8_0_3g/;https://mobi711.ru/catalog/zashchitnye_plenki_i_stekla_5491/
EXEQ;EXEQ P-970;/catalog/exeq_p_970/;https://mobi711.ru/catalog/zashchitnye_plenki_i_stekla_3987/
iRU;iRU M711G;/catalog/iru_m711g/;https://mobi711.ru/catalog/zashchitnye_plenki_i_stekla_4762/
teXet;teXet TM-7032 X-pad Sky 7;/catalog/texet_tm_7032_x_pad_sky_7/;https://mobi711.ru/catalog/zashchitnye_plenki_i_stekla_6188/
