Name;Cod
Чехол для Acer Liquid E700 силикон черный матовый;УТ-00011417
Чехол для Acer Liquid Z500 силикон черный матовый;УТ-00011278
Чехол для Alcatel 1S (5024) силикон черный матовый;00-00030330
Чехол для Alcatel 1X (5059D/A) силикон черный матовый;00-00015760
Чехол для Alcatel 3 (5053Y) силикон черный матовый;00-00030333
Чехол для Alcatel 5V силикон черный матовый;00-00035775
Чехол для Alcatel One Touch 585 силикон черный матовый;СН-00005713
Чехол для Alcatel One Touch 815D силикон черный матовый;СН-00005721
Чехол для Alcatel One Touch 991 силикон черный матовый;СН-00005722
Чехол для Alcatel One Touch A3 XL (OT-9008D) силикон черный матовый;00-00004836
Чехол для Alcatel One Touch Fire C (4019X) силикон черный матовый;УТ-00052350
Чехол для Alcatel One Touch IDOL (6030D/6030X) силикон черный матовый;УТ-00006479
Чехол для Alcatel One Touch IDOL 2 (6037B/K) силикон черный матовый;УТ-00006050
Чехол для Alcatel One Touch IDOL 2 mini (6016D/X) силикон черный матовый;00-00025238
Чехол для Alcatel One Touch IDOL 2 mini L (6014X/6014D) силикон черный матовый;УТ-00010149
Чехол для Alcatel One Touch IDOL 2S (6050Y) силикон черный матовый;00-00038470
Чехол для Alcatel One Touch IDOL 3 (4.7) (6039Y) силикон черный матовый;УТ-00052352
Чехол для Alcatel One Touch IDOL 3 (5.5) (6045Y) силикон черный матовый;СН-00011674
Чехол для Alcatel One Touch IDOL 4 (6055K) силикон черный матовый;00-00016632
Чехол для Alcatel One Touch IDOL Alpha (6032X) силикон черный матовый;УТ-00052834
Чехол для Alcatel One Touch IDOL mini (6012D/6012X) силикон черный матовый;00-00000738
Чехол для Alcatel One Touch IDOL Ultra (6033X) силикон черный матовый;УТ-00011561
Чехол для Alcatel One Touch IDOL X (6040D/6040) силикон черный матовый;УТ-00006486
Чехол для Alcatel One Touch IDOL X Plus (6043D/6043X) силикон черный матовый;УТ-00004615
Чехол для Alcatel One Touch M POP (5020D) силикон черный матовый;УТ-00052555
Чехол для Alcatel One Touch PIXI 3 (4013D/4050X) силикон черный матовый;00-00016884
Чехол для Alcatel One Touch PIXI 4 (5010D) силикон черный матовый;00-00008307
Чехол для Alcatel One Touch PIXI 4 (5045D) силикон черный матовый;00-00008308
Чехол для Alcatel One Touch PIXI 4 (6) (8050D) силикон черный матовый;СН-00015258
Чехол для Alcatel One Touch PIXI 4 (6) (9001D) силикон черный матовый;00-00016528
Чехол для Alcatel One Touch PIXI 4 Plus Power (5023F) силикон черный матовый;00-00004838
Чехол для Alcatel One Touch PIXI/TPOP (4007D/4010D) силикон черный матовый;УТ-00010901
Чехол для Alcatel One Touch POP 2 Premium (5) (7044) силикон черный матовый;УТ-00052358
Чехол для Alcatel One Touch POP 4 Plus(5056D) силикон черный матовый;СН-00011503
Чехол для Alcatel One Touch POP C3 (4033D/4033X) силикон черный матовый;УТ-00009751
Чехол для Alcatel One Touch POP C5 (5036X/5036D) силикон черный матовый;УТ-00009758
Чехол для Alcatel One Touch POP C7 (7041D/7040D) силикон черный матовый;УТ000003672
Чехол для Alcatel One Touch POP C9 (7047A/7047D) силикон черный матовый;УТ-00011557
Чехол для Alcatel One Touch POP S7 (7045Y) силикон черный матовый;УТ-00011555
Чехол для Alcatel One Touch POP S9 (7050K/7050Y) силикон черный матовый;УТ-00011426
Чехол для Alcatel One Touch S POP (4030D) силикон черный матовый;УТ-00051990
Чехол для Alcatel One Touch Scribe Easy (8000D) силикон черный матовый;УТ-00006497
Чехол для Alcatel One Touch Scribe HD (8008D) силикон черный матовый;УТ-00006504
Чехол для Alcatel One Touch Snap (7025D) силикон черный матовый;УТ-00010907
Чехол для Alcatel One Touch Snap (7025D) силикон черный матовый Jekod;УТ000000033
Чехол для Alcatel One Touch Star (6010D/6010X) силикон черный матовый;УТ-00006473
Чехол для Alcatel One Touch Tribe (3041D/3040D) силикон черный матовый;00-00025162
Чехол для Alcatel One Touch XPOP (5035D/5035X) силикон черный матовый;УТ-00010904
Чехол для Alcatel Shine Lite (5080X) силикон черный матовый;00-00027727
Чехол для ASUS PadFone S силикон черный матовый;СН-00000234
Чехол для ASUS ZenFone 2 (ZE550ML/ZE551ML) силикон черный матовый;УТ-00011553
Чехол для ASUS ZenFone 2 Laser (ZE500KL/ZE500KG) силикон черный матовый;СН-00003822
Чехол для ASUS ZenFone 2 Laser (ZE550KL) силикон черный матовый;00-00015460
Чехол для ASUS ZenFone 3 (ZE552KL) силикон черный матовый;СН-00015263
Чехол для ASUS ZenFone 3 Deluxe (ZS550KL) силикон черный матовый;СН-00015264
Чехол для ASUS ZenFone 3 Deluxe (ZS570KL) силикон черный матовый;00-00015461
Чехол для ASUS ZenFone 3 Laser (ZC551KL) силикон черный матовый;СН-00015266
Чехол для ASUS ZenFone 3 Max (ZC520TL) силикон черный матовый;СН-00010425
Чехол для ASUS ZenFone 3 Max (ZC553KL) силикон черный матовый;СН-00015270
Чехол для ASUS ZenFone 3 ZE520KL силикон черный матовый;СН-00016887
Чехол для ASUS ZenFone 4 (ZE554KL) силикон черный матовый;00-00003874
Чехол для ASUS ZenFone 4 Max (ZC554KL) силикон черный матовый;00-00004723
Чехол для ASUS ZenFone 4 Selfie (ZD553KL) силикон черный матовый;00-00003873
Чехол для ASUS ZenFone 5 Lite (A502CG) силикон черный матовый;УТ-00011552
Чехол для ASUS ZenFone 5Z (ZS620KL) силикон черный матовый ;00-00018961
Чехол для ASUS ZenFone 6 (A600CG) силикон черный матовый;00-00017690
Чехол для ASUS ZenFone C (ZC451CG) силикон черный матовый;СН-00003834
Чехол для ASUS ZenFone Go (ZB452KG/ZB450KL) силикон черный матовый;СН-00006859
Чехол для ASUS ZenFone Go (ZB551KL/ZB552KL) силикон черный матовый;СН-00015276
Чехол для ASUS ZenFone Go (ZC451TG) силикон черный матовый;СН-00015272
Чехол для ASUS ZenFone Go (ZC500TG) силикон черный матовый;СН-00000677
Чехол для ASUS ZenFone Max (ZC550KL) силикон черный матовый;СН-00008080
Чехол для ASUS ZenFone Max Plus (M1) (ZB570TL) силикон черный матовый;00-00016674
Чехол для Asus Zenfone Max Pro M1 ZB601KL/ZB602KL силикон черный матовый ;00-00016527
Чехол для Asus ZenFone Max Pro M2 ZB631KL силикон черный матовый;00-00026641
Чехол для ASUS ZenFone Selfie (ZD551KL) силикон черный матовый;СН-00000679
Чехол для ASUS ZenFone Zoom (ZX551ML) силикон черный матовый;СН-00016889
