Название;Реквизиты
Чехол для Huawei P8 силикон черный матовый Принт 848 (Make Up узоры);00-00004587
Чехол для Huawei P8 Lite силикон черный матовый Принт 848 (Make Up узоры);00-00014919
Чехол для Huawei P8 Max силикон черный матовый Принт 848 (Make Up узоры);СН-00008092
Чехол для Huawei P9 силикон черный матовый Принт 848 (Make Up узоры);00-00004610
Чехол для Huawei P9 lite силикон черный матовый Принт 848 (Make Up узоры);00-00004608
Чехол для Huawei P9 Plus силикон черный матовый Принт 848 (Make Up узоры);00-00025708
Чехол для Huawei View 20 силикон черный матовый Принт 848 (Make Up узоры);00-00030362
Чехол для Huawei Y3 2017 силикон черный матовый Принт 848 (Make Up узоры);00-00004211
Чехол для Huawei Y3 2018 силикон черный матовый Принт 848 (Make Up узоры);00-00026626
Чехол для Huawei Y3 II силикон черный матовый Принт 848 (Make Up узоры);СН-00014562
Чехол для Huawei Y5 (2017) силикон черный матовый Принт 848 (Make Up узоры);00-00004607
Чехол для Huawei Y5 II (CUN-U29) (Honor 5A) силикон черный матовый Принт 848 (Make Up узоры);СН-00014566
Чехол для Huawei Y511 силикон черный матовый Принт 848 (Make Up узоры);УТ-00006559
Чехол для Huawei Y7 Prime (2019) силикон черный матовый Принт 848 (Make Up узоры);00-00029387
Чехол для Huawei Y7 Prime (Enjoy 7P) силикон черный матовый Принт 848 (Make Up узоры);00-00029259
Чехол для Huawei Y7 Pro (2019) силикон черный матовый Принт 848 (Make Up узоры);00-00033755
Чехол для Huawei Y9 (2018) силикон черный матовый Принт 848 (Make Up узоры);00-00014093
Чехол для Huawei Y9 (2019) силикон черный матовый Принт 848 (Make Up узоры);00-00026931
Чехол для Xiaomi Black Shark силикон черный матовый Принт 848 (Make Up узоры);00-00025475
Чехол для Xiaomi Mi 5X (Mi A1) силикон черный матовый Принт 848 (Make Up узоры);00-00003263
Чехол для Xiaomi Mi 6X (Mi A2) силикон черный матовый Принт 848 (Make Up узоры);00-00017973
Чехол для Xiaomi Mi 8 силикон черный матовый Принт 848 (Make Up узоры);00-00015166
Чехол для Xiaomi Mi 8 SE силикон черный матовый Принт 848 (Make Up узоры);00-00015758
Чехол для Xiaomi Mi Max силикон черный матовый Принт 848 (Make Up узоры);00-00004771
Чехол для Xiaomi Mi Max 2 силикон черный матовый Принт 848 (Make Up узоры);00-00004773
Чехол для Xiaomi Mi Max 3 силикон черный матовый Принт 848 (Make Up узоры);00-00017193
Чехол для Xiaomi Mi Mix 2 силикон черный матовый Принт 848 (Make Up узоры);00-00017974
Чехол для Xiaomi Mi Note 3 силикон черный матовый Принт 848 (Make Up узоры);00-00026936
Чехол для Xiaomi Mi4S силикон черный матовый Принт 848 (Make Up узоры);00-00002542
Чехол для Xiaomi Mi5 силикон черный матовый Принт 848 (Make Up узоры);СН-00017286
Чехол для Xiaomi Mi5C силикон черный матовый Принт 848 (Make Up узоры);00-00016255
Чехол для Xiaomi Mi5S силикон черный матовый Принт 848 (Make Up узоры);00-00015602
Чехол для Xiaomi Mi6 силикон черный матовый Принт 848 (Make Up узоры);СН-00017288
Чехол для Xiaomi Mi8 Lite силикон черный матовый Принт 848 (Make Up узоры);00-00023995
Чехол для Xiaomi Mi9 силикон черный матовый Принт 848 (Make Up узоры);00-00029386
Чехол для Xiaomi Mi9 SE силикон черный матовый Принт 848 (Make Up узоры);00-00031394
Чехол для Xiaomi Redmi 4a силикон черный матовый Принт 848 (Make Up узоры);СН-00017294
Чехол для Xiaomi Redmi 4X силикон черный матовый Принт 848 (Make Up узоры);00-00004670
Чехол для Xiaomi Redmi 5 силикон черный матовый Принт 848 (Make Up узоры);00-00006102
Чехол для Xiaomi Redmi 5 Plus силикон черный матовый Принт 848 (Make Up узоры);00-00006103
Чехол для Xiaomi Redmi 5A силикон черный матовый Принт 848 (Make Up узоры);00-00006104
Чехол для Xiaomi Redmi 6 силикон черный матовый Принт 848 (Make Up узоры);00-00016508
Чехол для Xiaomi Redmi 6A силикон черный матовый Принт 848 (Make Up узоры);00-00016509
Чехол для Xiaomi Redmi 7 силикон черный матовый Принт 848 (Make Up узоры);00-00032257
Чехол для Xiaomi Redmi Note 3 (Note 3 Pro) силикон черный матовый Принт 848 (Make Up узоры);00-00014106
Чехол для Xiaomi Redmi Note 4 силикон черный матовый Принт 848 (Make Up узоры);00-00004671
Чехол для Xiaomi Redmi Note 4X силикон черный матовый Принт 848 (Make Up узоры);00-00015732
Чехол для Xiaomi Redmi Note 5 Pro силикон черный матовый Принт 848 (Make Up узоры);00-00014087
Чехол для Xiaomi Redmi Note 5A силикон черный матовый Принт 848 (Make Up узоры);00-00015215
Чехол для Xiaomi Redmi Note 5A Prime силикон черный матовый Принт 848 (Make Up узоры);00-00003890
Чехол для Xiaomi Redmi Note 7 силикон черный матовый Принт 848 (Make Up узоры);00-00028615
Чехол для Xiaomi Redmi S2 силикон черный матовый Принт 848 (Make Up узоры);00-00024021
Чехол для Huawei Ascend G510 силикон черный матовый Принт 848 (Make Up узоры);УТ-00052009
Чехол для Huawei Ascend G610 силикон черный матовый Принт 848 (Make Up узоры);00-00024196
Чехол для Huawei Ascend G620 силикон черный матовый Принт 848 (Make Up узоры);00-00008593
Чехол для Huawei Ascend G7 силикон черный матовый Принт 848 (Make Up узоры);00-00014614
Чехол для Huawei Ascend G730 силикон черный матовый Принт 848 (Make Up узоры);УТ-00006299
Чехол для Huawei Ascend G8 (RIO-L01) силикон черный матовый Принт 848 (Make Up узоры);СН-00007222
Чехол для Huawei Ascend GR3 (TAG-L21) силикон черный матовый Принт 848 (Make Up узоры);00-00004845
Чехол для Huawei Ascend Mate 7 силикон черный матовый Принт 848 (Make Up узоры);00-00004581
Чехол для Huawei Ascend Mate 8 силикон черный матовый Принт 848 (Make Up узоры);СН-00004709
Чехол для Huawei Ascend P2 силикон черный матовый Принт 848 (Make Up узоры);УТ-00052011
Чехол для Huawei Ascend P6 силикон черный матовый Принт 848 (Make Up узоры);00-00004583
Чехол для Huawei Ascend P7 силикон черный матовый Принт 848 (Make Up узоры);УТ-00000935
Чехол для Huawei Ascend W2 силикон черный матовый Принт 848 (Make Up узоры);УТ-00052016
Чехол для Huawei Ascend Y210 силикон черный матовый Принт 848 (Make Up узоры);СН-00005503
Чехол для Huawei Ascend Y221 силикон черный матовый Принт 848 (Make Up узоры);СН-00008096
Чехол для Huawei Ascend Y3 Y336 Y3C силикон черный матовый Принт 848 (Make Up узоры);00-00004589
Чехол для Huawei Ascend Y300 силикон черный матовый Принт 848 (Make Up узоры);УТ-00052019
Чехол для Huawei Ascend Y320 силикон черный матовый Принт 848 (Make Up узоры);СН-00005504
Чехол для Huawei Ascend Y5 силикон черный матовый Принт 848 (Make Up узоры);СН-00008099
Чехол для Huawei Ascend Y520 силикон черный матовый Принт 848 (Make Up узоры);УТ-00051981
Чехол для Huawei Ascend Y530 силикон черный матовый Принт 848 (Make Up узоры);УТ-00053840
Чехол для Huawei Ascend Y541 Y5C силикон черный матовый Принт 848 (Make Up узоры);00-00006213
Чехол для Huawei Ascend Y550 силикон черный матовый Принт 848 (Make Up узоры);00-00016121
Чехол для Huawei Ascend Y600 силикон черный матовый Принт 848 (Make Up узоры);УТ-00052023
Чехол для Huawei Ascend Y625 силикон черный матовый Принт 848 (Make Up узоры);СН-00007954
Чехол для Honor 10 силикон черный матовый Принт 848 (Make Up узоры);00-00015032
Чехол для Honor 10 Lite (2018) силикон черный матовый Принт 848 (Make Up узоры);00-00015034
Чехол для Honor 10i силикон черный матовый Принт 848 (Make Up узоры);00-00029808
Чехол для Honor 3C силикон черный матовый Принт 848 (Make Up узоры);УТ-00009808
Чехол для Honor 4A (Y6) силикон черный матовый Принт 848 (Make Up узоры);СН-00008101
Чехол для Honor 4C силикон черный матовый Принт 848 (Make Up узоры);00-00004592
Чехол для Honor 4C Pro (Y6 Pro) силикон черный матовый Принт 848 (Make Up узоры);СН-00015283
Чехол для Honor 4X силикон черный матовый Принт 848 (Make Up узоры);00-00004594
Чехол для Honor 5A силикон черный матовый Принт 848 (Make Up узоры);00-00004597
Чехол для Honor 5A Play (Y6 II) силикон черный матовый Принт 848 (Make Up узоры);00-00004737
Чехол для Honor 5C силикон черный матовый Принт 848 (Make Up узоры);СН-00010386
Чехол для Honor 5X силикон черный матовый Принт 848 (Make Up узоры);00-00006208
Чехол для Honor 6 силикон черный матовый Принт 848 (Make Up узоры);УТ-00047185
Чехол для Honor 6A силикон черный матовый Принт 848 (Make Up узоры);00-00004600
Чехол для Honor 6C Pro (Honor V9 Play) силикон черный матовый Принт 848 (Make Up узоры);00-00009113
Чехол для Honor 6X (Premium) (BLN-L21) силикон черный матовый Принт 848 (Make Up узоры);00-00004601
Чехол для Honor 7 силикон черный матовый Принт 848 (Make Up узоры);СН-00003052
Чехол для Honor 7A Pro (Y6 2018) силикон черный матовый Принт 848 (Make Up узоры);00-00014918
Чехол для Honor 7i силикон черный матовый Принт 848 (Make Up узоры);00-00002527
Чехол для Honor 7X силикон черный матовый Принт 848 (Make Up узоры);00-00006098
Чехол для Honor 8 силикон черный матовый Принт 848 (Make Up узоры);СН-00015364
Чехол для Honor 8 Lite (P8 Lite 2017) силикон черный матовый Принт 848 (Make Up узоры);00-00003878
Чехол для Honor 8 Pro силикон черный матовый Принт 848 (Make Up узоры);СН-00017278
Чехол для Honor 8X силикон черный матовый Принт 848 (Make Up узоры);00-00023991
Чехол для Honor 8X Max силикон черный матовый Принт 848 (Make Up узоры);00-00026930
Чехол для Honor 9 силикон черный матовый Принт 848 (Make Up узоры);00-00008323
Чехол для Honor 9 Lite (Honor 9 Youth Edition) силикон черный матовый Принт 848 (Make Up узоры);00-00014095
Чехол для Honor Play силикон черный матовый Принт 848 (Make Up узоры);00-00017661
Чехол для Honor V10 (View 10) силикон черный матовый Принт 848 (Make Up узоры);00-00023007
Чехол для Huawei Mate 10 силикон черный матовый Принт 848 (Make Up узоры);00-00017960
Чехол для Huawei Mate 10 Pro силикон черный матовый Принт 848 (Make Up узоры);00-00017961
Чехол для Huawei Mate 20 2018 силикон черный матовый Принт 848 (Make Up узоры);00-00024283
Чехол для Huawei Mate 20 Lite силикон черный матовый Принт 848 (Make Up узоры);00-00021020
Чехол для Huawei Mate 20 Pro силикон черный матовый Принт 848 (Make Up узоры);00-00025460
Чехол для Huawei Mate 20X силикон черный матовый Принт 848 (Make Up узоры);00-00025229
Чехол для Huawei Mate 9 Pro силикон черный матовый Принт 848 (Make Up узоры);СН-00015355
Чехол для Huawei Mate S силикон черный матовый Принт 848 (Make Up узоры);СН-00007225
Чехол для Huawei Nexus 6P силикон черный матовый Принт 848 (Make Up узоры);00-00001309
Чехол для Huawei Nova силикон черный матовый Принт 848 (Make Up узоры);СН-00014556
Чехол для Huawei Nova 2 силикон черный матовый Принт 848 (Make Up узоры);00-00000049
Чехол для Huawei Nova 2 Plus силикон черный матовый Принт 848 (Make Up узоры);00-00003875
Чехол для Huawei Nova 2s силикон черный матовый Принт 848 (Make Up узоры);00-00026737
Чехол для Huawei Nova 3 силикон черный матовый Принт 848 (Make Up узоры);00-00017794
Чехол для Huawei Nova 3i (P Smart Plus) силикон черный матовый Принт 848 (Make Up узоры);00-00017796
Чехол для Huawei Nova 4 силикон черный матовый Принт 848 (Make Up узоры);00-00028639
Чехол для Huawei Nova Plus (G9 Plus) силикон черный матовый Принт 848 (Make Up узоры);СН-00011508
Чехол для Huawei P Smart (Enjoy 7S) силикон черный матовый Принт 848 (Make Up узоры);00-00017962
Чехол для Huawei P10 силикон черный матовый Принт 848 (Make Up узоры);СН-00016021
Чехол для Huawei P10 Lite силикон черный матовый Принт 848 (Make Up узоры);00-00004855
Чехол для Huawei P10 Plus силикон черный матовый Принт 848 (Make Up узоры);00-00015596
Чехол для Huawei P20 силикон черный матовый Принт 848 (Make Up узоры);00-00015264
Чехол для Huawei P20 Lite (nova 3e) силикон черный матовый Принт 848 (Make Up узоры);00-00015036
Чехол для Huawei P30 Lite силикон черный матовый Принт 848 (Make Up узоры);00-00015265
